timestamp,temperature,pH,OLR,HRT,TS,VS,C_N_ratio,ambient_temperature,moisture,methane_yield,VFA_ALK_ratio,stability_label
2026-01-01 00:00:00,34.47352173878765,7.107073592707549,4.035052183143299,24.788235309214425,8.880424872402784,7.199738386715198,27.99206882464005,27.365660495705317,79.75587762507375,173.95025846372613,0.2597082889861043,Stable
2026-01-01 01:00:00,35.798467596634225,7.251949377036892,3.954209428092585,28.28441755620196,9.620472345870025,6.991291077712415,18.723004308299334,25.83808585329058,76.78704540907695,182.9275464851652,0.21693888165033356,Stable
2026-01-01 02:00:00,36.63499582436844,7.095986478736664,3.8031473711454575,29.18099057840434,7.01848811180496,4.655019959023588,24.284199156194372,28.072649493081478,77.19250678353885,187.5983334292337,0.1641669286021725,Stable
2026-01-01 03:00:00,34.99166158259311,7.372718974572656,3.455191833264607,25.541088008152663,6.724492876599482,5.053898144522263,30.02838441076893,28.386775995785726,80.39521626492976,184.08370170431678,0.16052644764305685,Stable
2026-01-01 04:00:00,31.27089013996242,6.970658147005231,3.0067174997965114,29.779167865404418,9.864595564675971,7.104767699085999,18.26280530117746,25.002769907626995,81.34270127084119,183.38985598872748,0.1631722610390539,Stable
2026-01-01 05:00:00,30.572215987357573,6.728049342470329,2.7887730200004843,28.65615200940121,7.984438865370076,5.76269978898716,29.199868309722792,25.867208585452452,83.03571488485007,174.00060122244818,0.16174659256961268,Stable
2026-01-01 06:00:00,36.25038332677156,7.65355310307169,4.367429145071252,30.564751148461312,6.59497656598616,4.986743769605103,31.286343535450733,27.668916971037916,83.77190368903226,156.30530194775275,0.2658895371573932,Stable
2026-01-01 07:00:00,34.51237401918175,6.930702553768115,3.9736032037949425,29.92151327738781,11.430682584628125,8.778844893068099,23.00007513673101,27.221549113684464,77.24239964060217,184.286788266055,0.2027946734707468,Stable
2026-01-01 08:00:00,,6.94083621655903,2.8800218295996816,32.84989098053626,8.236410654145816,6.028662350293672,22.45646121442674,27.666232471561177,81.25308235424194,181.91906505500145,0.1717034907418611,Stable
2026-01-01 09:00:00,33.676461644694314,7.081575070099788,3.4298738261673507,24.15153416716875,11.799623207730715,8.57434467361218,28.648924885588016,26.74789139023311,76.44698824596429,184.37288173686395,0.16781836760139418,Stable
2026-01-01 10:00:00,35.109675232232874,7.118810710703114,3.17491368026124,18.364709788192457,9.556941582218855,8.061230356251409,23.162413312367164,28.91174329074278,75.68043135224498,176.1621940627024,0.18915398604334724,Stable
2026-01-01 11:00:00,40.02583905607228,6.99172858010328,2.553841970720687,28.318593718427103,10.089517724110607,8.031563535390731,13.410929846872085,28.87448387173096,75.6467275287583,176.3924783508035,0.2090368624986351,Stable
2026-01-01 12:00:00,32.69920211262993,7.095118508854277,3.5332385324659765,28.902765946613883,9.077000507806295,7.042345790231257,23.555424323896894,28.104759336416556,77.40504717829945,183.91325979850353,0.1835231980635369,Stable
2026-01-01 13:00:00,34.57959541391436,7.088866575200111,3.088380501820603,32.8499769669057,4.189675510908606,3.088697191571975,26.11681785687553,29.462297013382468,87.31372218068222,177.5376368023709,0.13315765260832815,Stable
2026-01-01 14:00:00,38.9743143269436,7.148949411565826,2.6855975002782357,31.40645178084853,7.226427017892592,4.875555567950213,27.330377341121107,28.754375040732203,83.46529980990852,191.13164681459278,0.12242856081498893,Stable
2026-01-01 15:00:00,37.959141835048975,6.439903511483551,2.2906505843936786,34.727362279322826,9.248581080562552,7.324934030779474,20.037168758616346,27.24561552012105,76.05172501112038,179.71811100718307,0.15304268140945101,Stable
2026-01-01 16:00:00,35.312325851118246,7.626645365962197,2.2271473748457464,28.099269901632667,10.22945827458541,7.548687342868889,22.785894962373263,28.802291728569525,77.90401951395509,181.69452741815022,0.22050782376736355,Stable
2026-01-01 17:00:00,34.02758139779043,7.058759272210324,3.12143040422902,26.14405295969314,5.920651955223759,4.134129000553086,28.396082688685347,27.291753043408246,81.07283018789443,181.94512544090142,0.1272630414181152,Stable
2026-01-01 18:00:00,38.8112172779568,7.262574333445156,3.336178772181313,18.075084393371267,9.392796584279077,6.7311342213160055,23.73000620363998,29.57874648485017,78.2194520674692,190.6295591982733,0.19966905145134334,Stable
2026-01-01 19:00:00,31.892237621387697,6.714131624370473,2.743524392378263,26.540482672570402,7.255471825571937,4.910938361344032,17.12067902717589,28.546437215278317,79.4044211270475,174.39184183703682,0.1144162898338202,Stable
2026-01-01 20:00:00,32.74339229270514,6.96811992685021,3.888054570742921,22.23748321564341,9.969240330179309,7.857287644599145,29.569371043291692,28.465779661716255,81.5449887268364,192.53687354791063,0.21613961569867682,Stable
2026-01-01 21:00:00,35.38979835589571,6.911751557430284,3.3508400936627782,26.057550067162353,9.46119842860035,7.2621040686411735,23.036500399302398,27.95126515759713,78.49153522921556,193.0429018533619,0.19970895465491595,Stable
2026-01-01 22:00:00,41.415453453120456,7.511522654062392,3.8326639829489877,25.27256593154828,10.987003204859146,8.130270143577691,28.91048449731621,30.315672320862202,77.55338880664404,190.78601281226457,0.1680731012374193,Stable
2026-01-01 23:00:00,35.87142147640199,6.935972190085953,3.2628169073592193,27.358667944250676,11.633645860375037,8.46518510644186,17.720444868600527,28.742881652735473,76.92699965495827,186.71448845448953,0.1657630925124776,Stable
2026-01-02 00:00:00,36.69532014290445,7.312262396343225,2.8096617735946703,24.513346452307445,10.417979798548059,7.215109549242174,23.455559635849117,28.493446559434137,75.0125947640494,191.3640198261502,0.18644886487492618,Stable
2026-01-02 01:00:00,38.93098629760374,6.917882273251505,3.4855881783539604,29.675100953662923,11.22078717794115,6.876614590392753,26.293812106547556,28.66340775247571,77.05059706666017,193.32468301224336,0.1915499992269021,Stable
2026-01-02 02:00:00,42.01641845197247,,2.4529941159862583,11.38422843562471,8.799315048152323,5.739696595446591,23.607848123245553,29.802648985416177,81.85647700631478,185.04666660492077,0.19414473880859348,Stable
2026-01-02 03:00:00,36.52598263964232,7.031245953743808,3.8045788904774858,25.949967875789223,15.146234822534291,10.438095981827939,18.67647208955553,29.67967958593895,76.53549264116747,196.01499851686964,0.17952862589818108,Stable
2026-01-02 04:00:00,37.77935704096259,7.459476635512203,2.69713809511515,31.01244889576281,7.062361807010237,4.808669277197142,13.259385119204184,29.81303048842944,78.06810077369116,178.41891676940887,0.16958700238382166,Stable
2026-01-02 05:00:00,41.554764846874086,6.570841255471566,4.088674394900087,34.35024254228107,8.444488444181358,6.298869199044822,30.85469308276512,29.9106544041884,75.75900846234681,174.63979181109445,0.1913509335652556,Stable
2026-01-02 06:00:00,36.994456321461584,6.731614204523159,3.146158190318564,28.659806691925315,11.302717165493785,8.755448164400558,25.116171908555962,32.03885487184444,76.85261928461001,187.65372548276665,0.19968125191324737,Stable
2026-01-02 07:00:00,39.11081884070663,6.554754553606851,4.196900137232437,33.4244151129127,11.005442609721985,7.956228930212141,29.25060473756012,29.05565669959898,79.7675263296156,185.9370177514941,0.14049788335553104,Stable
2026-01-02 08:00:00,34.96575569721939,6.795499406466794,2.5580326085587632,25.84467997879371,10.474778038284697,8.458283037285584,28.17901094712202,29.002386761941906,78.42421309742453,197.1844575464413,0.1638106425034921,Stable
2026-01-02 09:00:00,36.91844331800036,6.872751985666209,2.8916727244533846,25.014312879635316,10.850637315986216,7.453743584078841,26.685810717538107,28.713498583794046,78.85010287421329,192.5075641227371,0.1785082239382384,Stable
2026-01-02 10:00:00,38.016113778128144,,3.6857012101364277,27.64707821613876,5.3328856907879185,3.8532523340658287,22.553981901838196,30.50135187292869,79.26649175694577,171.2472478448522,0.25613943919941706,Stable
2026-01-02 11:00:00,37.2722523313182,6.894438630947892,4.277872820070066,24.984028585544674,12.67859738907567,9.21982156853165,26.20395116537608,31.18827553272066,73.89143390024935,179.7200605722932,0.24806892034557645,Stable
2026-01-02 12:00:00,35.80106056276661,6.535879945338643,4.649956681236191,21.088212659913196,9.09221808226677,7.183490995907549,30.44641625866826,29.767264418083155,73.41750115325098,175.08784291895088,0.2874917797606966,Stable
2026-01-02 13:00:00,37.51827439095629,6.814963157345049,3.4310246227606545,22.423798779340505,11.991788364541703,8.8238431574532,24.373549177231908,28.965445662448783,75.6519915123434,191.48560900902868,0.22070777907850392,Stable
2026-01-02 14:00:00,39.04408554807151,7.436117711974855,4.778309223090067,19.439235469619213,5.432946842064088,4.0059631993968425,32.55765469979636,29.053006891746143,77.15650455582774,171.34561841399747,0.3277151781047043,Warning
2026-01-02 15:00:00,38.63147268121697,7.213004659678709,3.182751587630927,27.641885474326223,10.013137006962381,6.398230619124388,17.252601510899147,30.890945087593977,81.31851724763881,173.05219277474083,0.16179346034477454,Stable
2026-01-02 16:00:00,39.20929282736145,7.152490948208308,4.224075716772229,25.056959062502386,8.372995441710303,5.697866359868282,16.76891124931899,31.069066509895016,83.51405822806204,172.08099932526136,0.1899895894994965,Stable
2026-01-02 17:00:00,,6.819222004241848,2.693364252280521,23.198569416209512,10.644240303162606,8.4119022862206,28.446338465337274,30.89493292714114,77.7073684269918,190.97516524979088,0.12564914101066163,Stable
2026-01-02 18:00:00,35.56632389643904,6.669896211467477,3.7151503801474406,22.166581215813547,10.134140904937691,6.2411732597148735,20.31565678565605,29.509561442464957,74.08442632586748,173.7742130937905,0.24982222956160757,Stable
2026-01-02 19:00:00,40.13019669867064,6.781036298850401,1.6437302193576657,27.52528173099813,10.232095594998357,8.225219390516584,33.19501614192951,30.65081168184479,78.70718603978459,165.72454640080483,0.17697774622629542,Stable
2026-01-02 20:00:00,40.2139730012067,7.087901248469115,2.558806741260157,28.90224090305035,7.3821166235370175,5.591817119337532,30.018036170548246,30.57528680708721,85.26571477261534,169.96937874506662,0.15053906839966122,Stable
2026-01-02 21:00:00,43.96697054883387,7.343089498323467,,19.347430017474085,9.386061758362779,6.4659296091504705,31.14407178041119,30.75971795133305,79.80327699085453,175.64272314996202,0.20511272273529615,Stable
2026-01-02 22:00:00,38.85178926382754,7.352662876797889,2.415670860849607,18.56157665112191,9.139665904141317,6.253700378709666,27.979963374980628,31.603997644946702,81.822794072086,191.10940656174836,0.19087707645867863,Stable
2026-01-02 23:00:00,37.970371246672926,7.276571461495333,3.7202122080918882,29.772549778105073,10.490620083414864,8.752088731914354,19.852873693483676,30.88653485000918,76.29646663734458,195.45763149816483,0.2068126213533588,Stable
2026-01-03 00:00:00,41.02971313365369,6.893484078060975,4.079843590609272,18.124333807557022,11.478593990866933,9.270426094823977,16.532962799391637,31.4917813905062,74.34338088954962,194.80393277193969,0.25990272736016734,Stable
2026-01-03 01:00:00,40.45416365969372,7.106873953073117,3.0240098554612915,27.737434169112422,9.800951844017229,7.090310017376523,30.7288260113506,30.815955321869446,78.02189313307615,207.86748669533955,0.12542862813312397,Stable
2026-01-03 02:00:00,38.06829801406737,7.010024091589571,2.6732852832443514,33.084545993770064,6.947655423222803,5.123218791700437,17.251943072945743,31.138472320820796,76.23558118942537,204.28942503638393,0.08661523354691639,Stable
2026-01-03 03:00:00,38.79829465156584,7.04366686622147,3.044360038108946,33.09617401696567,9.715157619133537,6.746788604519058,31.13198559477384,31.604620005425936,83.94506378415133,201.9644548836309,0.11819183569834446,Stable
2026-01-03 04:00:00,38.235153947963155,7.670395811148747,2.6756407606118606,28.689362953160458,14.722152456818524,10.856308358343602,27.0132664210321,29.152892271527076,73.62697265938272,186.52842960905568,0.12290952566467578,Stable
2026-01-03 05:00:00,36.9159543426858,6.606639933638988,3.324089831488062,28.544047576610602,12.792010653975572,8.864035703385914,23.65686305780954,30.571122824155125,77.37492173194195,182.684804811552,0.13797087148881446,Stable
2026-01-03 06:00:00,37.621290279692,7.034290491541767,3.4765679686660613,36.25953725098228,4.0,2.9027205346816802,25.9892145795089,30.442358255722027,82.84622867900949,181.12454917635705,0.21955616990439555,Stable
2026-01-03 07:00:00,38.470227411881666,7.439289694014923,3.1704924076773935,13.328021685531146,9.62668630738969,7.985992022257032,26.09380920952095,30.291041877144796,74.51559776796459,185.50410577819957,0.11613922784345512,Stable
2026-01-03 08:00:00,40.76908943468457,6.6895503813906085,4.655769430140116,22.678321619596826,11.364239050510689,8.23613255838559,23.089153251358137,30.77721206504005,80.2002980261915,178.72939722163088,0.29286011177706484,Stable
2026-01-03 09:00:00,39.74058547295123,6.91975072092545,2.8604471352347685,29.242459245383007,9.135345974864041,6.1422302255443135,30.41559255713691,32.94978270531031,76.05440332194438,180.5099709715691,0.19326204679475117,Stable
2026-01-03 10:00:00,34.47932576527916,6.95186922068106,4.443574884441484,23.313564960790213,8.579818159712232,5.618489952527573,30.261303872697905,30.1640946893405,80.29227874921088,186.6842558202546,0.2926835399827933,Stable
2026-01-03 11:00:00,36.577824548110996,7.037478877824884,2.6190705727659145,31.198891543035174,8.966071569833023,6.607918326046069,24.700466858194236,32.41101948314742,80.14164045846562,178.86574304797324,0.16323182617585033,Stable
2026-01-03 12:00:00,34.75554993202778,6.653131995310259,3.4545831774561617,24.803229698449037,10.604378970869304,7.297411517090908,21.300025259848628,29.274376065440048,77.5804992883279,180.14077334917542,0.25083284910053744,Stable
2026-01-03 13:00:00,36.30908430126518,7.2666800968946506,4.2873290564110516,25.658719301687988,7.203060051249983,5.35593018564148,29.87679319981931,30.935419737665054,78.83547935829452,183.2046560505279,0.30524617252388897,Warning
2026-01-03 14:00:00,39.2655406866074,7.28656043910368,4.248517864189989,23.62662667877031,11.877377303218742,7.612535720904716,14.898478289375312,31.57476220384722,75.74854210421569,188.6852962802701,0.23656860367976423,Stable
2026-01-03 15:00:00,37.746044040152746,7.242345091005025,3.0848065767248234,22.387445205959697,9.388014016603861,7.2096545187306775,25.997516731550952,32.123804347347956,76.23685891829018,198.57830095309558,0.20172574724992365,Stable
2026-01-03 16:00:00,38.90786870840677,6.856295371198497,3.8163022900535086,22.26445018426174,7.629951451776901,5.124969202150843,27.328087986940147,32.31337862804917,82.39299277962044,185.28841808389575,0.27314275160099755,Stable
2026-01-03 17:00:00,38.901999260537025,7.124223021420442,3.7158843127481695,26.35583148418388,11.74870032279739,8.60646753001799,20.272416743498944,32.450171030501124,77.68016699594814,203.22367753774114,0.1765735820916691,Stable
2026-01-03 18:00:00,38.23558325561907,6.848156732920655,2.995045616055445,21.127175170885664,6.409738189776718,4.559844950646791,28.38203469346941,31.116598977315054,81.53675572747854,204.40733138135656,0.1759614020725459,Stable
2026-01-03 19:00:00,41.66082645277543,7.006872934983976,3.8619624528610554,29.76602441745644,8.389579805996831,6.917304131900733,23.88126362407518,31.015817789729187,78.1895415147656,198.46680039041306,0.18388239377800158,Stable
2026-01-03 20:00:00,41.9583226749528,7.702971019607846,4.79686912903928,28.266129623014116,8.35664986942967,6.179173528514824,21.544349451228967,32.63442749609176,84.91164488002536,168.15471424864984,0.28701712075112346,Stable
2026-01-03 21:00:00,39.44040205859005,7.126794705726951,3.7537754987969727,30.497082204849203,13.78788387647226,11.540472001629356,28.334505028486525,31.408143228038046,70.9569561581444,191.04972934090284,0.130015236655658,Stable
2026-01-03 22:00:00,37.216309994947444,6.767492558723591,3.824767284303003,19.355378220035007,8.129958462721113,6.185604360930084,19.114420070860128,30.13836255610912,76.00850879512679,179.13434071754102,0.28162927886088734,Stable
2026-01-03 23:00:00,37.47287031965926,7.150493895385895,3.9041162336505306,16.50261726606778,5.19006955899979,4.195638351833508,27.911370014537457,30.3393356329053,82.60491548943014,177.52047030648757,0.24931816271999913,Stable
2026-01-04 00:00:00,39.280132133837675,6.721497140702273,2.3042675444836447,24.97907122184118,8.336369769441717,5.989815883615881,15.07944203781335,30.624639193933778,79.01851191413101,153.54603249987323,0.19852377880433572,Stable
2026-01-04 01:00:00,41.52021362104486,6.7642770900957965,3.7451685049047168,39.49400306779761,10.411100694809557,7.797942194334389,25.285670010290385,32.35187547434028,80.3328554420764,171.8523733950237,0.09182927565569217,Stable
2026-01-04 02:00:00,38.136850004043005,6.8084855219343385,2.6374303188711044,31.331043890472852,11.068169093167208,8.82161186992819,24.197297802960723,31.952085016244204,78.54712204419947,179.0669473653404,0.12084926065428553,Stable
2026-01-04 03:00:00,40.707192855471284,6.975593353385208,2.95758479447665,22.227768457466436,14.053079386885544,10.958209022393639,21.571369049104078,32.63423134424282,74.02073458056955,186.77072763889333,0.23372243522375025,Stable
2026-01-04 04:00:00,35.25275737534437,7.3623513187649765,,27.122560672156705,12.313795141971763,9.348690288352472,25.75331190550055,31.31599651267043,76.93704931507692,202.67740563580736,0.2743255347306992,Stable
2026-01-04 05:00:00,40.46399480689079,7.261951495444714,3.2100537927558923,28.637934537218417,9.875845187830304,7.031242136899148,23.641934417844954,32.04056723854959,79.32956918279383,202.40045763931465,0.11421204496104928,Stable
2026-01-04 06:00:00,42.14550923254028,7.246438691909251,2.8448694217793293,18.158058796335695,7.717169064850445,5.56614163979814,28.74613032287496,32.62121074862291,85.54172273560442,201.25703634816708,0.19039267198008542,Stable
2026-01-04 07:00:00,38.95788860610225,6.792301121634647,4.264436934176044,31.848129345173025,12.748054862694717,10.103743783350339,26.520679449615457,31.518025859864,75.88535361354387,206.39486550500737,0.2493087567907809,Stable
2026-01-04 08:00:00,44.08771662870715,6.948431980478018,2.689242247868217,24.162879365895297,8.762872899347537,7.045569922878005,26.037124047934586,32.45466263642694,77.53443426895372,216.7924956938332,0.19484181955741245,Stable
2026-01-04 09:00:00,37.365581059608374,7.176160309927292,3.064435641857742,24.546595776960697,8.183685527570791,5.707241317567357,25.31337541602092,31.12805795448048,80.31256722199974,199.64533352508158,0.1720108760387699,Stable
2026-01-04 10:00:00,39.935963426698365,6.924070404091244,4.336789125989625,25.118923297169278,8.66585239569186,5.971580446919835,21.875250945538312,31.501082596091845,72.78744907113254,199.4622322532752,0.2870780905389975,Stable
2026-01-04 11:00:00,39.41992750930686,7.0220573967156925,3.4320756739809695,30.722700696539473,6.995423522206381,4.7587952388778705,22.641884025109363,31.491577002638774,80.92295762424271,198.15524842348205,0.15442860733300215,Stable
2026-01-04 12:00:00,38.325508137495994,7.223580433908386,2.228802216155103,21.22408920899296,8.569959817658049,6.647148218452522,25.116971280994,30.52610347238281,82.16249636010693,205.55400978603632,0.2011275639418599,Stable
2026-01-04 13:00:00,40.326812175402964,7.0023436492636355,3.8079922107419644,16.46514997607774,9.033783340043168,6.132844659920307,23.219882308017887,32.55545651141246,80.47167695713289,210.6308746649602,0.23092300342537395,Stable
2026-01-04 14:00:00,39.630522232511574,7.163296684948567,3.102650588465118,26.614776464500224,10.961313211624237,8.494669030381926,29.00153773694848,31.416312172492628,77.78507689748996,221.76436884327933,0.16828277121041638,Stable
2026-01-04 15:00:00,41.6975352949414,7.545963967685479,4.554888614897684,14.781709569134357,8.723823329797963,6.630218868791562,24.420525852946888,32.001617808014004,80.89927455912827,202.1323588488777,0.260281339168256,Stable
2026-01-04 16:00:00,43.324545569014404,7.05187953628364,2.9453597892744,23.4944820243223,6.96508151632297,4.8756960047717905,25.69184973521309,32.56907309646491,83.79305984587133,195.38398340841093,0.16435698850580266,Stable
2026-01-04 17:00:00,40.52758697842604,7.430214586721378,4.188419480294445,30.93437144929409,6.2924556894866,5.1347210023602186,17.687922297469974,32.53208746743435,85.27062782875886,187.35167629297146,0.2256326891974671,Stable
2026-01-04 18:00:00,42.42793678501006,7.25662361884606,4.731773524274286,27.89546951754369,9.919139495046233,6.443232576580597,28.244536224271698,32.797304640666795,79.1995002556774,191.4683419829565,0.2501351324792103,Stable
2026-01-04 19:00:00,38.47823722473608,6.689172241823705,2.761792582141322,30.21178032862638,9.64525170693845,7.9213972762948375,21.384718828465456,31.881771117269643,77.56446970677982,182.43709341005746,0.18841700557700014,Stable
2026-01-04 20:00:00,41.02353622427317,6.791401631806213,3.2550902344313553,28.101756826014146,8.391374577573664,6.272877432019524,19.308058879664788,31.491625318820702,73.8248204460269,170.77952465243015,0.16251997697463186,Stable
2026-01-04 21:00:00,38.378086502695126,6.866593152740428,3.6914689556083378,37.05167244391704,8.565087079015859,5.275745473171047,31.407837041006573,31.902069550349108,81.88034648850346,173.06644685274358,0.23196728338427283,Stable
2026-01-04 22:00:00,40.1509171293518,6.86064622325882,2.756990685584369,22.058801861715924,10.27697386559834,8.401974719685219,27.13929685094666,29.969597257175533,79.01103241841142,179.15053191699212,0.16380856424887721,Stable
2026-01-04 23:00:00,42.67433259220574,7.0747188710900915,3.602721210030873,26.990658385041616,12.281092507378695,9.621888273950027,28.39693073501299,30.253050837419256,76.1005562114108,190.7861809363912,0.23083557905347782,Stable
2026-01-05 00:00:00,38.15188719800278,7.27210033346291,3.231309784370506,22.809397643936748,7.939710831712024,5.60899567539147,26.04523282308293,30.396054973945567,78.34016043030239,194.4904245526944,0.22710424152426684,Stable
2026-01-05 01:00:00,34.39374338076689,7.451444356677322,3.216199321304976,29.784006349574355,9.677805672430866,6.551297342151317,23.5808214184333,30.77883036238171,80.73507433592053,198.45749864155016,0.1806701178301172,Stable
2026-01-05 02:00:00,39.34986745191554,7.186289024843023,3.4367037945310837,24.69212561974752,11.416540808010648,7.348842491713991,22.741781963746813,32.44601331840519,75.94036812741902,189.06423468401823,0.2001821335954113,Stable
2026-01-05 03:00:00,41.332745722113806,6.975209724305101,3.453448536683923,33.59422439722022,7.9477714196055,6.857730904685798,27.505995834555016,30.8689954535352,79.96617330277954,193.58013636517333,0.1468893757386416,Stable
2026-01-05 04:00:00,40.59574646036493,6.5169724517836345,3.52291057680703,22.345920222990117,9.468735770873389,6.431297868724693,29.09633569007232,31.489592886314437,78.391292756206,168.81447657757195,0.2001193161858079,Stable
2026-01-05 05:00:00,41.986641904512496,7.119765081116855,2.9508802409074115,32.03563262858492,9.424008793824667,6.224582584887992,23.693173134333694,33.48881470716243,79.70062050158907,176.95199446729438,0.15794129943888452,Stable
2026-01-05 06:00:00,41.50445270653587,7.107215654234597,2.983621206737685,27.965697652719854,6.877409529912962,5.121851381484303,33.326442891153604,31.487115994626198,78.25101044251171,182.3204992385612,0.1606530428646922,Stable
2026-01-05 07:00:00,41.7519940188848,7.151220050990908,3.311059308381377,24.837694654565098,9.836997589531245,,23.11206652630136,32.783087140387956,79.56938206523712,191.07424769604302,0.23092508507479206,Stable
2026-01-05 08:00:00,41.195161912052264,7.689747283356933,3.3664317690731536,27.71221168929962,9.563089357208863,6.46479030341119,17.726961997995126,30.75971153714999,76.63468975077106,170.03225256711605,0.17772192055034644,Stable
2026-01-05 09:00:00,41.452913266998124,7.44736703293406,3.0708629950400375,26.30632193764596,10.610168499192115,8.326046498495382,16.253147665527106,31.614065913704152,75.67532223356,179.60847363734186,0.16343884937382247,Stable
2026-01-05 10:00:00,41.74306335470154,7.319817057109995,3.6429547315645134,26.77977340125905,7.126227050678575,5.3840896023861,16.40501084454303,30.699662449227624,83.0868730682158,181.53923846772625,0.14671432580951488,Stable
2026-01-05 11:00:00,40.12810521955258,6.830618403579952,2.0389286884936024,23.965644634528047,9.51994077052245,6.7472547102088445,22.137846933423774,31.41051305174007,75.99248807673862,188.6034923589992,0.2014754100620248,Stable
2026-01-05 12:00:00,42.61247765287327,6.956361470224912,2.852150305818286,21.492057462225045,12.263468127311617,8.96467941443809,22.955918904992476,32.80195884988536,77.94513787521456,205.53381758254363,0.20194815230398927,Stable
2026-01-05 13:00:00,37.081366329149844,7.073443510060019,3.190054130347859,23.324644400187346,13.654999663824572,9.635843332829603,27.071698369559513,29.695620475321412,74.5984171479477,212.8163621553838,0.22115492714725246,Stable
2026-01-05 14:00:00,39.06019464919787,6.882886005277101,2.757913609727046,16.584275110258886,12.060258537943218,8.76286470416083,23.87126384135803,32.263116272315884,71.8190495898816,208.25256755926657,0.2200783213411068,Stable
2026-01-05 15:00:00,43.41262372058878,7.240130066995833,4.621898511106668,29.209741662663127,7.145856988699515,4.9170668661832355,27.795169655853833,31.999088439750835,84.26533264041673,194.90704225471032,0.2777106632096135,Stable
2026-01-05 16:00:00,39.403836137286376,7.199934477780397,3.4141463850437135,18.824180139122603,10.402105364087253,7.261572836187612,24.20201774680272,30.971426784641004,78.37352895407149,204.36719530029183,0.23366593002633498,Stable
2026-01-05 17:00:00,39.528111361648506,6.795273817944686,3.5325772586694275,23.911764723821502,8.533706850077772,5.942981849250743,24.060846417570897,29.91835022992375,80.45160781464689,185.92642621493894,0.2303939330324648,Stable
2026-01-05 18:00:00,39.95548904904489,7.435108678546914,3.0375769690259045,28.240225207405167,10.067801186259842,6.947564614974173,21.401183066961988,31.70800902022211,80.45030459020205,192.44074611916463,0.1961212799486887,Stable
2026-01-05 19:00:00,37.77949557758048,7.12864689346648,3.388165809720279,29.196983585499556,7.955566588446152,6.264333299007828,30.40164807179016,30.952526879420407,83.7924852729571,192.2969759875842,0.11580515293547837,Stable
2026-01-05 20:00:00,39.85420038926153,6.615860078912169,2.4885599017729496,16.126740315813805,6.0730531162954,4.690561785406941,17.108320665399024,31.832234604096726,82.42951412424492,168.19101454018784,0.1502218436680895,Stable
2026-01-05 21:00:00,42.41498962178699,7.085623999663408,3.2726372229286946,24.54075962387461,8.810965522600334,5.980178697820005,25.35589630821247,31.543001586251556,80.73225278363984,173.99797708298487,0.14341974553349035,Stable
2026-01-05 22:00:00,42.511811271818495,7.178737807658413,2.697243678553183,27.29872349724411,10.94520539322003,7.270991241163522,23.18257292212845,33.401331123259645,77.98275943332352,188.04007189506294,0.20997716542946718,Stable
2026-01-05 23:00:00,35.73011354071892,7.372381861202007,3.191947311432878,25.260080546311634,10.075999510947623,7.268320077132048,27.517895688770253,31.153059860179834,77.06683122229818,190.59357976863203,0.15827614948278193,Stable
2026-01-06 00:00:00,37.74137511556913,7.005506607124547,1.4800625752731271,31.720374788367725,10.305895719828706,8.744973183356622,23.90626769479868,30.17186402872144,73.73551352293343,193.5196356118749,0.13073958035967437,Stable
2026-01-06 01:00:00,43.13824994090361,7.3318227148852175,2.5539975936673556,20.89096550042699,9.932700645958755,6.6894376238162385,24.03889667527154,31.57366235549419,78.60460450180176,203.0797776742184,0.18440581319857907,Stable
2026-01-06 02:00:00,39.15211293731576,7.15239975629566,4.49794480338575,14.754794349049016,10.309054949691422,7.434196203176819,22.8001216996063,31.579706661015674,81.13828962691997,192.72738925653678,0.219801379150308,Stable
2026-01-06 03:00:00,37.301678555569296,6.731784709469477,4.022798311830656,29.051630083842607,10.559023518173404,7.759611219690862,30.269653818593987,32.90263593903766,78.89930889022074,190.51623238798263,0.23504595940563233,Stable
2026-01-06 04:00:00,44.0144765527079,6.703753303424896,4.389279501936423,22.314569401907562,8.950637142090763,6.480482196424926,24.010826482771304,32.22837878186281,76.38080488046813,171.34806145095467,0.18803544784430656,Stable
2026-01-06 05:00:00,40.97265768769818,7.414316763641818,4.4407909522531925,16.20729701207001,9.665781122839233,6.81242762028353,32.86343045226062,31.607872668072595,81.07802264127302,165.73639463161592,0.22368906542713812,Stable
2026-01-06 06:00:00,40.747708745457416,7.434875569946895,3.904740568123358,24.20743804716763,12.986516749739382,10.305182824653224,25.22511186732391,32.88773446308302,74.23980862061977,178.97315715861322,0.23612474394503946,Stable
2026-01-06 07:00:00,36.913339119878025,7.190414584513322,3.0603484859656485,31.152789879658506,9.784062058002277,7.386920127673678,24.09791928358797,29.65617459204216,72.98587326076021,182.28726699533416,0.11403099146352577,Stable
2026-01-06 08:00:00,40.4294017518885,7.518797881930408,2.622061790300783,18.68373691093651,9.585126992907837,7.443036033988294,23.346028680655028,30.264697892305026,80.95963254504846,169.6733708710127,0.23300732050204345,Stable
2026-01-06 09:00:00,36.785056388774066,7.395850757731649,4.260058454087273,36.679979769736335,9.705769014452798,7.39983259147716,26.5391110485833,29.86902318922645,75.93077942531443,181.6941287193058,0.21220836965693815,Stable
2026-01-06 10:00:00,40.756990360638625,7.291416044254322,3.448425980790543,20.81059202731669,9.06418296336756,7.0625136764337855,21.35222982191757,30.46047751160665,83.38763796942722,175.74606810283132,0.24773137237971482,Stable
2026-01-06 11:00:00,38.30678740121614,6.844832783154572,5.27051711228643,25.43505427062875,8.629288072558394,7.051356482579253,24.655840795675665,29.222396829767632,82.24014542893515,191.81362970457505,0.31169337104694345,Warning
2026-01-06 12:00:00,40.0709880511047,7.584800050289056,3.1261765179919343,18.904337910761956,9.917357048730864,7.965694750214475,24.036616563485182,31.58162420013,77.51314476711124,197.57226667316644,0.19524856744677732,Stable
2026-01-06 13:00:00,38.787696511812705,7.250164401018316,4.87967189108536,25.20805174348007,8.488569596081698,7.282040116594832,25.463614646693355,30.496666901141513,80.65983001830445,192.1229990732012,0.24158108257418295,Stable
2026-01-06 14:00:00,36.591206427411436,6.991965143108746,3.2824061569781833,24.331260891206615,9.208970141045569,7.33912347612002,25.575136468177895,28.941142500839792,,193.68773698560042,0.22300330207469451,Stable
2026-01-06 15:00:00,39.52037311340192,6.9128843985145165,4.402036447944025,17.552530488344566,7.918970586947426,5.489275415164976,25.808976960827607,29.429092872983386,82.58104700764504,189.8072442010117,0.27592399852884525,Stable
2026-01-06 16:00:00,37.23391552111637,7.17189945882388,4.672518802924341,39.129134844754546,9.716023609068635,7.545484943753951,24.427071357779813,30.964601185320042,78.87947645289285,188.34825144839292,0.2948579964748502,Stable
2026-01-06 17:00:00,36.28981967834873,6.632103456245233,2.632787553864466,22.523314154906526,10.668389888352054,8.204780589886486,31.060245715572183,31.533669932009147,84.55449509716362,163.80341788572625,0.21584620820010805,Stable
2026-01-06 18:00:00,42.09136345024998,7.295908517098801,3.0362514412818484,22.527687213469857,9.07617028017817,7.58419509967259,25.901559672821175,32.86248320446503,79.21778224721305,183.67085464880762,0.17002801676787735,Stable
2026-01-06 19:00:00,43.16297866272817,6.833000171885672,2.6252655807261016,29.845179396768273,5.483243126221368,3.7110933912723545,35.726938297616975,33.900502006593875,83.97129392097573,169.88939021265412,0.17140021376554035,Stable
2026-01-06 20:00:00,39.79809294602239,7.2037702704708,2.4775416338063323,34.07127441674234,10.680743088110944,8.124705722906029,24.224331338546428,30.837610640998864,74.97872393924091,172.49441614707854,0.1604288708257666,Stable
2026-01-06 21:00:00,37.90379278124327,6.953946305539715,3.9003001378937125,30.632184340021514,9.740367685519521,6.745605253653896,28.315109816048285,29.088336042007192,74.07283515049326,173.1788387675115,0.2469524614325822,Stable
2026-01-06 22:00:00,35.01073727263015,7.025962760437083,3.2525287223132335,18.994099384867067,7.51353709997308,5.696688549008974,20.732778562313936,27.65181802930525,79.76695717015603,177.85184895676673,0.24148719865194312,Stable
2026-01-06 23:00:00,40.04003323656282,6.888065235625781,3.4392747423926022,26.069545047473312,11.046540484646545,7.933503128947579,30.303551648900864,30.465067827791774,77.04947972627475,185.42906334742915,0.19009716600879456,Stable
2026-01-07 00:00:00,37.00977743193516,7.054855759269375,3.81717935122996,15.593137588075027,6.703149598568306,5.070066518683463,20.830722284514888,29.100893685444248,82.12000936245634,180.3293830897895,0.1832142229042013,Stable
2026-01-07 01:00:00,36.53546448227863,7.629026272884859,2.006959874713814,29.50852540661178,11.590815230648936,7.562211805355813,26.051451080802426,29.509691603908987,72.85975715241545,179.90437066629238,0.10211254502435561,Stable
2026-01-07 02:00:00,36.5806274780798,7.487816695573619,4.365074502967791,16.82405930734769,9.385266760705575,7.2607000525232595,22.81007759296143,29.204410102590597,80.2664190445893,194.6674367436076,0.22217556709338776,Stable
2026-01-07 03:00:00,41.74119167337362,7.199254107398728,3.138179377495062,20.983993381953816,4.962269849245339,3.6786957505137927,26.034035087025973,29.69991227582196,80.96176634064547,185.14655127881096,0.1686742640933776,Stable
2026-01-07 04:00:00,35.60717042490519,7.092917605641813,3.799300979678393,24.983992479843447,9.856659174526476,7.277867432447134,22.943416934078293,31.077122588996055,79.66517672395956,201.14470898902528,0.2677887974733929,Stable
2026-01-07 05:00:00,38.914236682229266,7.336376333394007,3.8655346294214104,27.225032805705062,8.687615263818127,7.273814965599838,20.448361977354526,29.914660473637667,81.649700943291,201.9981870527825,0.26936677231217965,Stable
2026-01-07 06:00:00,34.105067581115804,7.416391710350116,4.428097420572881,23.695326883023405,8.386301416353728,5.9455808753838335,22.77783469590997,29.463288436363243,78.6249258585147,206.34196670353347,0.2927600301641628,Stable
2026-01-07 07:00:00,36.12106077504234,6.867650852981892,3.3213569591627246,32.59541838366441,8.024548477087563,6.008979290395176,30.937110558637407,28.33752745168829,77.56590419224344,205.32249062653668,0.21313462283270174,Stable
2026-01-07 08:00:00,34.62933456327528,7.078317117062983,1.8072719057178017,28.616197910961397,9.245568418280255,6.800253223801979,26.102743208273164,27.496589533583652,82.6135548751788,196.76030395915046,0.1357829524128325,Stable
2026-01-07 09:00:00,32.6777374512957,6.589851695720937,3.4428457100901704,28.223623770321044,8.529622637665717,6.319530487234324,18.20017486554391,28.847794044655455,81.65265759808229,178.48514205773643,0.14183226019921374,Stable
2026-01-07 10:00:00,38.06933365825486,7.41446859087305,3.550530143621201,18.852995490076683,5.786619513623229,4.931352605597718,28.92922215558027,29.291258477387334,82.59332132099529,174.8158964009543,0.18071109341223146,Stable
2026-01-07 11:00:00,38.640973239453764,7.67820679215624,2.624304355644912,33.496839487727016,12.044135773354409,8.834486685187096,19.988186188527244,31.401049363838155,79.62693363584522,179.49260847610094,0.08469855392984826,Stable
2026-01-07 12:00:00,33.16051066239745,7.122423134894464,3.510617990824704,20.984674278607443,9.01128468807639,6.297082234891665,27.345116796261685,29.358923347519937,79.1968696218624,175.0901305720052,0.1694991721127169,Stable
2026-01-07 13:00:00,39.98342529462394,6.504997165027155,3.129236173955281,33.68771216493547,8.036129968243474,6.693289868036751,26.489243164181577,30.30428911307544,78.4126020062699,166.56507841017682,0.14504675992910565,Stable
2026-01-07 14:00:00,39.31763743180899,7.270489344641568,2.392934538038117,35.110975284627855,7.243152634909338,5.164926405417149,26.773397098131095,28.447625075831123,78.25259220415876,178.55885515564256,0.14957051124564502,Stable
2026-01-07 15:00:00,38.52626754817505,6.846855033478257,3.903613671256963,27.563282661818874,11.041464134905842,7.085475386641378,32.33935124775681,27.546018863581903,76.68903802671005,188.1792406128483,0.22230651711554555,Stable
2026-01-07 16:00:00,36.448312592643916,6.914262156333951,2.977206136826653,30.160065488397105,6.903136061806951,4.758011355288429,20.271115837940933,27.730399711340976,83.02616513314703,182.8155769241942,0.1347258027579931,Stable
2026-01-07 17:00:00,36.03041365336016,7.275441389141481,3.095215588947198,10.0,9.767974603715933,6.460906536641003,26.74857649149073,27.938297376205934,81.70642343405362,184.33634934963425,0.20830798024125236,Stable
2026-01-07 18:00:00,41.93853848406746,7.1712751551435625,3.0530658645346866,24.024987922548114,8.332701996252837,5.257950786375617,29.668148755945737,31.282225242275864,79.72607354383335,192.25868737598122,0.15466122262018941,Stable
2026-01-07 19:00:00,39.02614556673358,6.963329542905191,4.32660894809811,30.510828199597697,8.449160678875336,5.9991928300378,21.104962342688076,27.661378396053387,82.58365164096386,197.84026317877252,0.23024264029672953,Stable
2026-01-07 20:00:00,39.838859654914,6.918110422871534,3.3693128786699558,29.62255134157042,7.2928809380482,5.295638867667276,20.644108887682524,29.57172224916275,80.17144548319672,191.51452994414433,0.14186918821648947,Stable
2026-01-07 21:00:00,33.516976278203416,7.135234095461833,3.459324865409366,18.901383309500613,8.259361134956679,6.565605979470467,22.707656075524046,27.40005148266302,77.78664381840369,204.92024410946084,0.24400043723738152,Stable
2026-01-07 22:00:00,37.92173069787501,6.9853496452965365,3.069522884210202,23.53138980066063,9.517624783013716,7.277338552578701,25.461298661199304,29.51904099144517,75.21659213248532,209.2032524347613,0.18202250750449656,Stable
2026-01-07 23:00:00,37.65930091154993,6.789413602591157,3.747150116691179,12.318172473994267,9.970624452697987,7.598721445061873,17.652856767175717,28.78026862296707,76.76377564144734,195.88683746530393,0.25044268713023277,Stable
2026-01-08 00:00:00,32.42791148738051,7.006882309186059,4.411988536338003,27.064964200863766,7.928815037434044,5.39851964668295,26.48130895886242,28.047145425214968,76.89954139394182,193.76008523647067,0.20157382678145813,Stable
2026-01-08 01:00:00,37.04133463903209,7.195085934511451,3.88589561311488,15.583357993865881,9.318131195125172,7.255761605306518,17.66225966214423,28.10261331979054,83.70564788285033,193.23283158027908,0.23654065153505244,Stable
2026-01-08 02:00:00,39.827842994642495,7.050131029290502,3.915150221001142,30.65238921393786,11.276908861940843,,29.81998871613351,27.281859342683713,77.82133220383253,199.84326156810062,0.22530541635013027,Stable
2026-01-08 03:00:00,37.79852342234796,6.704217592490508,3.854672654413259,30.913624303587046,6.174742886101855,4.641562866164418,26.311950726405556,28.51865109074638,81.58621999098737,192.76187107414233,0.13585485049123475,Stable
2026-01-08 04:00:00,38.29967891510239,7.37693809398515,2.3648180175166273,22.62816592796751,9.487462052816282,7.146321348631065,32.60912942461022,27.352852752218876,82.81754235304766,178.5043044833487,0.2239837829639475,Stable
2026-01-08 05:00:00,34.7091376084293,6.333132797655866,2.742910876225646,27.60637965227044,7.598432109195653,5.018323117906722,27.00952692274184,26.34330814817189,77.14589946837557,168.76299852894195,0.13325461024148977,Stable
2026-01-08 06:00:00,34.04903424744819,6.975017756592038,3.246259454800655,23.914506379697457,7.394631655766937,5.8269251508139535,22.628577969955536,26.195470895415834,80.2625112544937,177.02656712711098,0.197431938797276,Stable
2026-01-08 07:00:00,36.6133891686914,6.926344432724903,2.8556019681300806,26.20954197507433,10.022023025996202,8.29769067105687,20.405952891520514,27.85084638852945,82.97716145425845,188.32366947872222,0.23306677641852686,Stable
2026-01-08 08:00:00,35.82155124733213,7.141490085803996,2.6015972314330016,19.26370288378425,8.409497062664881,6.288305554559436,25.07500976135038,29.453204543301,79.23040167052345,189.8824251718478,0.2141684269762208,Stable
2026-01-08 09:00:00,33.737123310905346,7.257265306184766,1.9958681943470695,28.112463116199546,7.0663937475297995,4.927469495135738,23.86387235184956,27.664673685374122,87.05064069848152,197.98221555330608,0.11234555898007807,Stable
2026-01-08 10:00:00,37.777175519174186,7.4154941463130895,2.390103090149394,16.794073848877918,12.148566384139976,8.76021317102002,29.337625656947743,27.244566404835457,77.81544571446388,209.97344062651987,0.17944766604331447,Stable
2026-01-08 11:00:00,38.38874244008505,6.900526635461395,3.2076058319930496,15.850349188353091,11.340179028663659,8.016110151266387,19.821215326403177,27.644057754352016,79.92463574291693,203.1326571861107,0.23817888280695765,Stable
2026-01-08 12:00:00,34.80010062389614,7.264243054453375,3.3479302248858365,24.39035841666504,5.635388087281662,4.0021132512339745,33.0940590020744,28.782313255070843,85.70184897135552,185.75694028889092,0.16633433654495292,Stable
2026-01-08 13:00:00,37.32834881188002,7.154829148606809,2.8052096679020684,23.943783601943604,6.551143743995864,5.015811593783384,29.73649623771747,27.392351202772293,81.45286240662423,175.60541885099724,0.16255978289517933,Stable
2026-01-08 14:00:00,34.37600235623091,6.620768974948697,3.4591939095124196,26.36150865275875,10.686914142637363,7.96571081733059,23.084143663842852,26.54992230744296,76.0925566958737,167.61562473756885,0.187221413992724,Stable
2026-01-08 15:00:00,36.96412861660929,7.6321512715215505,3.0746247693187176,21.752462548818354,8.930252333925061,7.0121816007876685,32.09019403936929,28.284511467628427,78.7811468663739,163.92442540186875,0.21363444760020328,Stable
2026-01-08 16:00:00,36.3058528038884,6.697142964372744,4.217930190530386,34.428458328927945,12.501149288709914,9.38085792536916,20.475923572242273,27.385415525018274,73.03151945300603,164.48495588347896,0.16315751214210203,Stable
2026-01-08 17:00:00,38.61649696162118,7.21745923624672,3.278780676981372,25.80302494689721,10.73267279708202,7.3247825997768,24.925154054618528,28.62779602537254,77.1024199948435,174.85374657394016,0.2079519862602386,Stable
2026-01-08 18:00:00,35.0842513415637,7.209188784375369,3.9222481610512863,26.16440889258113,10.098931047707996,7.094114682452258,18.255880267936558,26.918814937837322,77.8900538291796,169.3878626404804,0.1983978490371172,Stable
2026-01-08 19:00:00,35.96402875637195,,3.5524103217210192,25.98616938703523,7.456274616349125,5.212262101711187,32.30956165335635,25.14370476576808,84.76681287194889,182.55870920333032,0.1994164737514675,Stable
2026-01-08 20:00:00,33.50435089133906,6.96151847299475,2.3484467205669586,30.01454934474039,10.482880589728943,7.544991935430942,16.5867593411356,24.885525211819207,79.00030868708974,191.25980073688726,0.1505785244036929,Stable
2026-01-08 21:00:00,,7.331630742319341,3.3320063681971184,27.88008707242232,6.948472090499067,5.758263115802014,17.51801236682029,28.422818483069026,86.95807180396811,181.48687394443462,0.20578128182356725,Stable
2026-01-08 22:00:00,34.75813279460256,6.663097107295933,2.4732819255034872,27.210089498541397,12.110489066820138,10.142770476004587,21.143791018224583,28.42465797767705,70.49065068907,187.11368785901735,0.17149757817749456,Stable
2026-01-08 23:00:00,38.37289898087118,7.081567939171301,3.318909371337309,28.679920524327954,10.344277178036483,8.027294248735998,29.950456536042726,26.05558095946151,74.61311357188866,200.19574492321289,0.22824723642562114,Stable
2026-01-09 00:00:00,34.665789996354164,6.942115090565311,2.841151887076983,15.876926814764044,7.850338846484815,5.782025840565059,28.296801987354986,25.726140149944232,79.26129783435177,194.5246204020416,0.2174719455473289,Stable
2026-01-09 01:00:00,37.280895072753026,6.910356576221231,3.6864722751136063,16.065761747071114,11.109354856264629,7.277839771721973,24.54922782703098,27.85490022206283,80.62188130377088,189.5986257347585,0.1933332623487052,Stable
2026-01-09 02:00:00,29.47180911015685,7.2200493804869925,2.393234246900349,24.61970627349278,13.98304977827267,10.376827628125195,28.585167950252828,24.688180732579934,73.74300722101896,196.190473677135,0.24736910074239288,Stable
2026-01-09 03:00:00,31.21331895389583,7.401693991961511,3.4110263689595777,24.01163058659049,9.064765800381098,6.223411322524523,23.48063823879983,24.85872300005403,75.26566711049078,190.8769795841902,0.22104807977887306,Stable
2026-01-09 04:00:00,37.09623117831126,7.003888386685677,3.8293116869223955,27.89904922024104,10.600826379382585,8.689271631279517,25.90092950670598,26.620463802473793,76.78636253024501,206.8107504066778,0.21559092128116028,Stable
2026-01-09 05:00:00,33.865145186749025,7.318590705179218,4.080696676981747,25.100084510917526,8.636341360617998,5.541630958346755,31.43276734045252,25.291362950163816,76.36966299499473,187.861213228726,0.263760013217173,Stable
2026-01-09 06:00:00,29.847966826638025,7.113927386324487,2.826874181586833,27.909324672271055,9.67070443523669,7.264117126841586,22.89021507058104,25.675526296295878,74.8452311443888,203.15416513436966,0.14760284914373384,Stable
2026-01-09 07:00:00,35.47929500374214,6.850034981413358,3.4133132291553814,18.77202365219357,6.485530879937105,4.422592685942621,20.55132320652732,25.402715145774504,86.51153866419764,175.06287763466406,0.15895125841792423,Stable
2026-01-09 08:00:00,32.83395975348582,7.027773413892501,3.53811022968368,24.946277147956526,9.49894097298827,6.929255780092438,26.116672714471456,25.921525362191268,77.6220368603101,176.46196237521,0.20293026107829595,Stable
2026-01-09 09:00:00,37.94607700065075,7.016143950578347,4.560344709657076,18.29471631021108,9.587154659661223,7.349836333044295,27.331234383711976,27.123443028897327,78.84572749734507,184.26129766968862,0.24610780362411178,Stable
2026-01-09 10:00:00,33.285988119952044,6.904935224498475,2.289002454437397,26.934289671857005,13.097995553689497,10.29775252798561,24.497014817153755,25.461659477159444,74.66961357839028,207.34736093817438,0.24128844694852264,Stable
2026-01-09 11:00:00,34.454078360619626,7.219975220023633,2.7166730911967134,15.608574788183397,5.909993774593301,4.294568126420464,28.515215911677146,26.044664988578564,81.46126716388558,207.43030039168428,0.15540825546290687,Stable
2026-01-09 12:00:00,33.08913398229723,7.165700932557332,5.50334686955206,26.7415504927044,8.93823308178444,6.899126352020533,23.094333886949194,22.731224825113934,76.96011433749646,198.60251235000806,0.3060507003096573,Warning
2026-01-09 13:00:00,31.258012149954713,6.654618084484563,3.195177037033019,17.655003095514438,12.076234435662071,8.375643206073235,24.573957043125713,25.052998091664037,75.14717905390881,177.90994078032054,0.21289024657005856,Stable
2026-01-09 14:00:00,30.034478676698342,,1.981754642572544,23.082361033891022,9.016457008402487,6.703777362095933,25.685586971536242,24.020172292366222,79.82663168790789,165.79474101066725,0.247826416733812,Stable
2026-01-09 15:00:00,31.097647692617326,7.2189116468976104,2.9630873924888754,29.474638457246243,9.157316934030005,7.18960556286223,25.293124671168503,23.49064453341354,82.38927134612987,169.17484257069444,0.1339303815746862,Stable
2026-01-09 16:00:00,33.47556105908018,6.87171979993753,1.3233450839017284,26.136899942992088,7.833481950235652,5.8615240633951,31.25972233179982,23.82121545983773,82.53510714114954,168.30548675970442,0.1152760548082496,Stable
2026-01-09 17:00:00,29.73470344417957,7.18457152342809,3.5806905343421147,16.771698881378494,7.634789239474484,5.351117629178372,25.663003125001495,24.39645794940655,77.31754351688781,181.83262424322547,0.28491845061966514,Stable
2026-01-09 18:00:00,30.483480383506727,7.318660841870573,4.007338570208664,21.63803077652988,5.848292468333696,4.179497826172401,22.63244039285392,25.81954958328492,84.62303857725782,171.7766928378005,0.2573228736250264,Stable
2026-01-09 19:00:00,32.699973054430785,6.744133205526443,2.716253217873435,17.49310737261599,8.241569504711691,6.47672874021992,26.375917656709554,23.052531200343203,80.94702552410673,161.05235693622905,0.21474659059269818,Stable
2026-01-09 20:00:00,31.399437630435845,6.7047695687186675,3.04695705831137,16.52620750197403,7.521289889775753,5.03887722621837,28.53982878121557,24.605394255569852,78.91690760869051,143.14457625142637,0.22568681296099438,Stable
2026-01-09 21:00:00,31.128335586930262,7.568840871070682,4.092740616526684,25.58831588066987,9.736077667314147,6.601670795347907,27.484059486834578,23.912787612770828,78.71916507315227,137.03448300604498,0.28254186622872646,Stable
2026-01-09 22:00:00,28.31285952780605,7.198439819229488,2.087338401365447,27.801491717800516,7.924663595152537,6.0472107943886675,27.234634070233405,24.026480331686383,,154.6455254039495,0.18801362492259274,Stable
2026-01-09 23:00:00,32.191700520851896,6.982612616131484,,27.203029603578447,8.540818029902987,6.028511657680335,17.258774354186844,25.54965914955586,79.57681433965419,156.82176640388616,0.14379115362596193,Stable
2026-01-10 00:00:00,32.904401738439155,6.838496673259046,3.22891361371327,28.013134074398753,8.59558921388468,5.587836101352859,12.783693224218528,24.919536331701455,80.60501912150713,143.270589350627,0.10938891015421273,Stable
2026-01-10 01:00:00,35.66768713212619,6.957076562305962,2.8357488718998862,24.94044574557091,9.403669635419256,7.56332472037813,29.738690423792807,25.80693141688041,76.43895282227125,160.4457735161608,0.13892973438853268,Stable
2026-01-10 02:00:00,30.40327151290922,6.7666397458882726,3.179599826894809,23.63304890625016,8.442955487190318,5.652744310013987,25.974858507927593,23.945731845378496,84.53912462342596,162.60761634233523,0.20912190141727574,Stable
2026-01-10 03:00:00,34.54069484499779,7.347355408745365,2.4521872604451085,19.63465336468843,7.376427820125736,5.30388284827874,23.902901625231287,23.22594260453279,75.8003603574287,170.22681989960157,0.15990352882794162,Stable
2026-01-10 04:00:00,30.354137055259187,6.88250967699023,3.5607351144411306,22.799601641247506,9.671532887895676,6.730674722755589,27.124408625010695,23.723249103618787,79.77309517042467,185.84284492836065,0.18888355145576635,Stable
2026-01-10 05:00:00,30.848389546538478,7.406189684700554,3.2880751861150084,18.393258073369147,11.634966432529222,8.3030309408485,32.672894710496614,24.214573149708826,77.28194222499658,180.76795118987832,0.2146364086799344,Stable
2026-01-10 06:00:00,35.14278906096089,6.987823902464396,3.8118928706747743,20.774172364365402,9.756932391581548,6.647846172622539,30.360890246308845,24.068073957165282,79.85042609204774,179.51734935763716,0.2736762491604138,Stable
2026-01-10 07:00:00,30.91138105186498,6.807861948587152,3.550299625360219,25.44463435219021,8.280359123522755,6.369959033313399,28.32999257760881,22.488460747137143,77.94871499735659,180.35005434216487,0.2141166963742241,Stable
2026-01-10 08:00:00,30.728756493884873,6.980635555356136,3.5550175543720175,24.41096956229539,9.25370718981275,6.811610312965667,20.009734652253105,23.832805951908025,81.66928538101988,181.218802346689,0.1785053661882827,Stable
2026-01-10 09:00:00,31.623288412737832,6.365233302299603,2.315269484102415,40.32364018947388,5.398734459286922,4.233152806105111,20.594441386635555,23.933554675099018,82.3313138365173,160.72929801202844,0.18655686084978895,Stable
2026-01-10 10:00:00,37.323248952739746,7.066184798531277,3.769443663733654,18.271022012474962,9.221194500922271,6.422522764740973,13.261178933845319,26.617101797655625,75.8132681514029,153.95241337425654,0.19583396442167322,Stable
2026-01-10 11:00:00,36.718213038354484,7.052366626483555,3.1518501986466685,24.374506395841088,8.699291261819054,7.371050391580303,26.85081063248214,25.78580739910312,76.56368276749106,175.77079465853762,0.23386365276277454,Stable
2026-01-10 12:00:00,28.814603570253016,7.33092796903343,3.2750512692627867,17.88133944398138,7.633079283986976,4.772539441975931,28.988822388575247,22.44818992879353,80.678683388107,171.3726047832372,0.2219288116474049,Stable
2026-01-10 13:00:00,30.981887777602964,6.571834620164653,4.186198282293107,23.061070620150247,7.995803295336064,5.1398429249778745,29.355801207861802,23.06675539776118,76.01289289601021,166.82210812469043,0.26535534649199655,Stable
2026-01-10 14:00:00,29.776395482698305,7.425322581041793,2.8604233326123287,23.264534089424078,8.679530996920706,7.172935112931387,27.03943712074549,21.596081827363157,83.82173396168535,174.84100568211312,0.25892950700945533,Stable
2026-01-10 15:00:00,28.612561307967646,7.329767802599344,4.41338824634425,29.22440013116569,11.484916552012981,8.683427177573412,23.306699137977088,22.58504152900084,79.13738664934361,176.98729847588035,0.22677095099903516,Stable
2026-01-10 16:00:00,31.504021761348376,7.450572197835625,4.48335647452982,22.751667303910395,11.684120833560186,8.7487920019917,21.460751421404353,23.615391866648366,80.8829899685673,191.60875980400152,0.2338460016229737,Stable
2026-01-10 17:00:00,32.63822700201656,7.085238014718841,3.9645883280232788,24.043401999719205,7.6437496768843785,5.761248091128411,20.28585841759156,24.627581281113166,84.65980904588787,184.13940958714792,0.21575868912130497,Stable
2026-01-10 18:00:00,32.53109814574594,7.3838911135487715,2.6645343919244335,22.8484101876389,8.463845253513213,6.444510581887577,23.264588178756604,22.250679187872468,78.6563885844828,181.73994620277418,0.17766593286387844,Stable
2026-01-10 19:00:00,32.701625053147474,6.688051670226066,1.760280065779801,17.994741279713956,8.514820085422844,6.35620441373886,19.59978185746598,22.28677499652507,77.31185625795172,162.2779710470476,0.27988751225171243,Stable
2026-01-10 20:00:00,27.78392004868252,7.299653318257269,4.209126185694956,21.739488141034464,11.119091031100249,7.526237554368132,31.901793292538642,20.44233884540054,70.18647726348928,163.4226328431959,0.2611743531851895,Stable
2026-01-10 21:00:00,30.344494876019766,6.884074426612015,3.4835387959983097,23.090316424580912,9.791013105263234,7.58804004992178,18.139328011204796,22.77240116374139,77.19340158250435,168.96138346625224,0.17811673375400078,Stable
2026-01-10 22:00:00,30.970997052650215,6.637607486921578,2.8411018968839032,25.36912941703192,9.685579725282084,7.422421031439489,23.113260253998497,21.642412448538945,82.7285524143078,167.84754342649126,0.15575148498808994,Stable
2026-01-10 23:00:00,29.062524795687143,6.785240654913979,4.280171757816702,27.794736436124126,10.57252522684238,8.548560253949221,15.287017139561067,22.232901693541166,75.35784812941462,168.257682121121,0.2761903142367136,Stable
2026-01-11 00:00:00,30.94541997258052,7.101548718816195,2.753830839341643,23.827017451444853,8.307173183178136,6.870308512668246,25.334496875841293,21.768139669105715,79.16802432966247,184.59709705549,0.20231387658219657,Stable
2026-01-11 01:00:00,30.484826673393187,6.86919622169907,3.081883556326793,23.739118680093267,12.227773148708115,9.148528657869294,23.989273306092915,22.660639648131614,74.38580122858468,199.65815671084997,0.17384439263494522,Stable
2026-01-11 02:00:00,26.68031792614567,7.205300588874824,3.7936677732377455,16.395934207564736,9.496510685159597,6.29129402022894,22.394443408622074,20.61911508162291,79.4409771988597,176.27324811157203,0.2794802238881707,Stable
2026-01-11 03:00:00,27.010161639521964,6.593693484598875,2.564797876288842,27.698672586281756,7.788175107616174,6.44462737193551,19.802475302864757,20.923835065281256,83.42703660291961,154.3155128809917,0.2899979649898789,Stable
2026-01-11 04:00:00,36.090682332949555,6.504412687787559,3.3178893177946995,21.520510564249797,9.040719512404321,6.093460804938769,24.011078260144274,25.19656494088735,75.11125394380939,137.5471854155692,0.20943538096366027,Stable
2026-01-11 05:00:00,28.742188924316885,7.484268481560201,4.216852887935021,28.73561619114888,11.963856648415744,8.95599988744015,21.54992599493593,21.055031882603483,72.66670339750777,155.61467789512173,0.27744965450173775,Stable
2026-01-11 06:00:00,32.52427888050359,7.353064036232401,3.5583330577158474,31.58219973927098,8.649715728032456,6.192155329993183,23.38409449784999,21.243570692706967,83.06683437015343,162.6360176916645,0.2526314590855685,Stable
2026-01-11 07:00:00,31.69782725888121,6.806196885944134,4.335569752617761,24.060424866534973,11.399115598089663,8.051373238563118,32.808435008630966,24.725099780311034,78.43355158803986,169.04617534276468,0.2311543452388559,Stable
2026-01-11 08:00:00,34.551711993728055,7.099160099828248,4.250201768504498,19.88344359617054,8.249308414456957,6.368767250858201,24.77479747151656,25.96930159146507,79.1022401821719,172.7751963740783,0.22205691032063493,Stable
2026-01-11 09:00:00,33.82645034097499,7.38546197685637,3.4058037508162147,24.91650693456851,7.968672606445388,5.924272020868942,26.397902435883147,21.04109689493851,84.29903429837064,183.21382017154951,0.18226912756243863,Stable
2026-01-11 10:00:00,27.855409632230838,7.217376170321369,1.6474439677319586,26.74350999009319,10.819194821188583,8.203419502106765,21.909908509437773,21.970183121557397,73.76823296283665,176.7438743900062,0.19085127665691426,Stable
2026-01-11 11:00:00,26.99278405036359,7.141502466931374,2.57067077858852,23.422399993766394,7.752054878708519,5.311221592773605,20.470040206463572,22.788413050163143,82.57597884926906,157.0097849336527,0.16281654498775727,Stable
2026-01-11 12:00:00,34.99399778067128,7.4066431427675266,3.972500584288367,22.17980795310338,11.145080500323392,8.029204392615538,23.896690289481086,24.420817518096815,76.68432422751661,171.47122849043703,0.243297479851227,Stable
2026-01-11 13:00:00,27.47774656362281,6.895400506943658,2.237311434786035,27.81766105348707,10.2032519980467,7.016527195939636,35.26766702183501,21.131364774408958,79.31310759198554,160.11415706544943,0.2190452876571189,Stable
2026-01-11 14:00:00,29.9504481397049,7.108729965626096,3.1549805585597874,27.487891373470976,7.752812131064816,5.574667801455105,22.706575372977177,21.991860867917367,74.279307588622,177.90711614294187,0.18620786534047745,Stable
2026-01-11 15:00:00,30.019160770310066,7.09500238127813,3.6538604602667744,23.26855179836421,9.357114512011332,6.7695736481900655,25.6264701151417,23.190997191213235,77.9911270882528,189.75830377780164,0.24071649885266302,Stable
2026-01-11 16:00:00,31.28963986811835,7.023626626652108,4.502178021821132,16.72966917369655,8.402451418880926,6.986106727717671,20.27220668209257,22.753314306207717,81.43954037121,183.19043234823394,0.2801319226409891,Stable
2026-01-11 17:00:00,27.853951215215915,6.990854456802189,2.9687352276591894,27.281890926897262,10.19795311333812,7.299018017758842,12.0,21.7550236295874,77.64372134067482,169.33501093011108,0.16151411591471937,Stable
2026-01-11 18:00:00,29.662179523993395,7.120403106591977,2.917384218187653,21.16336403279312,13.27559648991084,8.139163226549446,20.445759006307547,22.022059699760007,77.86264794209129,173.3458276561656,0.21384785882780719,Stable
2026-01-11 19:00:00,29.41006676794877,7.109634098875947,3.3606656751283746,26.071705376851543,8.758590794225155,7.065818254057723,34.71319287309193,20.510436114835702,82.2959217236268,175.19173902177047,0.23324216485739613,Stable
2026-01-11 20:00:00,27.83698275153657,6.806440260090333,3.6631847273575766,25.755786158395185,10.567552547717014,7.975429822175015,26.67925632626145,21.853600524085095,75.0360383892315,169.11949558987462,0.19622349806796913,Stable
2026-01-11 21:00:00,28.400114199535636,7.324502854772125,3.2843148794529293,15.555262864786673,9.548881283335032,6.9018781670810085,31.384158904740534,21.800282258827412,80.51110034499916,164.7305666364488,0.2868862885433608,Stable
2026-01-11 22:00:00,29.685769742126993,6.826612141825447,4.186951261664358,25.405408422057867,9.54811540612636,6.740522193565554,22.43524994280611,22.380535409324057,75.97022795080304,174.07764510920163,0.21987650754956814,Stable
2026-01-11 23:00:00,26.561343709064715,7.038894635526791,2.800642125228646,27.572662626872276,9.169589758536953,6.216239934848844,13.394260033095025,21.41897457751727,78.96544884434994,165.89641639772913,0.178930137456142,Stable
2026-01-12 00:00:00,29.79098351163752,7.017321467638385,3.4901207000342827,28.185762076552436,7.785165107296892,6.513011871520281,19.010809484418996,22.636105477235013,81.85515551597216,167.14550825384745,0.21904616665347937,Stable
2026-01-12 01:00:00,31.509464110027892,7.20026901154458,3.733909532685264,25.586828755481562,10.17027989856491,7.453304562546423,25.78661142469876,23.27187103022209,75.74151277328363,172.27620594091417,0.23502919681618387,Stable
2026-01-12 02:00:00,29.43184699005803,6.5066508967391465,3.0998253925706076,15.11406978025205,8.922516500161223,5.66065581631888,25.069262374214027,22.230944873234886,81.04479896374973,151.56071095401745,0.24907070621034907,Stable
2026-01-12 03:00:00,29.913070457878526,7.349454748180248,4.029782452419975,31.385405310933187,7.690399832522548,5.752616732081287,23.95309291539797,22.455823443741973,79.0462108020977,171.14315044877503,0.25347603157105514,Stable
2026-01-12 04:00:00,30.048456519776785,6.910442702668593,3.511718905931762,27.055113337712903,11.528346524496598,9.180477057082989,21.613879444036566,22.088259861589954,75.01990965697253,181.81388679221476,0.1977170604648109,Stable
2026-01-12 05:00:00,28.705319838074217,7.441589722537575,3.9916342848642055,18.98340335314761,9.698019245404685,7.16299490248416,28.228720590614596,22.016806762938845,80.0686082134446,172.1421688452934,0.277434947564476,Stable
2026-01-12 06:00:00,30.526669687155376,6.966113821135476,3.545578081036624,21.061184799208633,9.043802085313521,,21.743939966995672,21.14454455542162,76.86626555547794,184.88235887876155,0.21606658573789755,Stable
2026-01-12 07:00:00,33.257350785686356,7.086323795994477,3.682303428615421,26.156121046472602,12.180113229492596,8.227555821285558,25.385175915732148,22.385394536082803,73.60279809709967,183.7211200936015,0.21140356339889257,Stable
2026-01-12 08:00:00,28.95676389407613,7.6358600912191585,2.9257061823629833,28.39892096649128,5.827836928934005,3.9602917763803465,24.878976742646717,21.885524678467025,84.7750531711412,160.061545517998,0.20327706288792044,Stable
2026-01-12 09:00:00,33.48261514039844,7.022345301537772,2.9269212211065825,22.56018571826149,12.045641607458176,9.801432451929731,22.341739004870043,24.512218677443027,76.22575127235416,184.34446670832713,0.162045426082372,Stable
2026-01-12 10:00:00,31.408837873420044,7.446877967708568,4.318297359946582,29.127627036895376,7.739624101727566,5.619419687558508,20.034167770321964,23.88807218428934,76.62507716001419,183.11852928128692,0.23112627130522617,Stable
2026-01-12 11:00:00,31.195148043245357,,3.876632833390249,16.03616585449911,9.923065078831039,6.3276424686513355,22.077014609746676,22.46417335316835,80.21603836713948,190.6877511953476,0.17163296124965563,Stable
2026-01-12 12:00:00,32.21964035457437,7.2163172724821765,2.6327761253331987,19.787704944531065,8.323872491758578,6.2522884190006,32.43129802213986,21.088081292167864,78.6596244276328,184.50143256466936,0.21114826159279948,Stable
2026-01-12 13:00:00,29.690248213878277,7.119588405035184,3.5356475684911235,14.678179950789588,7.653997919095152,5.646790720420732,29.006015384697804,20.672929127842078,76.83846873200119,176.58903480065018,0.2433252381634628,Stable
2026-01-12 14:00:00,27.8959176005465,7.337398455364035,1.6196679598484307,20.512974285651534,12.12777305193687,8.55384869886168,28.591749290768902,23.44274667816586,69.60393942015904,172.8862204123136,0.14458019096269567,Stable
2026-01-12 15:00:00,31.243695352334584,6.908051148401145,2.9695448772254376,32.540385922720475,13.212433134790569,8.903563106465956,20.46091331951333,22.335704089440668,77.04610260779044,185.8162260380116,0.18715757744297243,Stable
2026-01-12 16:00:00,33.07081003621819,6.824466413554628,4.120770757464929,35.28901117292701,9.057548698697843,6.082015157475026,17.530398271649,22.60508254960017,76.79265613602323,192.33601569952467,0.20487898939833005,Stable
2026-01-12 17:00:00,27.5021934285451,6.921198666694433,3.30614080846663,26.172952341152214,10.17094940438859,8.032658430904993,28.93422397091379,19.945385768541307,74.71943866736515,176.0196078600355,0.1997266030836088,Stable
2026-01-12 18:00:00,33.15453331466871,7.127918905370745,3.488434502249523,21.807853963657227,9.613982503325,7.149084362005452,28.07145267202475,23.16326370243305,79.98452457263997,171.60200652044674,0.1714765566426115,Stable
2026-01-12 19:00:00,29.228326111583414,7.038170740045907,,23.891800495745283,12.961013674705711,9.802743872099764,24.617620395071484,22.608557193887304,77.05346531606642,181.17502936109622,0.17906648816993592,Stable
2026-01-12 20:00:00,25.774035775897616,7.298876965411929,3.105809786397886,27.36669945416511,5.2736991050929305,3.920793484045385,22.332570505874425,20.745114094942164,80.7585433984205,175.1177552568318,0.20295548081858983,Stable
2026-01-12 21:00:00,29.809975917367296,7.465324875950025,3.6537041678704094,17.185095741804588,10.254246882540441,7.670411272697739,17.412249055942358,21.527637879702016,80.0273547664745,162.81381761203698,0.2165282378109956,Stable
2026-01-12 22:00:00,26.91426549620691,6.826765265574197,3.7489674065487546,22.137504120093976,8.045747371712133,5.666123399078761,27.90330199970326,22.42721893769954,85.09148493107068,147.41929371239286,0.3360784628299709,Warning
2026-01-12 23:00:00,29.71291585637821,6.894494338348099,4.121766783500773,32.17446537225125,4.788071957057642,3.441088611845001,29.337608017346593,22.192457882165392,86.5785862203701,150.0213974585768,0.2507331301251351,Stable
2026-01-13 00:00:00,32.3727594930692,6.697852962872401,3.2423066861699286,19.771449653358186,8.778939805141517,6.9710940417501925,20.944084071789625,21.7990749677782,82.19870293285086,157.59322474685484,0.27182587553321436,Stable
2026-01-13 01:00:00,26.22758857855401,7.668504437412549,3.275758140531888,21.254875503692286,13.196097581821107,10.65984007883482,20.568301796671697,22.04711439004657,75.58922522351021,147.42724227390346,0.2710247433638467,Stable
2026-01-13 02:00:00,27.33298463496244,7.185307459754111,2.400911927942603,25.065968279907203,8.187901619199199,5.426817888919051,29.584778662539613,21.891978226790236,78.7028028669785,149.70851246496443,0.2392820832891621,Stable
2026-01-13 03:00:00,28.33783639124028,7.2343446496144415,3.246608845620101,26.415711297523547,11.081531013129222,7.9625871701030215,21.111609916979333,22.401900881563435,76.77875385462889,171.39184608536814,0.188531510639822,Stable
2026-01-13 04:00:00,31.8838680666941,,2.4538187032016507,21.87497976900264,11.897344394126733,9.234251090561791,32.00577093535372,24.01050778611602,77.20450961503018,165.42887063646629,0.18203497620801587,Stable
2026-01-13 05:00:00,26.46059436245431,7.099672403078075,2.0140974101459372,25.384821916259778,9.474606394760954,7.897220724822059,23.509267089604304,19.19202793374673,75.38161370860179,161.57100208686902,0.2223866813814329,Stable
2026-01-13 06:00:00,32.814772156271076,7.242589435635663,2.5861154724170663,28.039697668697197,9.740911236822583,8.065550258894646,22.260472319100078,22.016499392878902,76.33563399416127,171.87169258164414,0.18615075242294155,Stable
2026-01-13 07:00:00,32.4513254197157,7.029227846650361,4.531513680852979,34.80725911881824,6.067404186917777,4.163654920050136,24.202986005460286,22.54262876153231,78.36322045562576,177.4216346450805,0.22535344852442604,Stable
2026-01-13 08:00:00,31.708030261865733,7.40119757495139,3.1970790988650424,24.368778102826095,8.067672273654708,6.4551667416193474,22.260157195361913,22.71748436972854,80.52029428207382,182.02763343665012,0.20437073207019066,Stable
2026-01-13 09:00:00,30.24010669251905,7.747312715179992,3.5649080222675242,24.793513423297185,11.314015248659992,8.295718792410804,29.067955738564567,21.94884606383128,76.89361955732886,168.92964450819238,0.24298343859993884,Stable
2026-01-13 10:00:00,29.107753474068687,6.834822408413693,3.014877811601458,32.63726172989755,9.621358194074135,7.576270343930213,27.98614562808924,20.321293920099034,76.74687014225434,178.70015907592912,0.17200213781804627,Stable
2026-01-13 11:00:00,29.134560805817003,6.813815571126525,2.057086735411077,22.254170708509523,10.234682882887364,7.915046532192842,28.896478317378744,22.858525516443752,79.81656513056198,159.97619255264254,0.1988440122811693,Stable
2026-01-13 12:00:00,34.28908661584903,6.8542283016519985,4.1020848436972805,18.378234836189094,9.766315159366101,6.450475150898589,24.83033883312328,24.574665908735806,75.62218392581313,175.5201544895362,0.22162379725929152,Stable
2026-01-13 13:00:00,26.47537107308449,7.549735764804617,1.7708513951083082,26.251244878294813,13.884007888592862,10.555297110051068,21.946404757612367,20.69945958180289,72.39140526096404,166.3171240629101,0.2684684275167588,Stable
2026-01-13 14:00:00,33.28701005452547,7.391859488768311,2.9839054924062562,30.380875125439573,8.638960337622798,6.784290559418309,23.9592119665752,23.616256066721007,81.31235587465848,173.75211126315878,0.14952573902536645,Stable
2026-01-13 15:00:00,32.598596210768974,7.062052211017778,3.359038839362454,26.80523567599843,12.71082008597262,9.2648082226355,22.08436443793377,22.22631120653131,77.61121936434273,179.4744696823586,0.1975259019947433,Stable
2026-01-13 16:00:00,31.01085821553357,7.110236706032245,3.572867232572391,24.51492171226377,9.767006444413465,6.9975971271140525,30.59968430932332,22.589129011357397,76.24367804881442,183.6517057733295,0.2085591814949981,Stable
2026-01-13 17:00:00,29.090275877852296,6.871367784664917,2.8551477966033474,17.758033134325807,12.888397949161597,8.294437856338249,28.510231757093706,21.442701995776247,75.6917085626965,181.2179851043301,0.25040422984821475,Stable
2026-01-13 18:00:00,31.15018695215465,7.349207604168091,2.021528887708769,24.708153773658136,7.050043821483699,5.411606329368087,23.588146199142557,22.349567135535306,79.00293807656873,185.80126981541443,0.11527633793172357,Stable
2026-01-13 19:00:00,26.633924745265013,6.993627489249604,2.7991800307484214,31.165774631581684,9.869304415261722,7.3179032884890045,19.83086269452928,24.356961485466357,77.63734675079502,176.32972109622406,0.21868207844199838,Stable
2026-01-13 20:00:00,32.147849595527134,7.0271785689526,2.838431509285253,18.82941459230389,8.71262643215306,5.918311878188212,30.93377859691718,23.54333315855621,79.64696705322585,177.65063564472118,0.13738891826907837,Stable
2026-01-13 21:00:00,32.74468316430025,7.270461136028191,2.82017987863369,23.776264130983645,9.778944671700078,,24.615078609949354,24.97139115997986,79.62197082533976,192.61674502239723,0.19141406053693688,Stable
2026-01-13 22:00:00,32.253942745622446,7.047361417336698,4.127543942655702,23.062576339208196,11.944752525332255,8.821172012628052,23.414246429114694,24.355198971736428,76.84914500840051,209.59160523300866,0.23464555301898118,Stable
2026-01-13 23:00:00,32.93316359963776,7.034209521820602,2.489797916395643,21.511477146811274,10.257619210715891,7.172896997735695,30.97343723873531,23.520098573842105,78.42528664063472,197.1490697775772,0.12944158981062165,Stable
2026-01-14 00:00:00,32.98845530448801,7.102961057548141,3.625734455828619,26.23961502259503,11.940765380053875,8.718516909771175,21.705230339798696,25.137993147617465,73.36298877717861,200.4768079003339,0.21356724157723994,Stable
2026-01-14 01:00:00,29.344898821829762,7.322699515862061,3.5187227779134367,27.216526206280037,8.159557813452109,5.171149990572328,22.564828944017094,23.62531253513208,80.81113378481663,190.68262490185126,0.23128614092166228,Stable
2026-01-14 02:00:00,31.86370633608602,7.561018061135473,4.120341308103752,27.164134523967185,7.854331084952568,6.316595954931531,22.96158473230906,24.14651167773678,81.52333229303818,183.99530946868998,0.22769488960379672,Stable
2026-01-14 03:00:00,30.987696781527184,7.263936145028903,3.3001510961973013,20.115951181924377,9.532210146274533,6.966854192397067,18.075438727611715,22.852585813365536,80.19012617894329,184.07903660682726,0.20592239787367062,Stable
2026-01-14 04:00:00,31.574862363710295,7.324927982614795,3.9933482253981687,16.770081528331588,9.42269564321783,6.308829777271079,25.420809144416765,23.34499454054827,76.77850390810495,192.04819086544566,0.2485871203342974,Stable
2026-01-14 05:00:00,30.809845031789877,7.044040862611685,3.2708348964294265,26.31194218265364,9.128281262351615,5.428735040979903,20.56944864894697,22.48600629721974,81.1606827791074,195.68350415371756,0.23610661402241956,Stable
2026-01-14 06:00:00,34.648018619871365,6.901816598312759,3.7257943949386,22.47040479258674,7.582736548658629,5.964598932718955,21.43175220459995,24.569280530034263,77.12417629689931,199.22195727112228,0.21107333817558732,Stable
2026-01-14 07:00:00,27.85568343478499,7.283116145025832,2.2727941845645696,34.19156189843393,11.897303179703776,9.05021946344692,20.830040342692513,22.027752540853285,75.02565143518609,195.0382519515044,0.2236206890411918,Stable
2026-01-14 08:00:00,32.79292968797266,7.147947430888159,1.4212914427816683,34.42254848007473,8.774325598733025,6.506932064768944,21.358184085132255,24.441528775642958,78.53687669553156,191.15584131078694,0.14228464884528125,Stable
2026-01-14 09:00:00,33.91581429211195,6.70166397835007,3.68316014017439,34.9534489719802,12.352156244425364,9.603809386279849,20.224884911928836,23.33595489487547,72.4918210993164,185.13404220207946,0.23123422104148175,Stable
2026-01-14 10:00:00,29.564055424121662,7.008140505440832,3.723387344529422,20.299445494826433,9.525486730408117,7.404631506956393,25.112463799289873,25.033278417996055,77.74773574082987,191.77220974534222,0.23756926221385036,Stable
2026-01-14 11:00:00,32.95216305682622,7.076788833425165,3.7566267498639117,27.846845433710467,10.796857861628089,7.997168850277655,23.299831083814286,24.592869695266117,77.75684442423392,192.49534717435847,0.18117038836309585,Stable
2026-01-14 12:00:00,32.77087058005517,6.957071797232025,3.0063006139339907,29.35476258625742,10.615419285927365,7.600833600972019,24.21603662193652,25.941627584001253,72.8201502594893,185.76621078846378,0.12243627599715116,Stable
2026-01-14 13:00:00,31.958347355969277,7.5148859664717955,4.517291689157779,28.79177116772201,7.851450519298295,5.551424714928977,34.59204634408041,24.699768124915487,79.16182852127459,185.72391369573336,0.24977666117309333,Stable
2026-01-14 14:00:00,28.19370294458293,7.2343549303326204,3.0550916381972333,23.228010279030705,10.234405843104978,7.708061298465143,23.299974685053613,22.003317951011773,73.3945918262367,194.61139246467783,0.1920663109752142,Stable
2026-01-14 15:00:00,31.53817041054564,7.484488977008821,3.715659264754277,31.39582451482663,13.356665888934213,10.776648571006177,26.72226430006365,23.877271841946527,79.74718107185815,204.9281714746323,0.25186997543456147,Stable
2026-01-14 16:00:00,34.302469162936205,7.173759073262604,3.8459771687530586,25.002374931832613,10.003224506200713,7.2457388956474675,27.234373197011905,22.6199579340824,78.52800353613425,210.07718005882614,0.18835684384304802,Stable
2026-01-14 17:00:00,28.945202099537035,7.122788594199021,4.689055119811833,25.640530624677197,11.30255347911935,9.16870210601681,23.717145190360768,23.47406282189146,77.01201973045816,204.90727442771296,0.2687837954844446,Stable
2026-01-14 18:00:00,31.640745333518822,6.83775261106913,3.162227785157625,17.310832741114282,10.88654368918437,8.17060563187777,25.232096091952673,25.979965338476475,77.69363983996348,204.8198715148031,0.21757343666506687,Stable
2026-01-14 19:00:00,30.398994866912126,7.103340269295038,2.9101053203281353,28.223824847864943,10.114099316729973,7.595061545763661,24.093141856180914,25.002864007239136,79.3972022597721,197.60605786537886,0.2189014199549013,Stable
2026-01-14 20:00:00,34.92609420127021,7.1036550991891225,2.2763909616885076,23.697941432137945,9.872957435449493,8.51326381479487,24.911512780701653,23.47125762801401,80.57242968913683,210.65504813806015,0.20055855554955895,Stable
2026-01-14 21:00:00,30.241781712401192,6.717208112470415,4.564275254996855,27.323894310502624,10.594631118242601,8.69710409950652,21.360674447933384,23.166461123443767,73.49648405972074,213.13208002443804,0.31158985662048666,Warning
2026-01-14 22:00:00,32.44470567149564,6.948932308464289,3.7160581802864048,26.17556849902309,11.026565092951225,9.067403693292592,21.77604910689079,24.49598379219099,80.24887890061567,218.57633661350775,0.20676814936852522,Stable
2026-01-14 23:00:00,30.26568418773028,7.009480872415418,3.7397958294207263,25.904682883318856,6.795671885897854,4.662722837436985,24.076150139773844,23.07125006994276,84.31889134914528,206.41069866402378,0.22563284454117463,Stable
2026-01-15 00:00:00,29.912116709738978,7.215774272335602,5.73752818099294,24.77143213766658,9.99460577819291,8.50111221274058,15.126433602670529,23.800962466545162,77.83952769466325,200.7510944736081,0.41562404870031394,Warning
2026-01-15 01:00:00,32.58635871811837,7.229178031355997,3.6437835558897245,28.93299867330227,9.131844238505366,6.624952791435818,30.73232755394396,25.056660011347237,78.57133403478663,193.51162566795972,0.256093709104039,Stable
2026-01-15 02:00:00,39.0617149460991,6.937230825049742,2.423258946174976,24.00553731557467,8.716946312696583,6.254304246239723,33.72386108099608,26.14522773462598,71.52615169574324,188.68214675583855,0.20191031585275587,Stable
2026-01-15 03:00:00,36.350777645865676,7.231283488711727,3.253072318755268,17.724012902735083,12.091928758057147,7.391086704154972,24.766576169661214,25.56663580391717,72.79809333643888,184.52747317994607,0.2350133091469287,Stable
2026-01-15 04:00:00,28.45860894103615,7.049017899782415,2.66891319336351,27.84477803186967,8.033707503872293,6.008779355338223,26.994611297629522,22.164484576620694,81.2634156867856,184.95318784886308,0.22884589719995094,Stable
2026-01-15 05:00:00,34.65294833492982,6.2965063930406115,3.1030987040629205,20.954972375441805,6.710461879379997,4.498797872872622,28.864759515227234,25.357800128806442,84.29108178639474,168.51138375149884,0.15792420768415882,Stable
2026-01-15 06:00:00,31.495077711328303,6.964283431053568,3.0980577979340445,18.378690786589303,11.091432450771709,8.34579227597873,18.03898617189779,25.158123256661057,78.73065985452028,180.35108961530182,0.19149747616545448,Stable
2026-01-15 07:00:00,30.095310350301425,7.402116819239866,2.9597317066997126,19.88878332928701,6.659212286892222,4.43579398503081,28.177250753779905,25.648045627993866,81.15150004866204,180.96127416471714,0.2568720993588183,Stable
2026-01-15 08:00:00,37.21009284242885,6.6290943881442495,2.355038120983452,26.416661896784603,5.644113844082873,4.678256345990673,22.081020925045987,27.171071007099588,87.17056790733824,161.58178030580305,0.20043818656455095,Stable
2026-01-15 09:00:00,33.15668526315084,7.131553536116351,4.594376225254222,24.517405984525748,11.31653537997993,,34.3082590341758,22.83649956986374,79.19640351093793,175.5240620725877,0.2584807999656322,Stable
2026-01-15 10:00:00,34.77643208340464,7.54387313997188,3.6241360333287953,14.336584851635763,9.817444501124976,8.397772682374992,23.152831935005874,24.684327581308846,77.19798945201275,181.21361125208495,0.27512372136065616,Stable
2026-01-15 11:00:00,33.24475096563143,6.887028373157065,3.230895973974821,23.08172028473665,10.445439254737552,7.037444210218366,28.08682000427247,26.18448146407058,83.00983737514598,190.36169807881433,0.20621317377508333,Stable
2026-01-15 12:00:00,31.32612308824825,7.100601742519752,3.968228372136807,30.846156124873822,8.615144850440755,7.02310793840681,23.1971418133794,23.65967455625222,76.64443706279275,190.09809843462486,0.23990897991594853,Stable
2026-01-15 13:00:00,36.91087917730993,6.734875447976181,3.753300456137043,22.743521645333107,6.731187736781962,4.246375283554656,33.88511740348701,27.411348069993686,77.5892117118744,180.07499308063274,0.23888180268998746,Stable
2026-01-15 14:00:00,34.94825353435606,7.5556247196658,3.6067680495565355,24.172617232862038,7.128425572764665,5.285329448234256,21.694424023324927,26.16526145965985,79.81881095942552,174.95437220816947,0.23399631525175538,Stable
2026-01-15 15:00:00,34.03526201038825,7.076666864440948,3.91374855457512,30.214957186635765,8.955622201137432,6.226492414866614,29.24289954297325,26.822536952982336,77.14777735381111,190.2646695752829,0.22747471622333842,Stable
2026-01-15 16:00:00,29.96711640091668,7.1130555159823246,3.5004510578189922,28.97744629102268,6.955194284163916,4.905932467095664,26.82005047103376,25.20526004115301,80.13247667961883,181.31620860109894,0.25264489727815076,Stable
2026-01-15 17:00:00,35.17874431690038,7.479204130341574,3.9026660927436936,30.108755438258555,10.114105814091307,7.095982776003558,25.819394827488722,26.950993928616356,79.88112092691149,186.91063219646603,0.2621945214038555,Stable
2026-01-15 18:00:00,37.499051596442854,,3.9648342256583313,11.137231949731486,8.575084123931163,5.82840415732975,25.03053330470148,27.34103231797063,79.33996694705714,188.16527464054792,0.22061154435467425,Stable
2026-01-15 19:00:00,32.0278113251889,6.854823954900913,3.5220390512746023,33.667615192210555,9.870072094730611,6.521325836959116,20.998443670364118,26.422987903257212,78.10918598621993,180.58798443594603,0.19056535906344998,Stable
2026-01-15 20:00:00,35.787255731268985,6.918762181255551,3.234704129877913,28.182002177139644,9.810296256452862,6.922797674581909,12.362746603046652,26.509736967917032,78.3367407840694,175.0516625489235,0.22211031349842408,Stable
2026-01-15 21:00:00,35.30110141683913,7.238580765266523,4.547798351090432,37.30738207012075,10.273599108849053,7.565288957603025,28.834764488077266,26.638018026571746,71.94558715871398,184.21803393487647,0.21709663780395885,Stable
2026-01-15 22:00:00,34.86324198428065,6.925246104582376,3.041573845169925,21.08836984612858,10.498965054577997,8.336211740985378,21.80022400345072,25.36294545781598,73.71288367562684,180.83054923296137,0.13962076578445642,Stable
2026-01-15 23:00:00,36.051408095912414,6.507171872606252,3.6934852003205094,16.18274697175545,8.81219881844151,6.576052890349469,29.263200646569132,26.307457096474398,78.22452301798494,170.15774615391896,0.19700990556278267,Stable
2026-01-16 00:00:00,32.99821848351923,7.085092576381058,3.7104313080542997,25.036092283625884,9.867938533267662,7.83671921444812,25.582639955620493,26.387148967369935,76.02473946336299,185.29417189284445,0.1808485123585758,Stable
2026-01-16 01:00:00,31.8821417028827,6.685540454885053,2.942831610802273,23.623138351214195,9.972016256840348,6.468849658623165,29.401155514590542,27.11606050321259,77.44851502529436,171.71892470150587,0.1677331746007366,Stable
2026-01-16 02:00:00,34.874651708810326,7.552558890997843,2.79413321101638,28.268319918074106,4.64221938181327,3.2782735055434555,27.60851634049263,27.941690760176083,86.86810156720695,154.48685392219917,0.14322310946939767,Stable
2026-01-16 03:00:00,35.33590327856619,7.149500538573682,3.1346109843476118,30.374641722931777,10.79305149171898,8.300992787625626,12.908871687843597,25.55764864351218,77.02082476479802,163.38298618413452,0.19918940157742085,Stable
2026-01-16 04:00:00,33.67991457578539,6.846550984111799,3.030837360118294,24.563529275602516,9.799884392440502,7.338893241703595,26.767030273115985,26.76392238283733,74.89469506325203,165.58045521293246,0.16887870633827284,Stable
2026-01-16 05:00:00,35.38966000947549,6.904382923894513,2.306402078770851,23.79645977093637,10.628097730487141,7.255115412764246,22.453460314734823,28.77774665719077,75.38915280135117,186.5242705432295,0.22227028799988974,Stable
2026-01-16 06:00:00,30.551060222354817,6.570968675395302,2.9113786881105432,27.613599097580636,6.926312809105475,5.412039283928757,29.242550342706792,26.193760906204094,85.35012696337516,176.3175316447595,0.14761089712654052,Stable
2026-01-16 07:00:00,37.69070314646723,6.792150671701458,3.5996672384759214,23.71835667153751,8.868453649675214,,26.6604337281156,26.18540803736535,82.96278127897232,169.08458811358315,0.201001618795341,Stable
2026-01-16 08:00:00,37.152293049164314,7.384570496711396,4.349457688111449,23.300089495516062,7.316941086868839,5.02853120741545,26.713360670845233,27.500865766313694,82.17275250225337,184.0418440203244,0.25909188068589056,Stable
2026-01-16 09:00:00,37.89706632514351,7.724900120737869,3.8157935013802247,30.18567469337643,10.98920275242575,8.316432231117446,22.774907419312875,28.357274362593984,,178.6602730477844,0.23993297667941052,Stable
2026-01-16 10:00:00,37.37898603391897,7.303391023695708,,31.298889284517863,6.689766915863012,4.885799787465764,19.893272135514938,27.443535260360022,82.07724542189736,182.56513109016998,0.19579130735518313,Stable
2026-01-16 11:00:00,38.26367791884836,7.074228089186112,3.8809777860679957,30.41983121931547,7.642690436155358,5.359358877790516,22.052008684632636,29.11026119576156,81.3165523117214,192.422566936598,0.18481707375354783,Stable
2026-01-16 12:00:00,36.14053529321753,6.979051374816903,2.9813861605782117,24.158851436372373,10.568628256543962,7.3914051235662335,15.900484823110732,28.629193003576592,77.49522226443165,192.4884945582393,0.21047016873847996,Stable
2026-01-16 13:00:00,36.36904973258999,6.832181172198618,3.739810056015822,14.301055061234084,8.241250935445505,5.531207669632323,21.343453194540096,28.6965779408344,78.3337214255311,189.20211435335867,0.16664404314141604,Stable
2026-01-16 14:00:00,35.58135517572607,7.676734451815127,3.3893985555920287,24.25896956803576,7.643218686421883,,17.411284052072556,28.436483904910318,79.45020370390375,169.81128159102212,0.23551782342650984,Stable
2026-01-16 15:00:00,43.91913095015269,7.047150363477975,3.255484280434879,21.210099936614757,11.313438859080366,8.94327928923259,17.530166383089853,30.64964944132269,75.08727387295195,180.312752098732,0.1480656527448357,Stable
2026-01-16 16:00:00,36.80676358517586,7.692376352417501,3.323323204028394,24.35137490494706,11.395423513183736,8.471930749909369,24.524154812517942,27.69493952257697,73.7418915909187,168.5734269946768,0.21702396376818212,Stable
2026-01-16 17:00:00,32.693694866160406,7.490185462690817,3.383181768797665,21.644545536411957,10.944142385081998,8.566228397133681,26.40322022776782,25.621295748863275,80.47082720358861,178.9903750279666,0.24761986410090311,Stable
2026-01-16 18:00:00,,6.612576999223043,4.408303729067683,24.89630072267199,11.197419347880587,8.491941094525341,23.85692933921153,30.034712798841397,79.00836513969365,176.37535425493974,0.28859447882399747,Stable
2026-01-16 19:00:00,33.62238667716892,6.913533329187398,3.3852548596861842,19.803621853842177,9.036841442123887,6.292591798473402,21.755442761977193,27.644124512881554,78.25083495141784,180.84877083111223,0.14717419048814684,Stable
2026-01-16 20:00:00,39.41523644597103,6.9126673652313295,4.2141520998859,18.596412816408108,9.090814050726769,5.811732240046228,19.736663269924833,28.406223008792576,79.78963172019266,173.5863456061514,0.234497218498996,Stable
2026-01-16 21:00:00,36.60911341788888,7.077643018050392,4.104929399384242,31.113457412854462,8.203837442932794,5.5705943935692925,22.572631534358802,29.931251609503157,80.77041478304355,167.49164607534615,0.2389258296459255,Stable
2026-01-16 22:00:00,,7.083112009128149,3.9002841606877396,20.15171193316173,9.835458335431955,6.816779432933854,20.299996314475145,26.51970071513233,84.0217505597582,177.166272834375,0.25390993466815176,Stable
2026-01-16 23:00:00,37.15458472584034,7.9389469467114795,2.060035884902742,25.001658126281768,8.444203345348305,5.816603213336962,23.7172616604541,27.022629466354072,81.73721835694096,156.91815322717392,0.1957536623847105,Stable
2026-01-17 00:00:00,35.45435187232918,6.798376195147068,,29.772574233014176,8.633867588146046,6.768573127587788,17.153107016644924,26.684814783919194,81.45305645867421,161.95260490332083,0.15311634902672025,Stable
2026-01-17 01:00:00,35.923590933579334,7.164111581986029,3.056574029398309,29.571520631147862,10.6998008679658,8.382035316217015,27.155929101925775,27.73465094994006,77.39515166470753,168.2392832661011,0.20348272833609976,Stable
2026-01-17 02:00:00,37.31754870781428,7.272622167890985,3.936795460806079,28.974241024576756,11.869078491028759,10.10834081692435,21.448359950659384,29.29594453810225,75.0448616129458,192.30205365822482,0.2618773399366249,Stable
2026-01-17 03:00:00,37.364765932054475,7.0995598387486245,2.67060037506969,26.514332572507676,10.29652050854019,7.083958082624959,25.693156051270524,29.47764812582869,81.16025512311384,197.8548192425345,0.1721958199628034,Stable
2026-01-17 04:00:00,36.106449068557296,7.13085056177878,2.511194467522558,28.620016542684247,13.088631730485137,10.704663855515193,27.992498980340365,29.2598460464123,76.54204856343033,209.95533917861354,0.16869548827026162,Stable
2026-01-17 05:00:00,34.413154025819615,6.807453509594155,4.882291552623399,31.86544066303077,8.088968855934503,6.612891362576976,25.4754189686895,27.312120885359025,77.8371762589295,209.63192307800045,0.27680266354367505,Stable
2026-01-17 06:00:00,37.27302463640428,7.129816134488751,2.6822626998714143,27.12511296997687,5.824050721581482,4.177157651836291,27.59607055319137,26.313843889102408,83.31061566426811,192.05154982789222,0.21627684963073304,Stable
2026-01-17 07:00:00,37.0120289998503,7.2431917189288235,,15.813988265929082,10.929255779179108,8.263015162033128,14.70012331715668,29.229102265220614,79.16420944187293,188.18995726530554,0.2606237462288841,Stable
2026-01-17 08:00:00,35.1034229295705,7.191728163595916,3.4888152410773907,22.357333969249517,7.956332894706537,6.3510657851391805,21.78214501333251,28.67501546833605,74.80408971456131,182.18125353179207,0.20077283071030236,Stable
2026-01-17 09:00:00,36.83641908685117,7.259656253095385,3.0849099562298714,28.481850358610437,8.952615516449272,6.506395204994879,28.963845000550876,29.869014280574188,76.74141750208906,193.06047001422323,0.18145151304442933,Stable
2026-01-17 10:00:00,40.43675491343891,7.495530212178145,3.366378336752345,21.86452033145298,5.960406979757753,4.306384817674115,26.291532922423,30.236013552044465,82.94650508534201,183.80458827007783,0.20688150661139368,Stable
2026-01-17 11:00:00,38.985980735599256,7.362350631736016,2.4241791276015165,33.100530697293216,7.701579505308347,5.356421142478579,32.31808469498158,29.6347674692703,75.48726723511976,176.72088162480992,0.15142945092872817,Stable
2026-01-17 12:00:00,39.57617277817606,7.119962491779282,3.389684215293077,24.68410085916784,6.495545166841527,3.8986124481539335,31.669712159851578,30.45551442171155,77.08912691844525,175.37462454447444,0.13193457612773055,Stable
2026-01-17 13:00:00,37.37708928794625,6.771907661472682,2.5879447645780305,25.426243856797182,8.631393473159394,6.334371989189448,25.348164605027865,29.892131685765833,78.69245217585495,188.9543133596831,0.193926036383641,Stable
2026-01-17 14:00:00,39.472828444759145,6.931998523080886,3.103417154264511,30.623720994508677,8.7108970122341,6.018856895733404,22.86609621501837,30.326103504413258,80.51796363550325,194.79955654439684,0.2038417337926072,Stable
2026-01-17 15:00:00,35.62944640049294,7.038503277463123,4.093974672977182,24.085750513453537,9.679920823096419,6.493831276499373,19.687025791198547,28.916568650394236,79.66453844415638,198.55806035117214,0.270731343210976,Stable
2026-01-17 16:00:00,37.098747022166286,7.170656832775605,3.590643007418243,25.88138517864093,11.979445928710351,9.023164740403681,21.858861455091386,29.617975084857836,79.9765529530183,201.7472972243682,0.23539773428749983,Stable
2026-01-17 17:00:00,40.07974165804084,6.966066826780169,2.288372125839609,29.49561741999556,10.853812529795638,7.056908242626975,22.162888911797854,30.14013268325735,77.35184718992811,189.58277778061307,0.1580688639648669,Stable
2026-01-17 18:00:00,40.706822963142855,6.8379947042283815,4.038616095185402,17.63864692083157,6.255660727579038,4.843973258687341,21.330378634282283,30.958267605304723,80.81270713876965,187.66941543122192,0.2469386473202463,Stable
2026-01-17 19:00:00,35.60607525200454,6.767304367046306,3.394675178568143,23.573509188062253,10.716030871225714,8.107727121534715,19.86748013516529,29.569894943906142,74.01557016338617,194.9544965712258,0.24467422305158265,Stable
2026-01-17 20:00:00,37.02458154326572,6.637670227464451,2.993361048692996,29.145766476895602,9.72350939488292,6.884141323310668,25.8070946438492,30.73563444908287,77.31492156404948,183.36207571791007,0.1972420367356153,Stable
2026-01-17 21:00:00,38.07555925977925,7.03421380294312,3.960007227931698,25.32800074171297,9.304347135927804,6.759775077892246,31.634878551640053,29.85815495415243,80.46447613406401,186.23363478151285,0.2760230157226564,Stable
2026-01-17 22:00:00,41.55436195372017,6.688493676220315,3.274594872267248,32.3366690603874,9.454600940125548,6.282940085125513,28.199655457036165,30.10209720438115,80.42720456859224,184.43691813059593,0.14795474902623218,Stable
2026-01-17 23:00:00,35.472465612702294,6.81985280843593,2.5257539950707155,17.12038320906541,9.90910485617251,7.642581659416917,22.549109737783546,31.303595941640282,78.75244266064873,190.44957404780519,0.16127919082186318,Stable
2026-01-18 00:00:00,36.53721152804074,6.989707475603595,4.7858572835872035,16.549991160269332,8.11622641797287,6.008483268285399,28.563129814203194,27.98054564889974,81.25156092026393,185.07522754614985,0.26856752466593997,Stable
2026-01-18 01:00:00,34.127410379282324,6.725943153370398,3.3870344178317593,28.84843258311359,9.135298284950718,6.800332007273219,25.55992890077497,28.87949704242862,82.05566061273576,187.224751228205,0.15446847554084803,Stable
2026-01-18 02:00:00,35.45000717127576,7.2063306127796345,3.338961096638337,29.329036074663875,11.867878247783668,8.991151686465281,23.816830420784207,28.71866915832685,76.32030136001623,207.47124645740806,0.1323187743393555,Stable
2026-01-18 03:00:00,35.02908693146242,7.307262457809592,3.0961711212020573,24.033749965840833,8.092188431148934,5.621377492822972,23.53594773458668,27.757943767590906,83.32610866322665,203.9461893832168,0.19932118892129783,Stable
2026-01-18 04:00:00,36.963286176419565,6.946160434462888,4.284974304593192,27.001972000228623,7.440224047649809,4.8097461899077105,23.10026937905281,29.804302863293348,78.74315885410182,193.90992133622575,0.252456046737728,Stable
2026-01-18 05:00:00,38.5088139151748,,3.0063411188934697,28.726034888157034,9.376585304252298,7.338608029417483,26.929797552317716,31.576405794493215,78.44018708439647,194.47530271907496,0.17099118073324154,Stable
2026-01-18 06:00:00,38.40741367957642,7.250480335638941,2.2412651058912965,20.930683970741267,7.238867086487305,5.558577731224346,24.628515370243896,30.392999558823682,79.55904983886164,194.4951925995456,0.19508972954593512,Stable
2026-01-18 07:00:00,37.958366007461876,6.90008137277429,2.890991753578016,21.465758124753503,6.0544337570913225,4.24146545008929,20.722097410903544,31.028877140723033,83.9273290722562,185.060155844286,0.13236862594945836,Stable
2026-01-18 08:00:00,37.22922036076433,6.880834504752757,4.395080950341094,25.948630895993183,8.811065645850368,6.630336246621462,20.504165509048416,32.15413513047264,76.65272323767101,188.90555215514632,0.23202670151422716,Stable
2026-01-18 09:00:00,42.05444183912066,7.435019573892161,4.024099121092838,29.5204447994686,12.397243769127847,9.907735137081422,25.376567915767506,32.49470261407511,74.79834254211343,202.71290055630496,0.20952307405573048,Stable
2026-01-18 10:00:00,40.37750709641028,7.34757256683958,3.208738260505104,19.170215368210076,9.422791808246213,7.468773752983586,25.928930470574738,30.871762762112517,73.92801696469715,205.1748892626007,0.19763462203604804,Stable
2026-01-18 11:00:00,42.31745712840199,7.268434000656297,4.429941356230356,24.010261840324905,9.857154188896427,6.889650665426614,22.590903100574472,32.631108508356654,79.62878602502822,220.63289559745766,0.2045560954557132,Stable
2026-01-18 12:00:00,36.086778292629575,7.359180493990346,3.9609566716164117,23.778816841477806,5.239703283697749,3.3959467594871846,18.905974697641902,31.16824728515774,85.87727240561595,204.2813626119246,0.19970872385495314,Stable
2026-01-18 13:00:00,38.70034120308741,6.546361956897138,3.200057977274045,27.08979552521382,10.376250984881894,6.822936700038963,29.629343026883095,30.10250489791911,79.90051889336834,183.33404487691055,0.1704225411272748,Stable
2026-01-18 14:00:00,39.794530420804406,7.47907395310207,3.2755676086741903,24.95650814995583,9.686731722619584,6.905235813297106,28.673720742871954,30.442572709190557,80.34483731105486,191.94495298395304,0.23015001424490988,Stable
2026-01-18 15:00:00,35.364044076215194,7.209777392643447,3.6469882989590756,22.270582080985704,8.170170343921292,6.621330255231033,15.05680574561926,29.426448213094368,81.92833064602858,190.08458235300358,0.22591406336454514,Stable
2026-01-18 16:00:00,38.20167132952152,7.383018787521605,2.776084787752138,31.24282890378703,9.860100942804747,6.802833697020437,30.028123154910887,30.183324833157258,79.88913362828652,187.52677564170384,0.19312066832320496,Stable
2026-01-18 17:00:00,38.63166647506897,7.208405298152581,3.403378799132013,22.3037125918959,9.84024323431592,6.860636949395102,23.059608912001437,30.8641997656897,79.69574582194927,199.3073627940389,0.198940901753369,Stable
2026-01-18 18:00:00,43.98588511403884,7.113698950910443,3.6313850234599676,23.53951818489273,7.3810241432841295,5.1377086605764966,24.854941860122143,32.30158379690231,82.31625950078744,195.82065621215318,0.21038881412013444,Stable
2026-01-18 19:00:00,45.29337439714554,7.022913420538624,2.134775321043595,17.04251182040188,10.16370745355982,7.122266846934715,29.122003770236823,33.444382323120394,76.19708722167128,183.3568893017634,0.19885521554130434,Stable
2026-01-18 20:00:00,34.43300694460397,7.202800425528137,3.2580097580740763,21.431870615770524,11.89427084505431,8.67547328505306,31.436424539830742,29.76171973126437,75.60524554614608,185.60170522804972,0.1898385657581694,Stable
2026-01-18 21:00:00,44.91915370566562,7.012710585506725,3.1727078609757338,27.58038038169525,9.044117049052966,5.9654746474067935,28.512893782704886,31.931299694209645,79.13149110271831,186.19300199790746,0.15246360874347972,Stable
2026-01-18 22:00:00,36.41905017896553,7.343005308018231,4.171051014970242,26.6030097817743,7.764811595125784,6.1314042563615905,25.084637245277516,30.249501621272174,79.39592555812544,175.48567059885565,0.18283038220629688,Stable
2026-01-18 23:00:00,42.06605215882388,6.655792139525383,2.0166272546417243,27.99758495032881,9.144839860396543,6.6028929919150245,17.809616911636507,32.104705570169024,74.93938604951636,165.97829654949027,0.1490758855252588,Stable
2026-01-19 00:00:00,41.35433192182886,6.9483587586976014,3.113870485222217,27.754911429728352,11.209226390128858,9.711140203277132,14.881956792068678,31.413335960101396,73.70325114263629,168.93529239582463,0.2009942387236133,Stable
2026-01-19 01:00:00,35.41638899388252,7.672550509573461,3.03868401447656,35.43857018147577,7.047362321405456,,27.951715225610265,29.407769447566135,81.52757796615323,156.81522325797985,0.19624141441843795,Stable
2026-01-19 02:00:00,41.73820039545636,6.92469747019973,4.1200532229412,21.260705862765448,10.657116517568362,8.711581455051217,30.039136555850146,32.75166480777816,79.60732325423643,174.15139129656157,0.21769788124366424,Stable
2026-01-19 03:00:00,38.72811780021202,7.033168557542226,3.3673400729763303,16.90288128282606,8.143971082959037,6.568308108378652,20.334098126228785,30.94318528874415,79.87938368994023,192.16659219713029,0.14072585805899754,Stable
2026-01-19 04:00:00,40.16726001292599,6.852877338661978,4.747070984239277,19.747235019642382,9.984126162759475,7.0623453192216115,22.785990158675716,31.058600003661212,84.927928491876,206.91635726834184,0.31296849260832627,Warning
2026-01-19 05:00:00,38.905623648349334,7.19403678840803,3.8966600364297896,21.48174082084204,8.371337449908873,5.929181124445304,21.492303502265454,30.444279043588086,77.32925647470294,212.22976596630886,0.23343441756269395,Stable
2026-01-19 06:00:00,41.3628216201912,6.893845830760185,3.0923327543578605,20.128365316915446,8.365966089836878,5.683240199719829,21.372449669299485,30.9701426494507,80.74638926532737,201.6476712101617,0.14164243778505725,Stable
2026-01-19 07:00:00,40.44544174808555,7.048028938254026,3.579744022419219,25.46830423822427,12.546189832470095,8.530905000394451,28.837325327513845,32.294642661793425,78.68181669415351,205.79055205289427,0.09353885805494759,Stable
2026-01-19 08:00:00,39.24280757138519,7.3376826300898195,3.134448392972906,31.263274527785107,6.6818268189330166,4.87751089099099,24.98267909739139,31.578555710237815,83.98236598398093,198.42987084254827,0.13016375293522287,Stable
2026-01-19 09:00:00,42.41522255712761,,4.044547067867815,32.69829536484957,10.470732355091089,7.655553235369281,22.968697598719487,32.22309409101325,79.16693479934546,193.41633022636998,0.1926738649231664,Stable
2026-01-19 10:00:00,41.445417763689356,7.320811113394262,2.4008517150317408,27.521542509233022,12.962648821842574,8.320341366219731,35.958840092296676,32.28462583397215,77.71298611276269,180.51549505984474,0.12710219035294235,Stable
2026-01-19 11:00:00,42.918923051137675,7.330224208356899,2.7822280175714997,35.706361077270074,10.871043852945645,9.307165844726507,17.545105954465978,33.4552962624959,77.2674420161986,195.0495091546899,0.16724167534349282,Stable
2026-01-19 12:00:00,38.148724981973835,7.395387706521402,3.741767438916191,23.218134717167903,6.837805961921636,4.893999426980713,26.465599866731036,31.47789832649103,85.31939840012974,193.88596364525324,0.19401990980343814,Stable
2026-01-19 13:00:00,36.043777408346216,7.139351478577051,4.319317336542715,16.83740478998787,6.9368389821691885,5.088925256110508,19.279597716725124,30.134302971143168,84.27105878371646,184.37568963906745,0.25370484819289585,Stable
2026-01-19 14:00:00,40.06759169714144,8.0075525415535,1.748523552895601,30.265890339440848,7.996749246707197,5.56219444528127,23.291534076025915,33.20303598364684,77.87268175151644,158.99095503373974,0.2546103998359947,Stable
2026-01-19 15:00:00,38.29731863409205,7.395269435031783,4.430853411992811,15.807028041254688,9.815815823039749,7.021395145589406,24.66887273008203,31.538961405453225,78.98810402104623,175.85135851297204,0.2681229329710096,Stable
2026-01-19 16:00:00,42.85957194623545,7.190965734833911,3.2948986536789953,21.22498488650098,9.951885388178104,7.068990426337815,27.800680738357915,33.28717340892962,74.17987303800477,168.16121974864015,0.19381366586042062,Stable
2026-01-19 17:00:00,42.37313168349673,6.854741164057113,1.9870937785471277,27.600561162113983,6.9566068914006145,5.077201810595457,22.8246814717754,32.421163582908626,84.84786554168866,164.97537923949423,0.1643605053636585,Stable
2026-01-19 18:00:00,39.50346391916094,7.07282344475524,1.148704118582996,24.488092599756097,7.754485083106067,5.654551562314602,22.348733559914212,31.813724498225746,80.80609351947328,176.88285798649977,0.19644040674446683,Stable
2026-01-19 19:00:00,43.25996409124015,7.49937155353201,2.25296045064379,24.04523618564247,7.87703502603996,6.09893339203981,22.744117059839216,32.39812605359145,83.49489708412757,165.9281489109577,0.20013095588554466,Stable
2026-01-19 20:00:00,45.064778725222595,7.578669692375355,3.3852213581159485,19.09604983589997,9.138506383770215,6.785314456665594,19.14021291164471,34.32783993769233,78.5880998543102,164.6981212928478,0.17467882243378358,Stable
2026-01-19 21:00:00,42.97135157344341,7.5139321481232635,3.3505764716433366,24.945988052833314,13.46939091458215,10.354399850039464,26.845394109412588,34.484553740642326,69.88994033850457,176.70810821840894,0.18350416801237138,Stable
2026-01-19 22:00:00,38.43572387527167,7.319853845884293,3.874900326031982,30.01831244368896,7.633625868753105,5.568427816317744,25.266004668518587,32.07950741835775,86.95979298392187,183.10293023465346,0.18466543674135316,Stable
2026-01-19 23:00:00,43.341824520751025,6.748415142237239,2.987884616829277,25.099839582680094,7.546084333728424,5.6046193841988075,25.958259020917726,32.191071221879945,80.78163703423967,168.71703827250795,0.16713649880829204,Stable
2026-01-20 00:00:00,41.1694071855838,7.236405308991188,2.5689695901653717,20.848870601794694,7.233719409712311,5.184610601062495,23.687056488601137,33.291441887640616,78.26575903178319,177.68847167397445,0.24638703061095946,Stable
2026-01-20 01:00:00,39.23712044681482,6.75240733414516,3.0901852092543303,18.762307697013348,10.771089142484463,8.457148399086924,23.13204918049458,30.98479005395287,80.09331657849275,174.62103135111406,0.2128275177362323,Stable
2026-01-20 02:00:00,39.718205799365556,6.683508065853387,3.425207715183683,20.952027085222106,9.417316807289795,7.041744338855445,29.29020152203883,32.397415850578696,83.67232639582095,164.64149325981896,0.2080915878634982,Stable
2026-01-20 03:00:00,38.18378250778614,7.166964431681627,3.573079596216458,26.961668762071792,7.7075469036600825,5.559498925122251,28.59803911570657,31.96336316038054,79.78635766019738,177.84915166852068,0.24139835759921546,Stable
2026-01-20 04:00:00,37.42899679744544,7.24649584523553,2.8081264755456954,26.718011311798552,8.774408832443335,6.314634428746435,30.366602637829747,32.36627565807603,78.97748514073925,182.26887810659363,0.1750793857784669,Stable
2026-01-20 05:00:00,40.248988588746144,7.352945587574625,4.07608502525152,20.997464497021657,7.916979398084598,5.731828451825552,25.67667458173142,30.983251941631565,80.67813618869435,194.84942116064744,0.1864059342242812,Stable
2026-01-20 06:00:00,36.501243455739484,7.239198147308106,2.9339524212069747,13.94620289008971,10.09178256237849,7.383899110731481,30.086988425949386,30.068045563532728,75.13079085874126,204.22436602997405,0.24074433108542986,Stable
2026-01-20 07:00:00,43.59776658114117,7.248844076007969,2.747711978256322,27.100063818360823,14.868753213592672,10.808098784154776,22.127628121258137,29.478704123147523,71.4045781624539,205.8095794822787,0.16190503902706266,Stable
2026-01-20 08:00:00,36.44256221915479,6.8242972762021346,2.9932063678987824,20.511463005123744,10.601728811384474,7.413404210072582,23.09616696236401,30.614709384379744,81.85308584952809,205.15232963201473,0.10600171299008848,Stable
2026-01-20 09:00:00,36.87821265927176,7.070606528288293,4.2061301317769555,28.445312395076417,9.314022969785272,7.191073341718604,29.377953391568827,31.392977609234503,78.35546093546594,213.2291246148417,0.17154338512149975,Stable
2026-01-20 10:00:00,40.59818827706752,6.678007300022343,3.3004026602945054,21.21945178936125,8.170049025024095,6.3362339683236115,27.795396922171076,31.577910845840638,77.73605852991288,186.08275869105063,0.24358700465951533,Stable
2026-01-20 11:00:00,45.29793711274993,6.539056643767945,2.879114872697671,20.060497731650955,6.8131998362303,5.642093401819521,22.692973168882965,34.239310154815335,80.05669542286152,161.81251731622993,0.13467799588483376,Stable
2026-01-20 12:00:00,41.35443981600265,7.30737995875606,4.094580812836408,25.76585953629792,10.967379462806072,7.642074022806861,19.2918379379113,33.22526050211621,79.71467975551927,182.53837064219897,0.2798600645097055,Stable
2026-01-20 13:00:00,39.870028253926435,6.889125169738531,5.00706140496156,36.78849615013184,10.85870835673264,8.324873606888096,23.08216106853387,30.72554341355189,72.20154943045502,179.54087319462687,0.25265530137732123,Stable
2026-01-20 14:00:00,36.59074629116904,7.344299580600055,3.5572619757317105,28.745149955582868,8.567798006618387,5.354851885727007,20.918092014253343,32.27784112608646,80.06882673676624,186.39491362962616,0.2197976466742313,Stable
2026-01-20 15:00:00,37.9961719401164,7.41033732180641,4.325381845649075,25.68109649602926,11.926667965885237,9.250292290222694,31.760265671199036,31.35119503149993,82.22887889672093,199.1682355912301,0.23845055926886127,Stable
2026-01-20 16:00:00,37.328884678897495,6.926591149105504,4.177058462931092,26.794257681904842,9.54221387777017,6.201370136815887,27.420182895838877,31.47611613717263,83.53544269045241,206.72478966526123,0.2517945716888768,Stable
2026-01-20 17:00:00,36.22588816433918,7.265287106475483,2.94577018625625,16.244420692572014,11.049521470790271,,20.553348401759553,32.01597986423494,78.38348548125641,202.36070088957757,0.19405502001374017,Stable
2026-01-20 18:00:00,40.74537079157048,6.91487611598818,3.4199756353571744,19.38829814623722,10.092394004066023,7.551859813488893,19.297540677007444,32.5114103235227,81.19871252104393,195.25563594545545,0.2050823348238328,Stable
2026-01-20 19:00:00,34.84904247617917,6.583153915104489,2.438091527722009,12.445355674764304,9.145728240244724,6.36375824500358,20.4975902679695,31.33469771940004,82.12133747174596,169.82073712068876,0.15201287390001145,Stable
2026-01-20 20:00:00,38.34603562405844,7.134526633243888,,33.649369472883116,7.590230777385026,,21.485286426901496,32.990427556233335,80.09513921389222,169.177749026119,0.17176799564215842,Stable
2026-01-20 21:00:00,37.239693272079435,6.968155313679587,2.930357223155707,32.63693014577874,9.208926815274657,6.476961635297209,23.249848227912626,30.314080860106273,81.10305769313612,182.3353775643073,0.08686657050222692,Stable
2026-01-20 22:00:00,37.99865485812247,6.976775077035603,3.097835532118274,26.96409263107455,11.184101337789695,8.613205583363094,29.015459208963993,31.66122653002462,81.2873562091787,187.6375477282721,0.20530927124598947,Stable
2026-01-20 23:00:00,,7.653096072996747,2.8375787264647476,25.675575515421023,8.483729776201146,5.757831284755665,19.650673988911485,34.73866208288047,76.35686461598853,162.0011973711865,0.18582382909930859,Stable
2026-01-21 00:00:00,40.46677420525226,6.672760044834852,3.1846773938533244,17.2420499875121,10.379482791206357,7.546106966111455,34.302917601809476,31.8556138214473,79.06214440249764,152.471155868779,0.2140944536379185,Stable
2026-01-21 01:00:00,43.0604780502694,7.207203917904011,3.7991745146986857,23.903500198746546,7.334528235951993,5.20145602565786,19.755148934271055,33.27288055839849,81.56916038426938,155.59222904372692,0.12858203816562963,Stable
2026-01-21 02:00:00,41.13137069085663,6.8214539735994695,3.3103810671700034,33.96195939201946,11.060116672260715,8.572629988167801,17.659285210074305,31.62660322543127,77.19779454017481,175.53875707348718,0.12679822934601404,Stable
2026-01-21 03:00:00,42.45775454679306,7.354313194594851,2.0017201016834605,25.65707999097857,10.125882672979923,7.864121942149405,31.59737171395562,32.1761289680703,77.91070059118353,191.54125784655315,0.15590458077409505,Stable
2026-01-21 04:00:00,39.368309979858125,7.183560746129018,2.8404095763261354,22.176767668940517,7.095778482326998,4.463666872299761,29.945650199266304,31.372146779876235,81.48339644899907,191.18254190922022,0.20455252873357146,Stable
2026-01-21 05:00:00,39.80250572410397,7.206216417770571,2.260450485581311,16.209646699981935,9.051970952956776,7.1282553012308325,23.179430410096717,31.195571922470634,79.73695954166693,185.46883955788942,0.1489135127294267,Stable
2026-01-21 06:00:00,39.446180121314484,6.835430907071367,3.5830451694863257,31.901528638654025,11.362881818636739,7.913206632422898,25.71599541806037,30.423152717476103,79.4336564135212,208.17875984341342,0.2763052734790257,Stable
2026-01-21 07:00:00,40.11538566578067,6.8856353842792695,3.7774880230406405,24.64958099486172,6.981934918693552,5.187550212028127,25.829561035959063,31.83207227099862,82.2093517393744,201.81200236347232,0.20945571945500266,Stable
2026-01-21 08:00:00,37.45537760189207,7.359630142056848,3.5924111663906237,16.216330733185853,7.358099522750131,4.991440534108981,24.615205929346015,30.24976622172621,80.19720899055893,181.24044274657373,0.18169611403469813,Stable
2026-01-21 09:00:00,39.36006250166189,7.595823362083717,2.8094467050254592,20.37867158964229,9.361006090427013,7.024615076210116,18.16584207688287,32.02494757034143,76.53919026584542,175.23749342054222,0.18238507503511253,Stable
2026-01-21 10:00:00,38.84685500576835,7.234486188822772,3.585140446848412,18.612309913209348,13.766661460864388,11.981458518647779,12.831147678001864,32.481971802428276,73.05223224456802,185.37569429483,0.18132031487290867,Stable
2026-01-21 11:00:00,40.41484234212388,6.8487221981839985,3.0474143081733436,24.34128237144014,8.154843831921005,6.0100718384216245,20.198732179544624,31.571608682304223,80.49807142527658,181.14702924774934,0.13865498826165149,Stable
2026-01-21 12:00:00,38.55116142879244,7.194902786289378,2.546330912687311,26.036694848064094,10.49054799917099,7.392777038909514,32.17269485116926,30.739191776962752,75.7442751561232,197.22925488288678,0.20498245256677072,Stable
2026-01-21 13:00:00,38.25081092550163,7.7796921724145305,3.9564474397816976,22.483914678607377,10.020270815202702,7.18685018066473,32.34936076226995,31.57715842677516,80.34442190658385,168.80725037862078,0.2613507456529077,Stable
2026-01-21 14:00:00,37.2860170136082,7.128678387001295,4.013520815292829,28.88523298243441,8.320960199468912,5.401995256282026,22.82173365978461,30.610506652257385,80.75417765221323,166.80408342249876,0.2336692118469838,Stable
2026-01-21 15:00:00,37.630108370386175,7.509315440630208,4.111671610812629,25.394011202362208,9.82226670356975,7.953020404827267,19.68916099864348,32.05090582595175,81.03655184657278,186.0260950643751,0.2830139410543826,Stable
2026-01-21 16:00:00,38.63441558825146,6.89270777756516,2.9437385499756576,30.31156192636065,8.60433067581009,6.429229627976362,25.251545488782213,28.676732905777058,77.79862127177235,201.51818633705713,0.17583009383931417,Stable
2026-01-21 17:00:00,38.573949561273906,7.088215905541811,4.284521734519809,23.214029609596405,8.784390419766977,5.905838926863089,25.975415379601614,30.416714222210334,77.1379404186124,197.09246669701244,0.20985947281667108,Stable
2026-01-21 18:00:00,34.64875970436471,7.273478257715151,3.029813311503949,40.22662796005573,6.177456194453733,4.164238627522138,26.70323783682326,28.374359743511246,84.66268687121543,185.41126915369554,0.15488498233002362,Stable
2026-01-21 19:00:00,38.52913255717437,7.211251926313602,3.8901259911538846,22.17755638263021,9.451127530267357,6.90726706138175,12.628370927230812,28.912037057970334,78.87375736140153,189.83251852961743,0.19099513972235052,Stable
2026-01-21 20:00:00,39.16352482662039,6.885411169568875,3.0168155036749935,20.48335004122064,11.298187013245101,8.826818723387087,38.0,32.284422446209135,76.19552016450018,183.83014305271578,0.16805609776923666,Stable
2026-01-21 21:00:00,36.84960529272137,6.873335112003431,3.232013377190672,19.868497249521212,9.61485154955937,6.410178790263262,29.096136006196346,31.662606546745835,80.13179968957162,186.11779757533256,0.19524056971567375,Stable
2026-01-21 22:00:00,,7.376719632868744,1.5841166069581076,23.945296367228472,11.68101552164486,9.242457680036962,23.1096133331715,29.664541770594138,77.97260757496946,190.58106484143173,0.17399375705058334,Stable
2026-01-21 23:00:00,35.58920800805358,7.43363422754204,3.173565089187313,16.40231954567108,10.660654891890035,7.728550019013541,20.76685066427616,28.66340198718581,74.19993576627674,184.60284724258676,0.1328600857259524,Stable
2026-01-22 00:00:00,34.02863426155752,7.523400196274137,3.4683174750887704,26.472814219139053,9.38091738733956,6.368110193789991,28.442875623358223,26.8464324419751,82.08069542037566,187.92721208404294,0.16609406288362577,Stable
2026-01-22 01:00:00,37.77048475224686,7.605100535310803,3.0924627869771206,15.473481152175966,8.244148893986363,5.8061646693972655,26.229275767655437,29.688124711548507,78.7298337474752,169.88635633428237,0.19338946007087907,Stable
2026-01-22 02:00:00,43.465458246322534,7.137693442170327,4.717141051063854,25.808354620286156,8.527472569277192,7.0451459628443285,24.4146636961553,33.180279800742305,83.72257255007757,177.16345264395946,0.2423221410414383,Stable
2026-01-22 03:00:00,38.77220927367182,7.012864211615153,2.5281504360060425,18.243741279518233,6.558979052125757,4.287265287366266,26.06250585138365,30.732134691939194,78.10714941396509,173.03702601898627,0.22098746888408766,Stable
2026-01-22 04:00:00,35.074093077429325,7.478277462857971,2.9773140721720557,23.093532963099538,8.965842219803347,6.184152798392519,23.492761780989234,29.47232732971979,79.82765498639743,176.38721373043015,0.22894039726776078,Stable
2026-01-22 05:00:00,39.72227325944137,7.299659398918444,2.72134554251061,28.022701995661798,9.791997517128307,7.6611814727617915,25.80838019572786,30.63451925121701,77.7439494805255,181.0856512749912,0.12631225379540564,Stable
2026-01-22 06:00:00,,6.824912527573074,2.9771672657533967,36.52018841938177,12.930842195598466,9.59345825569324,27.268632829290766,28.13497029253128,70.13107111331607,196.00136099147608,0.14348242539333972,Stable
2026-01-22 07:00:00,41.35798616928414,6.810582013654704,4.173559797205528,19.609997396094215,10.556640646557753,7.246941197909038,25.54492593336912,29.582138226225204,79.0888792985714,197.56641116325468,0.30515042455807373,Warning
2026-01-22 08:00:00,37.98599486314474,7.2377404563797665,4.508523845745223,24.24841275286804,7.770292039724046,6.084633075246338,25.309148542448636,29.988234307140516,75.41986539341345,196.09022332332643,0.25400527478964713,Stable
2026-01-22 09:00:00,33.22455453406829,7.05036309478448,2.8744055418107934,21.38120662612229,6.621263448962388,5.202169538309096,30.267870599450315,29.694625529865625,80.64956939862005,188.8613663426977,0.1666491826576892,Stable
2026-01-22 10:00:00,39.3898994830427,,2.8577443429575973,20.65064838719602,9.086895825590855,6.7990561392131434,16.813017962616946,30.675169538731353,81.6737928686996,191.02031484356206,0.21024094058170073,Stable
2026-01-22 11:00:00,41.95642009681339,7.400309342118854,2.532153513554564,21.42513335015228,11.123528893655498,7.7455154798686445,20.409529746487063,30.06722451229293,75.5513811631069,189.69536075892805,0.1758085052204751,Stable
2026-01-22 12:00:00,41.53414375389964,7.31253040059581,4.379714039889477,29.120332378184695,9.058767326611225,6.384558028057719,24.1195230869146,30.382303176808865,76.68189729459998,190.6058910490848,0.2828292786806757,Stable
2026-01-22 13:00:00,40.342070906065096,7.472364509557161,4.240753305187226,22.5597206788481,10.58396835001119,7.892012031089987,20.715595876818416,28.680162328551965,79.41692282639383,197.28566407197283,0.23244870242669305,Stable
2026-01-22 14:00:00,36.46922165487319,6.559169890215457,3.32051365000841,36.24656349135427,9.137749101495624,6.011212521073735,22.217853577902265,30.508742025636113,78.23845577218087,186.45383035569716,0.14801292455755183,Stable
2026-01-22 15:00:00,41.134826667471664,7.170951416821936,2.3529256027698398,27.07989627947367,10.934000869431198,8.780310692144763,29.794838023005198,31.310521875518106,76.05334989384424,200.06884409154924,0.19369291301272334,Stable
2026-01-22 16:00:00,34.67136496448718,7.294512786271218,2.420003075907811,19.949946694129626,6.305483954588677,5.192638548894758,23.329630617190237,28.115354043960604,84.88199723833463,208.23450633270394,0.18702026047475118,Stable
2026-01-22 17:00:00,36.58593793372886,6.672555960127448,3.5279720877884446,23.166474089274615,12.708364240292202,9.112182885731457,15.768550375287118,28.137359134895007,72.37343892182136,193.07739715065298,0.21702724727743128,Stable
2026-01-22 18:00:00,36.18203804595259,6.916629220433207,3.812003438834874,20.990765049800054,7.275033103552579,5.453261123985068,22.094962217995743,30.72794290343205,79.57594875777137,192.5177976604842,0.1611342614525581,Stable
2026-01-22 19:00:00,35.5282554802786,6.864664154547902,1.8503913962341385,29.00034326473357,11.087464659459554,8.816963804781851,24.261509283602425,28.817167010044034,79.07865286821487,198.61903709977014,0.1508655489594603,Stable
2026-01-22 20:00:00,37.30004365903497,7.106075487896776,3.159017567096588,16.806101717173735,8.95563201066209,7.500841946240394,24.17860289605347,30.652537053762202,75.96449960056412,198.39562098449304,0.2190966359379394,Stable
2026-01-22 21:00:00,38.15460753203444,7.555799111234338,4.6137219171680375,18.29524309782095,9.268344199266199,7.559576406568178,26.502168486058864,28.357496971749207,83.17002370007428,193.17364046438155,0.24952924007176938,Stable
2026-01-22 22:00:00,40.156061588513,7.666325033306172,3.236868095027286,22.04226940625429,9.017796188059704,5.7222014208125,26.13474858639963,30.554623345173688,78.44008509927336,182.12740759560756,0.22761816990464215,Stable
2026-01-22 23:00:00,37.43948400218185,6.87199948513948,4.517228568092968,28.414733965691628,10.011209170102987,7.134433625371745,23.375282556633064,28.885844543520207,80.17510928342793,188.73597109142864,0.2576870223849127,Stable
2026-01-23 00:00:00,34.25607416299912,7.247436030138201,3.8867845967167627,31.165301374113863,10.41504908656179,7.889793932584546,18.63132108789555,28.95691699910989,79.76603885849457,193.02365319054127,0.19694106847655832,Stable
2026-01-23 01:00:00,37.81991796278358,7.256463398599848,2.5867902993734817,31.902710953864215,11.616723023646136,8.164442607423414,22.01487336763097,30.44319683068302,76.0025571664478,203.80420976826557,0.2006296215159531,Stable
2026-01-23 02:00:00,34.557206557548994,7.208535216024129,3.180496529986108,27.64900759973765,12.315897765194757,10.19820588200301,21.19750549520191,28.049439523434447,74.48657195518884,218.05373065283163,0.16303937933732718,Stable
2026-01-23 03:00:00,37.01115837427511,7.211714297726985,3.303479321091473,24.5855523182099,10.163643093553405,8.330280782996443,22.71703288791185,27.27180686088613,77.7289455015611,219.31735429487983,0.18149041685547432,Stable
2026-01-23 04:00:00,38.136420119640384,7.185047900686372,2.68561632392987,28.973129061569963,12.927348478336608,8.856834659334073,27.110258408660492,27.780050414006016,76.85436214038933,214.75790468024263,0.153221701575415,Stable
2026-01-23 05:00:00,38.89068281523822,7.572519633825797,2.672598982891794,19.277496912841446,9.685945085644956,6.984225040411521,25.818462373036887,28.777911643176452,75.8479928044529,188.33652318990787,0.19132372518880947,Stable
2026-01-23 06:00:00,32.762178625702404,7.4086906240230554,4.5300764440889205,15.776713889918867,11.654880724505848,8.027584905927506,27.708025711837585,26.272617464536445,73.3369728036664,193.86428627394793,0.2965541505623228,Stable
2026-01-23 07:00:00,31.35350341580136,6.803156908672484,2.6669795352302863,27.183187888432446,10.357439345812296,7.449774016096995,22.271625583787426,28.83256966038032,81.35306745857176,196.30135920549765,0.12471914601987297,Stable
2026-01-23 08:00:00,31.80291507156649,7.322801902646553,4.20882705730651,19.97160791425575,8.401590737149268,6.0289917695282425,30.7876234572813,27.336838867826597,77.7612715867685,194.12951129355935,0.28284835607332637,Stable
2026-01-23 09:00:00,40.11946207767251,7.349864544863206,3.0726366412262376,24.673466339172595,9.862468308759688,7.7172254797361415,27.02777330668524,29.276208121508088,79.02274139631132,191.29358502731273,0.182855610427097,Stable
2026-01-23 10:00:00,32.13841282017237,7.1881908404025,3.3807705025876205,25.598135079364074,10.50634375501825,7.156232606737732,24.50505606828881,24.94092269881202,76.98814572273399,190.25841458935633,0.21112661782451866,Stable
2026-01-23 11:00:00,33.28366781794414,7.416798823740764,3.8213833136789295,26.240597795891482,9.435603737194786,5.530007048801896,26.71505962970086,26.785117054474366,78.16973223474669,188.38166009093882,0.30187143227275043,Warning
2026-01-23 12:00:00,36.90529969265445,7.15266072960373,2.9510809953214907,29.68895769262526,10.325713035995113,6.6265276881187996,20.959078134160357,25.619979105781983,,196.00149298884642,0.13997290601459592,Stable
2026-01-23 13:00:00,37.097139566948385,7.15613096190135,3.8259282351209,29.160375941458657,11.230725918653789,7.563258374046223,14.510606028178104,26.56681967597173,76.5563511119524,203.90909889618612,0.1620918124275551,Stable
2026-01-23 14:00:00,35.818780274256305,7.133947352509572,1.8651777253387132,25.975000335838452,9.453253716008215,6.559962170422692,21.269866339186,27.769882830416734,77.65468096344709,210.57979249430366,0.17546901733486922,Stable
2026-01-23 15:00:00,34.58505426349966,6.534891655976092,3.7297805413109777,22.789923597652972,4.0,2.961178368135347,27.363556307589757,27.17186044562761,83.32571090931278,175.45926698776324,0.2402659484451719,Stable
2026-01-23 16:00:00,34.7328108784651,7.077488449706355,1.548602406571273,25.538810443381603,12.856540302986742,,24.360972178600335,26.99701330409135,73.8848136493195,185.70424867075482,0.20029510310386986,Stable
2026-01-23 17:00:00,35.47841491614152,6.91288983915272,3.229864954976157,22.018947916625393,8.904817139559343,5.907361900715081,23.38424487294957,27.02408931936658,77.41995612887804,190.16653167119037,0.1771105256296856,Stable
2026-01-23 18:00:00,38.57325265251881,6.767794566106083,4.040682238988868,24.017855389969146,7.853439558335404,5.331546126139848,20.184719681500223,27.373158089879595,78.89794328437489,186.86253066304323,0.20810991429773082,Stable
2026-01-23 19:00:00,34.67772658258617,7.5015251197270665,3.8667214795437816,38.090867117902064,7.2517794086943645,4.848822749140798,15.198783783375589,25.832791734111712,84.90624587352718,182.4548520822035,0.13297055231700905,Stable
2026-01-23 20:00:00,37.25724265071371,7.241178105189648,2.4261921407785443,25.910948504417703,8.82710819533271,6.1745872874935746,30.411805293666557,27.805184584635423,80.95161387231835,183.6917011219839,0.1229460868694336,Stable
2026-01-23 21:00:00,38.00464718146726,7.091647297335526,2.5227517029298623,27.25122508518774,8.374504337366036,5.838278942460455,23.064473661847767,27.66610696332692,78.76250429048478,188.3569336791644,0.14983799564695974,Stable
2026-01-23 22:00:00,32.90758235811583,6.94185506169132,2.8834959697580236,21.47259675484819,8.025981072230618,6.163135816118132,22.06707908146264,27.24693436016467,82.42815801431644,185.55438699309477,0.17876613613238712,Stable
2026-01-23 23:00:00,36.87649752942064,7.182927483696047,3.539661896768601,30.10036708214934,8.135747460310853,5.496314781045349,20.977591798086575,27.366773744472553,75.89626803622072,188.75834411843496,0.2591526936062433,Stable
2026-01-24 00:00:00,34.37963169547986,7.377602106128903,1.8760501074672224,28.801362113317122,10.559485648119644,7.500742517570809,29.64535114931983,26.96876920480308,80.87971023116953,193.60756980230724,0.10535233552023274,Stable
2026-01-24 01:00:00,31.93721382264576,6.868449563806856,3.3900823181135813,28.836762773275424,13.560726882006204,9.492830919987757,27.96607865570723,28.969404214191293,77.67716254256109,201.47502516517883,0.1974790552528459,Stable
2026-01-24 02:00:00,30.080852875156893,7.098648055762549,3.6335720303500483,26.074456233767318,11.141143196029802,8.628689217195097,19.64742241105071,26.337191959128518,82.4496918390293,195.23740496879634,0.19643114434705378,Stable
2026-01-24 03:00:00,31.951524027698227,7.343058619678328,3.1877221143467622,30.170950478833852,11.745196369509141,8.474331128150123,29.240443342695908,25.9877592507356,78.7836822281875,193.46375558479136,0.17847201505680813,Stable
2026-01-24 04:00:00,34.429217376156934,6.5579196838564435,3.7939907260397887,31.358425983173667,8.745179937106522,6.889350608887741,23.347183114854296,25.36677091897177,80.3479064225564,172.74501410857417,0.1859884021120713,Stable
2026-01-24 05:00:00,33.174848861294606,7.0838804665264865,3.5677931187446528,26.415494596746477,9.709330731101156,6.4724305597120075,21.252560154057477,24.947249730614015,81.5185202310692,195.75594162475386,0.23451074988984064,Stable
2026-01-24 06:00:00,32.97653434060223,6.979798416246688,2.9937593054508285,24.426938204998386,10.352964808460573,7.529554318385087,22.678744259411022,24.607800926250903,76.08251161310544,205.80001531855444,0.2109044776932599,Stable
2026-01-24 07:00:00,,7.06252763982859,1.9478579798053823,29.472854950573804,8.18088421271446,5.712924100161022,20.475162372682963,24.950078775155013,78.83057455803016,209.86049596734952,0.15429740136472242,Stable
2026-01-24 08:00:00,31.30939973509891,6.959544004215867,3.500059811178117,20.47937346720128,8.648539858901765,5.730241126945485,18.056053037630445,25.847578964818535,79.19084809496464,196.3416540601728,0.26730641833946545,Stable
2026-01-24 09:00:00,34.194759094676755,7.138534889458042,2.6851934760775165,21.410198596923365,11.209103916666153,8.141025254100482,27.49258934478865,26.2496258030442,80.21309991058483,191.90693386267463,0.2072974314737289,Stable
2026-01-24 10:00:00,34.435130613485555,7.638615621718361,2.966243031353841,24.733498285575493,11.680585510200217,9.640116019914794,23.006828134358393,25.82625956785792,,175.99935127085925,0.23023415005805664,Stable
2026-01-24 11:00:00,31.290483970367635,7.009301707300005,3.7593431634723142,16.293214657809273,9.634820539030516,6.581449714612882,26.777442901403717,24.763030203444305,75.96002521704534,187.45306549579809,0.228981801101322,Stable
2026-01-24 12:00:00,34.73572159099376,7.181679082546349,4.463000037575763,29.13797636781712,7.1096856384425475,5.140231449097463,25.29245999008296,26.679068100827877,81.481659557075,193.90117294183025,0.2738342526355161,Stable
2026-01-24 13:00:00,31.203832442225,7.658528997154551,3.371454907418493,20.185430562670884,8.908816033564683,5.860462049421502,26.468435001089578,26.40373111039369,80.88501020912499,175.98277393185265,0.1915560093900396,Stable
2026-01-24 14:00:00,36.06269926096451,6.945995638055684,3.815548627334403,22.642544892491216,6.617337730988257,4.299565378999479,14.79305937566811,25.24288682641445,79.62496082916155,168.62642044818992,0.19526155213545016,Stable
2026-01-24 15:00:00,31.20622911021883,7.608109097700111,2.316640494135332,23.933602021601146,9.650404819669454,6.626943816322431,20.099578877893425,24.569458215279695,80.02564006226036,164.3282489252882,0.2675767639973704,Stable
2026-01-24 16:00:00,37.992852271199105,7.1014904418555895,3.5841426857462757,25.196434107852753,10.010806222542838,7.060130442149194,26.562141399308317,25.9300519416421,81.41019213258318,176.3465304388672,0.16455985725246264,Stable
2026-01-24 17:00:00,33.35205100349958,7.598930943242179,3.355070546742128,23.28173361788479,8.958579157924447,6.3399231575337085,18.263261876388142,25.416999651334496,82.04257507578437,162.55278331187174,0.18940073905135812,Stable
2026-01-24 18:00:00,33.42981459348049,7.310056314984969,4.321920685469636,24.663144763848255,9.98342244476641,7.163790708205345,25.678792877155043,23.37370746268212,78.8998094765542,172.25776291253626,0.18206697806697303,Stable
2026-01-24 19:00:00,32.843866571554074,7.185990341523078,2.9946561429784326,24.70186183804793,10.333802478167678,6.606830893058421,17.74182938991641,24.950472309536384,77.43970314960987,180.64217110986704,0.14383703138246762,Stable
2026-01-24 20:00:00,33.20617551589009,7.081623409071756,3.218771787128222,22.76484521186437,10.013724085814248,6.965275686641866,24.073997925726125,25.267663180411148,82.32533500330429,189.19320097116298,0.1552704465483002,Stable
2026-01-24 21:00:00,30.62730588992292,6.925268396833821,4.194110850349596,21.134027711806173,7.0969394154061405,5.376617995026673,31.244956772712253,23.795364556366934,80.94157057082249,178.70771381457752,0.23908803201598633,Stable
2026-01-24 22:00:00,33.26346600838501,7.121221633990018,3.3309746557040127,30.40736962177801,8.99347134897461,5.8933904866135025,27.48570051899231,25.025218149652456,81.3574152000634,189.11285377127123,0.18385941888898344,Stable
2026-01-24 23:00:00,31.610676938976457,7.351261208525607,2.5683689640345486,14.477971488666485,10.319685956532537,7.331796186089889,15.671665736516696,22.974679550148362,82.5760177414314,179.80063961011533,0.20735217074307394,Stable
2026-01-25 00:00:00,32.679108763814924,7.096328799320932,5.313724954967592,23.971424204952587,12.657423542612,9.44378479868085,27.817671319422832,26.247625781645286,77.43074665646284,189.5830882500944,0.2661683481362799,Stable
2026-01-25 01:00:00,33.8160876148081,7.011345614582679,2.5910554274974498,22.655502640578923,8.956148499522605,6.152652975056537,32.20007202028312,26.066176446527866,76.55112341820985,188.90245084232407,0.15199094186042386,Stable
2026-01-25 02:00:00,30.970572399493342,7.0297808904302235,3.3514749388378573,27.093957433632433,10.60168040089622,7.93836698000059,36.58657204572783,24.190770131607568,74.30076264583306,193.34034490283253,0.23353032734286439,Stable
2026-01-25 03:00:00,37.4551613895573,7.377893451803255,3.66001611701921,17.728536017404956,11.256303823847647,7.275377515872955,26.137840818609103,24.85583325032762,75.9996226259946,200.00073824962956,0.2809882259756924,Stable
2026-01-25 04:00:00,29.274981860407244,7.443045207427959,3.6007131317733356,22.501073293781978,9.106744603254882,7.092922144822109,17.860110342515902,21.45444340023048,80.66700320539069,196.54906539981192,0.2889180875461316,Stable
2026-01-25 05:00:00,33.97664491837147,6.913197856144856,3.257692221995201,24.488201330051222,11.79681549497468,8.849015917924321,25.956050901109933,22.88618061497835,77.31514917213535,198.18302604660514,0.13244931762947929,Stable
2026-01-25 06:00:00,31.45827432215119,6.912795399914702,3.261429722105269,30.350368051852296,11.904347662861793,8.72662011127847,31.18215119253659,23.849518983766565,81.61335750079739,200.76981387017534,0.2197437201239069,Stable
2026-01-25 07:00:00,31.363154317835956,7.206220497506791,3.2238011002840334,26.66092483397712,12.260769468122382,9.708874110006176,23.158103191123633,22.84457903476614,76.82687125128115,220.5948357646154,0.2514858217684549,Stable
2026-01-25 08:00:00,30.27562137440389,7.527708978132031,2.5630496060564707,19.08255894565569,10.416864337971063,7.415617820874034,28.693990152971512,24.918349517694427,76.76453262015235,202.7534647413837,0.14558432280303485,Stable
2026-01-25 09:00:00,33.494490337037256,7.420877286327516,5.012664410817046,22.562616406396703,14.220274499315071,9.897565790884157,20.221786505050403,26.388635520772983,70.9463702429102,205.84702184503922,0.33267900401894135,Warning
2026-01-25 10:00:00,30.9327086784467,6.749481380589624,3.235006811714967,29.430256763303454,8.269433774471317,6.660945678656984,25.67558963907083,22.511639336868207,82.68165967027205,197.2330486624664,0.19549943424676666,Stable
2026-01-25 11:00:00,34.02323750403833,7.026058728402278,3.847698244617322,18.996125670384664,13.74815517235788,11.428045639501411,12.796892181734426,22.851229842118595,74.23669175462149,201.82810781516406,0.21650452650678764,Stable
2026-01-25 12:00:00,32.51623003114164,6.839431004686936,3.149010356738796,24.606778658138147,11.036598977316865,7.635791590141838,19.723490781734768,24.072264475789098,73.1980516021013,198.88666866860783,0.1887818752330763,Stable
2026-01-25 13:00:00,36.42499831454012,7.025096493863727,3.1339272457333873,24.954397737368623,12.180774666053438,8.815764065464132,23.972457087231646,25.657557592154124,75.87487684123474,206.8922778947785,0.1953651883498205,Stable
2026-01-25 14:00:00,31.474289724290287,7.5492347988898985,3.0584172529977622,23.071084700396177,8.859924490916578,6.9769897696391565,22.364894712406038,22.19283150388445,76.6507302312659,181.62732010294877,0.23385850078248818,Stable
2026-01-25 15:00:00,35.149778978312625,6.701671818340754,2.237615659008062,38.478758913994575,11.188949405927525,8.119843240389816,18.14722127575914,23.894976299383252,75.74695681819793,175.1370585920562,0.1764441390587932,Stable
2026-01-25 16:00:00,33.601068051930724,6.646717717881546,3.279534144909423,22.936342702762254,12.353948327328725,9.422385643163457,21.751547108617697,25.71915248654084,75.66153161377794,177.16530704246645,0.1479819747782525,Stable
2026-01-25 17:00:00,34.2704163929526,6.868004837038591,3.0947442592604273,27.24882579683899,7.325282712552255,5.661873614145384,25.483447718105985,21.48997097164899,78.41177216661028,173.75522436273025,0.15093684097599802,Stable
2026-01-25 18:00:00,28.903539977576948,7.180446968721277,4.278643381888583,21.16849439890358,9.173347436369161,6.412841790534273,23.611975858004016,21.874332383405193,77.60759214123995,190.3701496546355,0.2860128248968732,Stable
2026-01-25 19:00:00,29.310960633419224,7.273811349779412,2.502474911811613,27.63873995999702,5.2174946235376245,3.929087056796668,24.274219064418908,22.843884301814562,80.92220579117908,184.53717850599173,0.24813043387420256,Stable
2026-01-25 20:00:00,28.249078150952457,7.222485561761229,2.9671396168338586,29.353937984259677,9.143334046301687,6.671519650699923,27.293859613885825,22.669183850330526,77.06344296289772,176.45626938839803,0.10218994138191603,Stable
2026-01-25 21:00:00,36.873836750760475,7.429191912904685,2.7261696499344383,22.06017981626951,7.8679836130798275,5.217041419183125,22.45576784670039,24.21178740764433,77.61196509409127,173.49024371861253,0.1643656757656429,Stable
2026-01-25 22:00:00,33.10944374506809,6.606336033614499,4.481897795508856,24.726490923907335,9.06446462406653,6.1236722483670425,30.116300473733617,23.470548599832295,77.72862396442567,167.6146020719062,0.20873468380065544,Stable
2026-01-25 23:00:00,28.327383854833627,7.432734230740502,2.7479436663589967,20.523601150545634,15.347286715209318,10.652813674291666,19.548280202543644,20.995625321594243,70.41596718035579,168.19402274592284,0.17478716307160136,Stable
2026-01-26 00:00:00,34.188288601834394,7.012613310387038,3.8217248835446025,19.27798093975054,12.935607013594398,10.10359635411062,32.676011488767834,23.690243208087402,76.53085327634523,178.2345843141998,0.26126855734848276,Stable
2026-01-26 01:00:00,31.701423386495705,7.304818406745363,4.127621105054485,30.183977162501034,6.621104926598736,5.183495525976605,29.00867383722418,22.326039016260143,81.880895207227,178.10517567518332,0.2055237309939496,Stable
2026-01-26 02:00:00,36.42919187147595,6.729440880506303,3.2904078164384436,22.22999527058176,10.61147660319881,8.18405050663148,22.398009987695,24.496936928724768,80.37531145927817,189.9588166492744,0.12027307912915933,Stable
2026-01-26 03:00:00,27.068539033566296,7.10138787516254,2.3673917492946486,12.93193835745965,11.097862174118477,8.370075223047278,22.69806583096014,22.164204699046117,81.61889630197552,186.09941552868887,0.22379422465911564,Stable
2026-01-26 04:00:00,29.573570450029262,7.166155815764924,2.3768846059272324,33.82678078246811,8.82420582659082,6.642027790185189,24.930310162252812,22.10429066665777,80.8691067082136,187.66030038490095,0.24122983993219593,Stable
2026-01-26 05:00:00,30.544687767986606,7.423610290499557,4.04482304859706,20.98952338468697,9.856615206317098,7.345798460737971,26.694019184423894,23.469730535872255,79.26735235526617,184.79302071782567,0.1946091833331311,Stable
2026-01-26 06:00:00,27.74190113922181,6.6561287056698255,2.4545544859001067,23.768134781259846,10.051964414829996,7.5632773331437235,28.925467238550556,23.68926649203901,79.79887876590723,160.0316294305058,0.24391907570344695,Stable
2026-01-26 07:00:00,33.3867627975337,7.108610713589773,3.694019958294934,33.20453252747157,6.806777254276279,5.146910192832757,17.967339383932124,23.26610838797431,82.35969478822912,168.38926797519736,0.23958212638190385,Stable
2026-01-26 08:00:00,28.120779467281956,6.796134118480199,3.4857618323654473,24.2912895290618,7.437341291827703,4.854774959996495,25.96849179927561,20.661572578888673,80.68815707173877,164.46166393819962,0.24237502959874313,Stable
2026-01-26 09:00:00,32.766372144340416,7.241538892378316,3.68284936323327,24.183316988990683,9.844593436881981,6.75867180626759,14.475685863917782,23.28710973436729,78.08209204724952,168.97937523324225,0.2810344752642917,Stable
2026-01-26 10:00:00,34.07831318678227,7.317620630207715,3.7536886058844154,18.859134777247334,9.698805055963534,6.531265626898964,23.202147813740325,21.358769318123045,75.74702003388138,181.8864133942387,0.20227666600372984,Stable
2026-01-26 11:00:00,30.135557337103236,7.460407667902264,2.6997469116865735,16.82583150186217,8.082874569165462,6.392688717961767,30.54260626704356,22.84204472075845,82.01442431659665,168.75375440380853,0.25573966599099907,Stable
2026-01-26 12:00:00,27.970016258532272,6.950191752793655,2.668353865738944,24.16806867701936,7.911247720292311,6.494940597861999,17.62075935501676,20.812322223846582,80.01051525506186,157.65614931188446,0.2588399825870856,Stable
2026-01-26 13:00:00,31.256135904876245,7.359623415992861,3.936195350575302,26.814048870374474,9.320441500657587,5.6920156614921815,16.803429962857518,23.018807565428254,82.30335593506902,164.1421225430196,0.22802181635317129,Stable
2026-01-26 14:00:00,31.45355287032689,7.481052444493574,2.9279915420767026,26.52762704105386,11.272301905966547,9.198928841609266,24.993577947965893,21.479058164360072,79.01553785299674,186.4796127140817,0.1266883887350169,Stable
2026-01-26 15:00:00,27.739494238770106,6.639890848440469,1.3373886309961387,22.593694597653922,9.34702845810626,6.86791306746546,30.243431238776708,20.872920289390407,77.08809248620379,154.59756876203375,0.1940453911749683,Stable
2026-01-26 16:00:00,29.973207358549153,7.271456577627566,3.8865664734128984,25.101288996734713,12.745461661271298,10.014104002306373,25.46427952988395,23.235130552813413,78.37126595597559,167.7737225686547,0.16076488578920844,Stable
2026-01-26 17:00:00,32.75073231130494,7.3683831510584294,2.6228040339484235,15.813950023360164,8.108358904674878,6.14496596086687,15.42921946403302,22.636353770822204,73.48978620406619,159.32411381873507,0.20562614414700736,Stable
2026-01-26 18:00:00,30.336099754527435,7.027556611811518,3.75035190842894,27.300835103477393,9.886219602909652,8.000143709939895,16.425922141291768,21.578821106851365,82.93934475948488,163.99286132618613,0.23991035091641627,Stable
2026-01-26 19:00:00,27.938152375863535,6.76098339829297,4.444616386987727,25.80702922385023,8.791409141791988,6.519144908540394,24.439858948182387,24.027608901873176,75.86247766383384,156.69503483379935,0.2975261995032457,Stable
2026-01-26 20:00:00,27.278625595117237,7.364027611710705,3.4125718429464604,34.86830447091429,10.67592189282622,6.992835649893962,18.693409113169047,21.729409194055453,78.56185855510095,161.02846752582983,0.21175779437929312,Stable
2026-01-26 21:00:00,33.27259595326731,6.764137528283828,4.1468243737476485,25.037398232145236,7.936824235549608,5.747751928127109,24.615088322575453,22.270124225612896,81.13171617981921,171.57179301622145,0.2875243814881049,Stable
2026-01-26 22:00:00,31.33296361843547,7.050061598336947,3.5153482604021513,20.286653239269604,13.354795507987511,10.127757178482641,24.881978009701225,22.529107052277844,77.45449664661686,189.2134569872587,0.22633634524570123,Stable
2026-01-26 23:00:00,27.91465627415042,7.088765263815067,4.590571996105861,24.746384329555905,6.118775193847988,4.394027932809282,21.7960912020403,21.43904813622492,81.05948278789097,174.77176340530656,0.2808853888048195,Stable
2026-01-27 00:00:00,30.38485532248963,7.3003506544771195,2.60341966843217,23.361000999920815,12.930960479360492,9.907381809717942,32.16639432276966,22.725674636959596,69.70524334098437,187.36298593093568,0.2008277446109003,Stable
2026-01-27 01:00:00,29.52573954586036,6.924543163336491,3.3938387646876325,27.17353934385199,9.679976938217665,7.031405958517161,26.657102422204314,21.499266200257022,77.50180328333094,186.9158514697541,0.2857040204810559,Stable
2026-01-27 02:00:00,31.097447980739034,6.9083165671282005,3.9048712037811004,25.13446030862593,10.604849163493826,7.394199131593746,29.452158954573793,21.62598126017871,76.84724508025703,185.92857559509133,0.2546161984108407,Stable
2026-01-27 03:00:00,29.02057591981898,7.12769633405367,3.2571911822424657,18.70026649473678,12.169049806183915,8.15656348159161,28.1426179122223,23.73710270953656,70.70797015227282,187.0432803557213,0.210791152335307,Stable
2026-01-27 04:00:00,27.154765699744253,7.381789333733529,4.264164247489502,16.8212835590299,11.215322990332139,7.945497299219401,23.324668971225595,20.83666397708517,76.8981060320697,181.2980135136346,0.30149704910021063,Warning
2026-01-27 05:00:00,27.72083436279224,7.740486000182881,3.0759703453669145,26.31454101316508,8.039946224413878,5.959621722266796,23.124987368972935,19.17492285306546,77.27042505392475,158.93331945142262,0.24177340602545347,Stable
2026-01-27 06:00:00,31.790067281861667,6.677905264061943,4.952028363721666,31.915572705346193,10.700179110525204,6.658009371755539,22.66070983427053,23.989736442852568,78.92253364720844,162.26401828739066,0.2525738630488883,Stable
2026-01-27 07:00:00,34.24734158843455,7.188295764980242,4.991648128204184,25.396739420258598,13.234947945269234,9.093677112143522,27.0649601362511,25.103623223161133,74.14985271516449,176.3143637752615,0.2631056938424823,Stable
2026-01-27 08:00:00,27.088377840404537,6.795770192654398,3.611553997170475,29.066486769601035,7.725416575678355,4.79116382018781,21.073356701826615,21.54739263512373,85.17732063812099,170.04232999609704,0.24663209869729674,Stable
2026-01-27 09:00:00,28.41452514829493,7.3852671480978875,3.8144508852659627,30.064045771018,13.736857022387955,9.56168882907681,31.762648239155556,19.70026779575229,73.62269633551084,182.1128243256591,0.2947603725907548,Stable
2026-01-27 10:00:00,31.82729195854896,6.8372075267534145,,26.33395922897334,10.271404971937129,8.174521377824329,20.643588133474232,21.644124719794018,78.80457319391586,182.95422756718588,0.2722960919262805,Stable
2026-01-27 11:00:00,30.640583750162804,6.911098498908949,2.5096019507744747,20.92754256069296,8.633544456159486,5.739266084845503,24.96513782533663,21.666946655864237,78.83377677769175,180.38055913440442,0.18266087936687905,Stable
2026-01-27 12:00:00,30.055916292371307,6.935004159462081,2.415999989066657,25.97654042522782,7.713421230783491,5.929104700651699,22.96913634579323,21.777692812848123,76.22840829806549,179.10029898322387,0.22089659338513318,Stable
2026-01-27 13:00:00,28.474435741125053,7.078664297158454,4.342314185393226,31.035364438002404,9.05342585118345,8.027540359284988,21.97143008526063,20.666202946256995,78.43479163597281,195.4814481329023,0.2626609415369299,Stable
2026-01-27 14:00:00,29.026187772155083,7.190495327120438,3.6054913546547493,27.64945274799957,5.589443337859009,4.5271394329615005,33.77556083608626,22.695890077698085,84.29409026506968,185.8025100199661,0.2397812965965939,Stable
2026-01-27 15:00:00,30.485457966782775,7.235436390210383,3.2301210655151578,28.741226714143277,8.669511061882424,6.39240534022577,22.024255463643915,22.629455151662352,80.83546345227998,191.18918590106003,0.19889308756769492,Stable
2026-01-27 16:00:00,30.727282452078192,7.09838508706882,3.4083424771608706,22.68726879154087,8.974145512288777,6.97483058852021,22.62875468553408,20.20787074631738,78.29268514314155,188.74257123720503,0.13929427963971935,Stable
2026-01-27 17:00:00,30.604729008635196,6.727630513716637,1.610468895726948,23.98823120127259,7.351172701775161,4.812573456790834,21.011398806948495,22.842786021835447,77.00693700593493,169.76206254388717,0.08803040724687566,Stable
2026-01-27 18:00:00,30.69143689386043,7.303780122086852,3.257078264157249,24.406363445498165,10.99569038980872,7.075311063457379,24.18468277060015,24.47104487255725,78.6154560795245,186.21347819693875,0.21160563717940814,Stable
2026-01-27 19:00:00,29.235233355852923,7.0851715741743515,2.8352149456050824,24.74330998731602,9.062467424421225,6.629905382154591,23.544121346957876,22.219727533383697,79.98624903923749,190.97616719194846,0.16983450377008988,Stable
2026-01-27 20:00:00,30.017315419333755,7.4252857412041156,4.0885537252113116,30.839791580061792,8.228410910771144,6.187136197890501,18.96336091183063,21.615614824781897,81.88011622386036,175.7455205750707,0.18165887865267027,Stable
2026-01-27 21:00:00,29.111478613879523,6.901833141745618,4.146273083788005,13.264131358309164,8.849332129862914,6.99267353956158,22.090335610435545,21.858506608241218,78.46538738205052,172.18732438222943,0.24672691064226274,Stable
2026-01-27 22:00:00,31.747803639398892,6.651363076341721,3.8325101755974327,25.152691522909187,10.210214946631694,7.134061806594369,26.743589442527828,22.77719707327261,73.57884807134441,162.98207237332866,0.2592899018253021,Stable
2026-01-27 23:00:00,29.019219119452632,7.090472719248739,3.696593986599356,24.60251812152573,9.646442420933989,7.1445097795217904,28.621440822398792,19.973531597954572,79.68795803675775,170.2400983393374,0.25300831379621297,Stable
2026-01-28 00:00:00,32.03848799241212,7.462866752719594,2.276989938459799,18.142494292779254,8.098049823824844,5.982443503580313,24.10800275834466,22.260521631602828,79.87909326349144,175.87444729666143,0.2135432436476497,Stable
2026-01-28 01:00:00,32.45619312141423,7.145063798252494,3.8429823099976557,28.358836082937326,9.751306948080888,7.0479845380935915,24.265476557939444,21.609074176884167,81.72790248541939,178.88730107680374,0.22395701168906768,Stable
2026-01-28 02:00:00,34.30257511293393,7.0440924562316,3.8720484591425377,21.377499040275378,9.398648084867485,6.823548979885483,22.375522177056254,24.31085766418921,78.67318449624855,182.38830409340792,0.19680988155172405,Stable
2026-01-28 03:00:00,28.033272883609847,6.856302835055918,4.333894490326547,23.214836753234202,7.221071553702375,4.931928703806981,21.739012341189525,21.901751011905766,80.66526122332387,169.45045551232033,0.32095257630909196,Warning
2026-01-28 04:00:00,30.323893964328775,7.59217461067063,4.988657359322648,34.24390953877022,8.92299061298548,6.6510536093464845,19.86192136552964,24.130962857481318,80.12014556667948,161.6613463896132,0.2987655177814786,Stable
2026-01-28 05:00:00,28.67364860048441,6.811711273432262,2.1305794948212933,30.04986824769528,10.658676540841777,7.895177480465327,16.99507745592472,20.825191553404057,,162.54318180712286,0.1901911903426106,Stable
2026-01-28 06:00:00,29.973660597410245,6.896889607864092,3.10864238078634,27.87243469572558,10.644276519793017,7.512723479464985,20.838989966520586,22.876011311889073,75.74288417739807,172.2497003618842,0.19433681454066778,Stable
2026-01-28 07:00:00,28.300977943266084,7.259609574903526,2.8433000221317664,26.90388467322202,9.040071335193213,6.930277651880437,28.068237903032312,22.577631397187968,78.71519049896193,175.70292564126052,0.23288784387989486,Stable
2026-01-28 08:00:00,28.29258558125674,6.580314206831698,3.5293803912888055,24.176599887773286,10.853545589571953,8.53664721557739,22.090123757862703,21.17596916960273,74.84543863975311,164.10587579812326,0.2227838842721197,Stable
2026-01-28 09:00:00,29.50856688885048,7.456885386306775,3.410051393663529,34.99688632685051,7.540089006030756,5.785176240325125,22.442915923376813,22.45759275608856,79.88717233030434,165.07513442747614,0.23297633951033236,Stable
2026-01-28 10:00:00,30.383345187539796,7.274774071980859,3.224438445189891,29.010838157201196,7.602024323613348,5.1136203851078,22.355316601284088,23.727040667062205,85.2468790700084,169.67384940570685,0.21040237019679112,Stable
2026-01-28 11:00:00,29.28059069283659,7.35178470010711,4.17070327105088,21.25225043017374,8.997490073412639,6.617478652492135,29.601184496247303,21.912169665146603,81.60909424340328,162.0607458305191,0.27619392396605646,Stable
2026-01-28 12:00:00,30.657360377518316,7.256272763345903,2.573939341614412,17.99948860891173,12.49513227217427,8.495081372261483,19.822278432608982,20.300458676881654,76.27496258132486,183.76381397563497,0.24983258012468268,Stable
2026-01-28 13:00:00,30.739692272829558,7.054885415112216,2.6191588994555453,27.834190009946347,9.826503253076412,7.225531128819621,25.24674002275497,22.34121619033108,82.05268989931089,189.12793510338162,0.13061096487875,Stable
2026-01-28 14:00:00,34.25585399977675,6.802318361156481,2.631831046676468,24.720654350607777,8.949268380668457,6.086267497206459,23.69190239893426,21.312235847665807,76.98849137431493,174.55867270828404,0.1610898394144661,Stable
2026-01-28 15:00:00,30.359567304715966,7.060778876457011,3.12975430943051,17.855309165269162,12.588276002413293,10.073692134254896,24.30567071292646,22.018550932676668,81.6378236722867,199.74597402644176,0.18036801623256973,Stable
2026-01-28 16:00:00,29.78689406449017,6.826933832709262,2.478557338066115,27.14293082855791,8.926123129592924,6.900636107509415,25.099576832024027,22.367025612364674,77.92262057650775,193.14647273840276,0.2041506445049261,Stable
2026-01-28 17:00:00,28.463328757829892,7.236123486821387,3.363571383400547,23.654864198442397,13.969466474571988,11.083576025996182,24.257242231206316,20.455062992520162,79.04004826420096,207.70336926794667,0.2742332259547185,Stable
2026-01-28 18:00:00,29.114287217404524,7.325898352553468,3.27588235402685,27.65332462763735,8.47743375275851,6.678901378540688,27.568598489929137,20.601303260517444,84.52107386669061,201.25519088172112,0.17673108589453929,Stable
2026-01-28 19:00:00,32.02865056725594,7.513506416735498,2.81011366450069,27.20870107290453,7.476542541497398,5.346602791251742,23.86834202416682,23.158142652913806,76.14038294150959,179.80725317216132,0.28750944463584344,Stable
2026-01-28 20:00:00,34.14670169059322,7.2040949393548015,4.055324690542147,21.958679892280806,9.167276050296248,6.477519006242618,31.849693770415637,21.993279038875173,82.50045430755829,178.07677398865593,0.21672009650410848,Stable
2026-01-28 21:00:00,25.8943840862122,7.358881099846652,3.3553746037849472,28.164223822121023,9.001831478325967,7.433665720503846,24.200159725350808,19.585025016167336,78.28839567054234,170.80652201021334,0.2593928722228834,Stable
2026-01-28 22:00:00,33.36608516890622,7.01679947357556,4.196985523023852,22.510474586825502,7.884560047301434,5.684124565707487,16.334399028298787,23.647993052550746,78.6955188094034,175.2443343014024,0.24589441006929916,Stable
2026-01-28 23:00:00,31.493259443919694,6.966082401357705,3.2537126115966757,22.835590634095144,14.703948156316873,9.63840955938609,26.872396611646792,23.077758248691445,74.6076471440956,190.41134186474974,0.2005408220461348,Stable
2026-01-29 00:00:00,26.798062697842596,7.232628129428704,3.381853833826484,22.33864296689311,10.1372531356105,7.961906780763909,25.76443562366902,21.94025818298383,75.3429585525026,190.4854803126339,0.22665830935636688,Stable
2026-01-29 01:00:00,30.805348179090597,6.991787595639265,2.977913196488717,30.654872139031355,10.428499147343167,7.695269421424841,24.14645264292866,21.26395061490107,78.82649357244753,196.80471767948055,0.2052938516788903,Stable
2026-01-29 02:00:00,34.43083383067294,7.175372020871744,3.3947150945983866,23.5971380597282,8.576241465726158,6.970999994242532,22.83192907970485,23.895586709065128,77.07177232852993,207.7011364253915,0.16838736848679153,Stable
2026-01-29 03:00:00,29.64717264448085,6.802866186986082,3.9341734795990346,31.86221590282126,8.34466123050974,6.203115179134103,14.484214200930964,23.36152545203571,80.0980369676448,187.00377347195257,0.16875705791663845,Stable
2026-01-29 04:00:00,33.83444956256356,6.853144248906635,3.0914993257972765,33.9174243509343,11.551116711435402,8.419608026036913,15.239201719804461,25.852317298347504,79.78728973628998,185.67786136691683,0.11445368325776713,Stable
2026-01-29 05:00:00,28.09878951067063,7.277914604285121,3.7888089719009983,21.306404315727757,6.148316454820478,5.004340064453784,31.413836492238666,23.54949803468604,82.81797838376066,178.67484067817648,0.3161851079005655,Warning
2026-01-29 06:00:00,29.046151594791866,7.348273221113707,2.790439779215694,10.395023426515333,7.214271054419263,4.655977642560142,21.365238286052758,23.56376451416054,79.88624997737787,160.5862630860107,0.2577738586054761,Stable
2026-01-29 07:00:00,33.048671504684535,6.824016272689329,3.969287924141657,30.222547716356363,9.005382988784891,6.28400193610484,28.345291923984938,22.952612349450032,80.34814478830991,167.417081454024,0.1433576508669625,Stable
2026-01-29 08:00:00,31.255768986233267,7.287772006941798,2.9650706295160543,23.290140513199294,12.202094611268624,8.31200628468484,16.786350270417923,24.188601998248135,72.28170478371914,184.70515967320023,0.21543232066424203,Stable
2026-01-29 09:00:00,29.797635853138928,6.950834011550123,4.038759904921788,20.669067934340042,8.750966054061053,5.331706444910782,19.289137670842806,24.015241803015005,77.15188198544887,191.2054470031776,0.19247277170517813,Stable
2026-01-29 10:00:00,33.283905624375166,7.104621449336086,3.4457324068252486,22.05640946923516,10.332303114548393,8.038787067591366,27.05388426096772,24.824984895458304,76.59202173418407,209.84446321501966,0.2034762652539283,Stable
2026-01-29 11:00:00,29.71136744329365,7.49674443642138,4.540715300043297,22.925930893169852,9.555457358776183,6.682532538187028,23.53874533935615,22.756192306155697,80.41166825651914,195.53539831492688,0.24971796965847004,Stable
2026-01-29 12:00:00,29.977584605507296,7.326096425526425,2.5344492053093433,31.4859654534687,12.092516825873616,9.42968708813481,26.419502273952205,22.91922792105837,76.92198005867995,211.05470168283307,0.20701334701000337,Stable
2026-01-29 13:00:00,32.40643661099719,7.322844156646213,2.2928674200160986,25.799556196587574,6.3305539635741575,4.756776710018346,23.938653453315865,22.927784559647385,83.0073621726792,203.9323852070386,0.1920256578460427,Stable
2026-01-29 14:00:00,30.190231511427758,7.63446130036795,2.9378370655183246,31.417993150540678,10.971926407445554,8.375890012882321,23.06547616197026,24.513698229296452,76.95961722027836,197.48175691692347,0.2137492828643606,Stable
2026-01-29 15:00:00,31.615100808827684,6.902913784506056,2.361541788974265,27.47110059639248,9.102202140514805,6.416624965464469,20.939802773212993,25.42583123419135,76.92754874447878,184.14472854646323,0.16064984861335246,Stable
2026-01-29 16:00:00,31.449378301307185,6.823955007002087,2.3629488291787917,23.45384638024758,11.349768387838816,7.808258754743706,18.626988048314995,23.141218317009447,80.37052395358452,176.7444383319862,0.17941697483268224,Stable
2026-01-29 17:00:00,33.18594330296979,6.8978057643359945,3.866163070344907,23.048213983953715,7.861435787799369,5.777658839717347,30.312155803796244,23.247123721473375,78.39408057603148,183.1958151586121,0.17566022054484476,Stable
2026-01-29 18:00:00,34.67605176717257,7.0287397050461475,3.396865904940506,27.808043753748006,9.548786139725676,7.453345604486486,31.052890977584465,24.19973116419287,79.49881123453888,188.28931406849648,0.1496192178582747,Stable
2026-01-29 19:00:00,30.26472901705693,6.4407258279982695,3.0402392674718057,29.102128146663542,9.294986578174631,6.759583698506072,19.325836703651174,23.594852457780174,78.424751788941,166.70882879618895,0.22332509041617024,Stable
2026-01-29 20:00:00,34.97483396703153,7.041920093724893,3.1097780520209257,29.983963428504346,7.495129057359175,5.182083528822455,19.031644040968732,25.10008003319223,81.91235386022746,161.05720513651775,0.17598561462173845,Stable
2026-01-29 21:00:00,27.755949229512503,6.9475201950694245,2.9520717517552453,23.692307443121283,6.9391739741060725,4.607986268710173,22.435020859100586,21.324233816453322,79.54710856285159,154.79209925016974,0.22375994669721458,Stable
2026-01-29 22:00:00,34.756371270244315,7.319452734871383,4.637776875864283,25.876029282022362,8.339177276273714,6.181239748472231,25.531957566884184,23.103952576430718,82.2925156259439,165.96136905366075,0.30657377115993323,Warning
2026-01-29 23:00:00,28.960049566951216,7.198677426122811,2.8483707192677223,27.920202046276632,9.75986225799,6.827280193093737,23.18181806419499,23.227591617790672,81.68583253159984,169.2272376728681,0.148910115369497,Stable
2026-01-30 00:00:00,32.110353840881984,6.931804944224585,2.4083995764375254,23.08017487031569,7.986175551391014,5.79839684163745,26.247840293614747,21.45339621929852,82.49213215484991,169.6625065384726,0.20499216285061686,Stable
2026-01-30 01:00:00,29.840635795428494,7.265189036701613,3.997037963114746,19.325299830986165,8.839852873944364,6.337000286232009,23.778379735748853,23.15360800906594,79.55421044098975,178.89130516077626,0.21813365101167653,Stable
2026-01-30 02:00:00,35.31122753374634,7.302513656750655,3.238183282489134,20.968644666489382,5.728405291032859,4.041712421375485,23.48415986347845,23.28473462415714,81.18378159370793,185.91079390436173,0.24847091182869158,Stable
2026-01-30 03:00:00,33.397961153021846,6.884807178858405,4.929080266613414,23.794822787260074,8.75870015903254,6.53538466728293,34.85885431546441,24.215319695316875,86.29657930061636,181.5369415719794,0.3036450131295812,Warning
2026-01-30 04:00:00,31.834648260375978,6.961953208492923,3.0053457709043983,28.311035696101506,11.547173293250014,8.781599015400989,21.63658536782112,25.866681319192423,73.97376534484506,195.9523158272898,0.19925681757925257,Stable
2026-01-30 05:00:00,31.267781058907207,6.476898307612564,4.034488134817594,31.29488747786051,10.910360651940167,9.143867889645565,31.37976101771046,24.31225801799222,79.29271322736017,169.78137961214736,0.2029925681231268,Stable
2026-01-30 06:00:00,33.00763459160785,6.7946152071766,4.211647997949479,18.219763956326897,9.326156125945714,7.196884860446943,30.510883804563885,23.445272181160362,79.50580609424584,173.37188887838548,0.32851100404253514,Warning
2026-01-30 07:00:00,34.795796677072836,6.892108523081398,3.008998125848497,22.013274930350086,9.987305450028327,8.166145550333079,26.26842077963092,24.69050784184171,77.85635094452486,186.00362670976224,0.25414664490255107,Stable
2026-01-30 08:00:00,33.95369919952853,7.120766529449686,2.842809424068223,23.21068751468374,7.843479208811686,5.3726026977947035,15.332406735977136,26.09513038297745,80.61942814052335,193.4451286304391,0.19180500070378845,Stable
2026-01-30 09:00:00,31.832197969527463,6.835292849779251,3.9560248981981783,28.97358516153322,12.7488773665828,8.184116807208548,24.139758706633327,23.74288140760053,73.97558437501394,209.84917818493938,0.2592375228833012,Stable
2026-01-30 10:00:00,33.416576258552524,6.956233443626249,3.831168938435448,22.3594473230575,13.63552501302781,9.943111233305387,21.68387359172004,23.899870193264395,75.43211384508531,209.96257874947548,0.21665770993747943,Stable
2026-01-30 11:00:00,34.00553857393267,6.756907409156872,2.342042424466805,22.851338325262642,9.829647261411948,7.6395182841174085,24.09040811148213,25.74194171991103,78.96241395348822,215.70020164829603,0.13922480853030783,Stable
2026-01-30 12:00:00,30.29852422799292,7.147911891588755,2.5536732727714595,17.94003711424888,14.681371672122985,11.28357218891074,19.21664943425453,24.885533946669675,80.01276138518995,212.90093103157034,0.22572983988342404,Stable
2026-01-30 13:00:00,32.38265296868915,7.219200086483774,1.497677496288996,27.417036579866295,8.139635256929315,6.4842449661221115,27.403160770725236,26.008601017969514,82.5374202807801,199.71519690041967,0.13371863873711032,Stable
2026-01-30 14:00:00,33.7662492381784,7.21266229755755,3.8465401404841018,24.193004627017228,6.997841519862094,,28.432432621999798,25.296009351875075,82.29186541045392,193.41920411763158,0.26786632024805845,Stable
2026-01-30 15:00:00,36.66661290224104,7.103461116933472,3.203629605148191,21.72977482510202,8.080752491811763,6.455824108126084,29.265109359301235,26.235648069245656,81.3581448414623,201.25555267665302,0.2279369632314935,Stable
2026-01-30 16:00:00,35.46526498819388,6.668499560979609,3.2783871842685386,23.702433877589517,9.061019469850018,6.781724049412243,22.280195776269597,24.233300139869787,83.53782466888934,182.4991754989549,0.20620379417319176,Stable
2026-01-30 17:00:00,35.10214509619394,6.926412974110002,2.13141692672361,30.634977509656316,14.124133102405928,9.111185414842309,19.23258704078952,25.543086254651033,71.4498004857434,202.1858896763286,0.16349498983166874,Stable
2026-01-30 18:00:00,33.96196271716641,6.985954131750824,2.576423235183005,19.975565458400784,8.937681745188081,6.880174555091176,25.58256637411853,25.38738119509368,78.60548639540748,209.74278726321404,0.21667792255272192,Stable
2026-01-30 19:00:00,33.761792187459065,6.987077312382224,3.0415308155743253,20.79170184448202,7.780688374391957,5.752430524643572,31.902334449669336,24.26416441549411,75.45146455641122,193.89646958786537,0.19392654404207946,Stable
2026-01-30 20:00:00,30.596960932114115,7.120994741037154,2.8957557998891343,31.261262237328104,7.703082280845127,5.7847653010318005,24.3122533557609,23.930462632527824,81.69385232455963,199.25852485692778,0.15246834885007063,Stable
2026-01-30 21:00:00,34.406829356792336,7.499151584263885,3.4883770566382233,25.378874140094286,11.780044224086561,9.246757532230438,26.03533688750445,26.713291277308763,78.34039015227418,199.68272162371395,0.15090109137180518,Stable
2026-01-30 22:00:00,31.90507319931637,7.327386939551688,3.83760109497386,28.348770483559587,11.494603496618073,8.663082014027172,22.94284449353101,25.553334641995324,74.01639637279484,195.6194239516479,0.24562547222125436,Stable
2026-01-30 23:00:00,30.33464489139156,6.8234950216423655,5.102209426963897,27.008759550028433,8.52904362729278,5.5353034243116435,21.734384073469066,24.832130112806983,83.05865641770897,182.6061414143083,0.31505124554255914,Warning
2026-01-31 00:00:00,34.69521757805702,7.289952805083057,3.384987227476806,24.823327238530258,5.748431767845689,4.151135469120243,26.962241723720243,26.02811955478461,80.45436825059235,187.21311172301264,0.2925715689799883,Stable
2026-01-31 01:00:00,35.95310513866724,7.279284662946406,4.236551997322709,23.258504404257216,7.2428129105814305,4.642856851674624,23.522699546975105,27.582078525497753,79.90101681687716,194.24917846779516,0.24410508009555865,Stable
2026-01-31 02:00:00,32.952025694005386,6.874301107573562,2.777520417265169,29.157790112419093,12.942487674999086,9.910042149168818,25.815853101881984,23.57672072498736,75.356427114051,210.69477593006494,0.17316047158436002,Stable
2026-01-31 03:00:00,,7.337682458337922,2.143790263768483,30.811682839055774,10.877615769098941,8.777021584394436,26.283780857746624,24.602993347619243,81.1078751378006,196.9520590696366,0.16923586023418252,Stable
2026-01-31 04:00:00,33.86231632513623,7.0550945419353255,3.1357737649674062,30.420941735080483,9.63092275111661,6.37297557103413,25.563825776125086,25.3770277824885,76.22358270368115,203.03885278790392,0.18578950264365515,Stable
2026-01-31 05:00:00,37.43682397773226,6.705213022795955,2.2017087115943186,19.07264183176158,13.237666346302117,9.17462270539467,26.51034893724483,28.323590646377156,75.49045146711208,195.6654010678571,0.15326540316585957,Stable
2026-01-31 06:00:00,34.9097260530366,7.2274567628984,3.411004875376827,31.524555089221646,13.416652545623032,9.143042015392076,20.161474202579587,26.995092245491556,76.52044184135802,210.63201246035973,0.17362329076299085,Stable
2026-01-31 07:00:00,36.488465142882,7.160749310612067,2.814659406618501,23.210323729011776,9.428120796077403,6.647157125776898,19.88686789643926,27.662682352437198,79.9930546131213,207.7448733699263,0.20643059606472566,Stable
2026-01-31 08:00:00,32.00741003356207,7.036250263827968,1.9342964599340609,21.22485231227583,9.464856478936667,7.124039159675581,23.808202770267346,25.459698838934788,80.04864610373009,207.68716036442012,0.16950077525641669,Stable
2026-01-31 09:00:00,34.30990202017445,7.089513136204676,4.702018859395133,24.153361516157634,8.335906635775846,5.8820757881896935,23.916474058824384,25.57049016889619,81.56784391965901,214.33568819378422,0.29499632229909306,Stable
2026-01-31 10:00:00,36.87421183063928,6.89865606591123,2.996828715170965,29.15564217624366,8.93079342502973,6.839997869950271,21.64954727976167,27.53737646006726,77.68239976345747,212.26163627598783,0.165542323163948,Stable
2026-01-31 11:00:00,33.8166331217573,7.27083654106319,2.1717855227918514,27.702320920140313,6.527350048399757,5.147441403489148,25.08450133386604,27.155995977901707,85.69209941867607,198.99494957666658,0.18003358234313893,Stable
2026-01-31 12:00:00,35.93425883873637,7.0878338223375,4.073628842880467,23.72306794072866,6.51922724763188,5.154079935594646,28.086978438753178,27.83059464075067,81.20289925693706,189.96649027423123,0.274389148209563,Stable
2026-01-31 13:00:00,33.7856881277434,7.146605676305503,2.853539228095536,29.188329334389874,6.054682262188197,4.047555332974701,29.343803433690688,27.032893147002117,81.33569723035579,184.67077876673017,0.1513164683435282,Stable
2026-01-31 14:00:00,34.62477121272492,7.199999738840084,4.217624525267996,25.699302903797175,11.668674013838888,9.407589448369169,30.355178426912204,27.677784605757154,79.7003897394455,197.59598534500995,0.18685664310110606,Stable
2026-01-31 15:00:00,33.369708185369056,6.776716027960629,2.849954248991463,22.13514267230313,6.3771955541748735,5.169571385694304,18.083392516242668,27.619566895573364,80.0463872786327,173.39303731600802,0.17609178591716512,Stable
2026-01-31 16:00:00,38.980379204472186,6.849600753873025,2.994326732302902,21.459823585207534,13.39992459741231,10.926263626248124,18.766506418312087,28.44882935413907,75.40077087933524,190.23204364249335,0.15561275509221928,Stable
2026-01-31 17:00:00,38.700820512270234,6.481215551307461,3.6586237821077847,27.0511742221081,8.03924421760119,5.79886912562117,22.69659572951259,28.569450162830137,78.15366922241071,158.4911980664442,0.1378081436228274,Stable
2026-01-31 18:00:00,34.817415175750874,7.258127832377314,3.8449145355280825,24.58741132092199,12.974699813565072,8.935009691996598,24.361289434533195,25.742547467296202,81.32338972504748,159.2087577022449,0.21782050952303023,Stable
2026-01-31 19:00:00,37.01921374080001,6.760581193350905,3.9763628030054488,18.12247423293182,8.769891314269051,5.927277804219521,22.92711898264355,25.07482183691238,85.00174497754793,158.38140858665807,0.24677556575171505,Stable
2026-01-31 20:00:00,36.68006880495241,7.137119518770782,3.332694145953003,29.235807465347516,6.367626458159046,4.2625025628309325,21.51312301417853,29.058560198089197,81.35677108824959,169.42327504426328,0.2129855539675494,Stable
2026-01-31 21:00:00,43.429928491351816,7.203876702983075,3.7964625411659374,22.598624856877898,12.067557796130938,8.817076297370456,22.630117919111825,29.366403661130548,77.23208513762039,188.21254636104428,0.18400347987822857,Stable
2026-01-31 22:00:00,34.34571604520065,7.268658794889905,3.9592214551925653,32.96059823994397,12.30373125526645,9.555469592604041,26.174912200946263,26.800774875927093,75.709268257352,205.13997159973434,0.2060096544820421,Stable
2026-01-31 23:00:00,34.388191780678106,6.762875264125903,3.550426853925137,17.985050074226447,7.687897999465978,6.164623380966024,18.016698989435856,25.877805077166073,79.44060327951303,196.48633919826352,0.25582491883338115,Stable
2026-02-01 00:00:00,35.51664978735797,7.081754746920606,3.293006415051778,24.096457018049943,8.836695466805098,6.214798070470843,34.545107276641964,28.312205615238387,79.46238328095957,194.03735378497453,0.17004174421083387,Stable
2026-02-01 01:00:00,38.138423467322184,7.567678517820569,2.316028788826652,21.500111577803864,7.688408126878041,5.596178117334049,24.094470945229347,29.393772347201573,80.21008828506581,177.45365187913404,0.2071859748955816,Stable
2026-02-01 02:00:00,40.18813407036419,7.5800081103956085,3.8493806175849916,20.122887398113306,9.258946611084562,6.705974341395138,28.728813274029264,30.516904214591705,74.93938487033552,174.72221433783713,0.29127621024664885,Stable
2026-02-01 03:00:00,36.83413646481861,7.376450466327546,3.431630274355863,22.566046416208117,9.71565829488171,6.752961434658927,21.389977972659715,29.061969250924783,78.94190000903227,175.17494563982532,0.14183313455444527,Stable
2026-02-01 04:00:00,39.63198578161385,7.194498078869275,3.0897881107369694,33.85283804518491,8.797233881769143,6.7779715717352955,26.58457316636146,28.078546087378612,79.09703393694925,175.52733874891092,0.16062369861072512,Stable
2026-02-01 05:00:00,36.01289013182691,6.818570211123294,4.358324772693745,25.716850850397517,5.862217209218294,4.396408800692269,24.450409827728592,27.53459156255999,82.91828393236554,180.62439895875912,0.2893241918777563,Stable
2026-02-01 06:00:00,37.24232682019574,7.301214055109495,2.3291247753150133,21.041459806012856,8.338241369819956,,27.855637772497317,28.70135604797535,79.46796418576884,182.07797789759852,0.17134690357386712,Stable
2026-02-01 07:00:00,34.591267577192106,7.055754055950884,4.633027236523665,15.856857948312975,10.907037527108084,8.177080192720132,23.106088869793115,28.409262966219544,76.19211406419555,180.1671752969801,0.31914952399443075,Warning
2026-02-01 08:00:00,36.467539376679554,7.256947917076396,3.3832950410241507,16.39318726826157,9.082200914808167,6.9374375216070225,30.982036051903552,27.63054122757879,81.10507423588108,185.58125796763127,0.22610405223154897,Stable
2026-02-01 09:00:00,39.11876937063524,6.9228038326414065,3.6381386338771735,22.317684279406322,8.845118744876588,6.751470611731291,17.285748686308303,31.386823812253976,80.48771726439443,186.53488195236247,0.2792616038164302,Stable
2026-02-01 10:00:00,37.93316256984184,7.051578728404819,3.103716914102297,21.831560079306698,7.63844690993847,5.223804388465644,28.272182235891105,31.149642028516418,83.85167133990076,182.1968986820486,0.20696228203532224,Stable
2026-02-01 11:00:00,36.896277617031366,7.145961260821399,2.1496953156075023,23.879746468827573,8.279897261604766,6.452507957264399,24.534238899898718,30.449226433328093,80.95692714957607,190.7213930835272,0.24002691786903402,Stable
2026-02-01 12:00:00,41.40238424489458,7.16895786561828,3.2952925761506653,13.639080997820743,12.31789621316392,9.165070768976786,19.417529857321753,28.058857485381203,75.18808740729824,200.45430778584995,0.2079823342715329,Stable
2026-02-01 13:00:00,37.74021539750071,7.2382423600488695,3.6510586801695943,24.541592024767333,7.220445486395784,5.098328465184134,32.784296415212,30.267169897858786,82.3214758290653,203.05349715405583,0.16279896662456944,Stable
2026-02-01 14:00:00,35.1713322043492,6.937825404333028,3.9071690848019456,30.138648875735537,10.94164619337046,8.128358933808684,32.319139769554106,30.085303045911733,72.10682090853211,197.20986297909022,0.18631248245119628,Stable
2026-02-01 15:00:00,36.52828103015866,6.723880353409143,3.251475101170824,33.114206236820976,9.594110441807048,7.18547314512198,14.667581648294451,29.924723949623804,83.66508928001991,188.63214979239046,0.20290138677308073,Stable
2026-02-01 16:00:00,38.865340392299984,7.554939811171942,1.7555951190966863,15.527769260414303,9.989621326242805,7.8867870737108605,24.79552974305621,30.968476071252415,78.69632903320112,178.63556335886378,0.22314305390675818,Stable
2026-02-01 17:00:00,39.399134155927015,7.7969911673265395,2.2437539915630307,20.993036203804223,8.035287437970764,5.403420964833542,27.175481496288313,30.30580009069405,85.42585229734362,159.71301627824357,0.1816747902719656,Stable
2026-02-01 18:00:00,39.614688163843574,7.2252777991366655,4.93901471782247,20.728830695127325,8.796445267904165,7.062438424696207,25.987671637430168,30.505095120392948,77.03019208289426,186.53144332280849,0.3520513383917754,Warning
2026-02-01 19:00:00,39.807542501291195,6.729282213475568,2.5805980121709133,25.72860713762825,9.488559639656085,6.938738381390305,30.81988323725295,30.454313397738147,75.71732690380875,178.66287730132947,0.16309823141849494,Stable
2026-02-01 20:00:00,36.88140564216596,6.883505367283994,4.470287093679406,18.90113766061773,8.458666070781607,5.9393502585908085,29.884347183815766,30.17112625544062,80.45591716087918,182.14561041500613,0.28093188825648213,Stable
2026-02-01 21:00:00,36.374056312801656,7.242552919334271,2.6994349469368033,33.41131624363341,10.162864208073099,7.118865889414635,25.193343103427317,27.69317542579856,78.74347264884355,199.23723238216706,0.16353191757197066,Stable
2026-02-01 22:00:00,36.25222773194051,7.47551237127076,3.2631580677040994,25.2176123584287,10.414878032246142,7.029259194768789,34.246966255852364,30.004346660161666,78.43073390384622,186.97233453432656,0.14501362256946998,Stable
2026-02-01 23:00:00,36.06691711815685,6.76039062232828,3.868906194699928,24.38426855350394,13.845413247239842,8.78144894082154,28.215809352184095,29.306203084184872,74.61915226088635,207.000716015625,0.22288278654577814,Stable
2026-02-02 00:00:00,34.671157252407085,7.065186810162308,2.7848541650643446,32.96356866891389,10.056380058724743,7.715827928543537,22.41863477169935,28.5065752014076,76.37332703895929,201.96997313926178,0.2310474665726729,Stable
2026-02-02 01:00:00,,7.154860978044311,4.594161351819291,24.91976187958326,5.675514688962325,4.761465965394328,21.514435823272418,32.12841368536532,78.61109582584137,203.3110665796444,0.22762774518645673,Stable
2026-02-02 02:00:00,42.380374891229756,7.342081966360045,3.456796268551308,27.001517032493442,11.82603816167736,7.580858911480866,29.595036763381234,32.25195591351374,76.88183822994935,210.55836595044343,0.2163572342722678,Stable
2026-02-02 03:00:00,41.25143592748742,7.003791693567893,3.7456381347247523,21.246008633539756,9.092258716727615,6.16206435553301,20.43170598061301,31.874212525529643,75.70126128252643,196.0654847453722,0.182338457233666,Stable
2026-02-02 04:00:00,40.567759931394704,6.662131886429861,3.1992947439856554,18.14748967472808,13.523850725873707,10.431447467082075,22.156177742436853,30.614429191438443,71.03363352977948,194.4568491305564,0.16619871583361823,Stable
2026-02-02 05:00:00,40.0715943713565,7.273935316646813,3.8940402152628177,21.948191842478845,12.441848905010616,9.051320286937761,22.921926488453185,31.992968239307906,74.60657159881879,205.4209618811841,0.18280297674039353,Stable
2026-02-02 06:00:00,40.00334305057082,7.4149428702479465,4.584094554887397,35.93487919472412,8.489465232576867,6.586917142848954,25.600440269742677,30.44972765284053,80.58718223074409,201.28722806955759,0.263927018683146,Stable
2026-02-02 07:00:00,35.21806955825048,7.076874390711355,3.3015355467825893,28.165104741434778,10.94380556774235,7.927751534934471,23.12943736667288,30.74064836753557,82.0255925253984,213.3653794908897,0.1480068355139153,Stable
2026-02-02 08:00:00,38.9722925029452,7.2134672255658,4.697284593061927,26.37267418555525,8.312089704504224,5.802382952053859,18.073630965839378,29.246117466854493,82.13605855363026,197.77441145304945,0.3066373352202031,Warning
2026-02-02 09:00:00,39.44884941688823,6.96714245576042,2.9413031437156616,20.118133049074,9.505381652829387,6.820859256527877,29.229358820958435,31.094609756878167,82.07766231499332,185.23009790568437,0.16379523126591014,Stable
2026-02-02 10:00:00,40.00376742922756,6.863183617476749,,29.55625400491923,10.851969628707907,6.500167915481428,22.18020608046698,30.74954822892923,78.78218459014977,186.99304818845894,0.2195928686272589,Stable
2026-02-02 11:00:00,37.93172449637865,7.387399190553221,3.7668357521822875,18.21153362843104,11.72600041209302,7.822512915871635,33.089708709597716,29.17167789828142,77.19113388526631,188.866979372868,0.24174748074389485,Stable
2026-02-02 12:00:00,36.75598219913912,7.208498837388048,2.5985634454882227,17.164717751588093,11.29041165777248,8.830856057756632,25.367955032669276,30.730092508212895,82.97406412936775,189.9050557865827,0.1253623077702681,Stable
2026-02-02 13:00:00,35.75531910700943,7.237303207832527,3.5603572784779987,22.20556438559177,9.649979263825657,7.677084345541288,29.702433679809715,30.751398657791523,75.04288170144336,188.1377482260354,0.21980213865960269,Stable
2026-02-02 14:00:00,39.63444432296152,7.520592241438491,3.4055244533877795,34.77245455980724,14.466847800162434,11.67965236066122,26.838876813813567,33.058552655327446,72.50007640885195,211.30258031627238,0.18380356404934,Stable
2026-02-02 15:00:00,41.1576188405458,6.804644146390799,2.760105867792366,34.48947116196306,8.76995918694582,6.614722546102309,29.91775322155482,32.02778427799998,78.39209138909814,211.31960985922888,0.1877485864347608,Stable
2026-02-02 16:00:00,40.40072279813393,6.945432644915361,3.6685018256455946,22.74381535874728,6.285598736601404,3.8085461760945507,26.566525483189945,31.020539967783137,83.9482938167944,208.36368571466886,0.18373574809679497,Stable
2026-02-02 17:00:00,36.62035551203438,7.144221337673715,3.5097171595813883,21.629004909010078,6.670601409581351,4.636565879316485,25.058259752963128,31.356240066798108,78.88245669620343,196.97245038416298,0.18023466319377646,Stable
2026-02-02 18:00:00,37.19823888530068,6.941992293426852,3.345559789519587,16.7981897972011,12.448015460244687,9.993964674743424,28.919553413354325,31.160437620237108,77.46055855869682,189.29068805742727,0.2249341058276425,Stable
2026-02-02 19:00:00,37.465884978192705,7.319278229876286,3.3485668982059864,25.390153627600423,9.346694160306392,7.657447273624691,35.186874515664236,30.91235635007438,80.10243041911713,190.4555854512299,0.24238144578887583,Stable
2026-02-02 20:00:00,37.18956927077281,7.047528218146884,3.3324923058072855,25.810063759940597,9.818114996108184,7.903048720360755,22.78591377627806,29.904179391306442,80.21525359125881,189.39521300220392,0.1670637899031403,Stable
2026-02-02 21:00:00,36.34372154280402,6.822090813900786,3.1242252840652545,28.94778127098456,8.414952240151326,6.033572208889394,27.577171444762563,31.067823204509324,,189.4502601407994,0.1277592842055691,Stable
2026-02-02 22:00:00,35.554398351115736,7.118416069052545,3.5048755712612363,29.55353756662582,8.59459504140162,5.656432404698959,23.97639784870433,30.398501883395998,83.25120405017987,199.33952740259497,0.17435354832546612,Stable
2026-02-02 23:00:00,36.193232534125094,7.1476948558259,2.9170643407271646,24.012890411676835,7.92580827810141,5.768127942451534,26.277265592218654,29.836903126940204,79.95116806455515,199.30213099097625,0.13935353090269273,Stable
2026-02-03 00:00:00,40.16543237562827,7.361710977610972,5.392607118602499,27.780139373797923,10.442301626660178,7.631384251742283,24.189713509094403,31.992924703178257,78.88309314706872,199.79304182896436,0.31288610947610007,Warning
2026-02-03 01:00:00,37.52866646212972,7.210079452881279,2.343000065901013,21.49680566076732,9.305240164925799,7.594062935854874,14.290157014303187,31.889855141636698,76.85338662116692,195.11598113029373,0.14418721297049997,Stable
2026-02-03 02:00:00,37.08425069871251,7.229120989580753,2.9614479420741557,27.685212666803427,10.370010755606803,7.700028754369519,23.099159770178204,29.315857718656044,75.21800171872428,194.54287524797277,0.19932020469715797,Stable
2026-02-03 03:00:00,41.468038415550694,7.189681671522022,3.0206934215672945,22.463839609077205,10.178876770634966,7.439918804095422,28.497997827638404,31.350932783267062,82.23319519087403,203.92867623500214,0.18880247371238237,Stable
2026-02-03 04:00:00,38.12635125226606,7.047297694038259,4.930370060743403,27.29729257983469,8.648242532734207,6.348175261532783,20.55657019529143,32.729910727093085,77.32146049887311,202.80722726929696,0.30637061506502294,Warning
2026-02-03 05:00:00,40.42881691078118,6.899458647768846,2.4098990125168753,26.892506626426826,6.582538749394425,4.950018030323951,28.144258993821943,32.841708427602256,83.02074144298778,196.16768440251352,0.08411642281345741,Stable
2026-02-03 06:00:00,42.885374117547,7.180874738464625,3.7194417234895822,25.344018128475323,6.408400808001285,4.898928943293412,24.826241239756552,32.835860650045454,82.91920619076741,196.91703217037485,0.14945771083245685,Stable
2026-02-03 07:00:00,38.84786748545011,7.006725065552581,3.586295548784905,28.97269859079677,15.553303183390131,10.73411905302994,23.138292611156057,31.68440426617773,75.38414905245305,202.67577076748177,0.23825065008765803,Stable
2026-02-03 08:00:00,37.50779236883481,7.5731503337234845,,17.148004643196572,12.45634688884662,8.368558470688411,28.076169233775154,30.655131750551643,71.39815148965567,190.03255503414184,0.1990945667382655,Stable
2026-02-03 09:00:00,40.72583332549276,7.475811042536501,4.327257371958205,19.6754189088953,12.180365133782429,9.809831225197113,27.064641946039178,30.398841696879806,78.04765234758302,209.20779288273587,0.20844035790721166,Stable
2026-02-03 10:00:00,39.52910366489304,7.27719495705845,4.311872019810316,23.64970163223483,8.15078638602621,5.214406324511507,25.89246182039116,32.14150782283614,79.7041335979358,206.67003311576013,0.2432989211905759,Stable
2026-02-03 11:00:00,42.419408673125105,7.205970743002036,3.061782380109912,17.783683061633386,9.51901946752624,7.806320458382558,28.571550912511864,32.210418622713966,76.98120773631776,203.5956373374668,0.19378760542965706,Stable
2026-02-03 12:00:00,42.183902249140004,7.07537146572527,3.545513087120493,22.965677427226474,7.869274415233658,4.917609298778892,24.913942438148613,33.325971466885605,79.50368180536536,201.94388354746928,0.20201899294705677,Stable
2026-02-03 13:00:00,40.43993519395233,6.746885355222802,2.001923475885892,23.12684852461225,6.875835809668219,4.798303654123903,16.599002851549393,33.125624499772,83.71609115793429,185.63549509879843,0.1993560131594012,Stable
2026-02-03 14:00:00,40.62940636163192,7.039471777469849,3.4743197563914467,31.54841893333347,8.322452959248599,6.520242152690661,22.298456070904564,31.670025300436862,81.50564833406409,181.46855406561693,0.1901693443188213,Stable
2026-02-03 15:00:00,38.99817158231657,7.128392009353472,2.8045079291260606,25.712668511457313,12.152369926859159,8.871458558547609,15.880189097490604,30.357272554624494,75.52782142812708,183.19041750340386,0.17917834765401677,Stable
2026-02-03 16:00:00,41.529340001453974,7.164247812844505,3.2602131805296124,30.14714788031939,11.181490733847939,7.352878710666613,26.95814171793885,31.487574359449024,73.97074060597886,179.7611815728084,0.21821972650559632,Stable
2026-02-03 17:00:00,39.05322806557088,7.231470182764431,2.135971101387479,26.508373594048592,7.559903996755957,5.6960364925007,28.032899276818355,32.14991914130091,77.76873451096493,179.4031232999718,0.1683450310761774,Stable
2026-02-03 18:00:00,39.746444590454,7.3579724554057515,3.7036542150393066,22.321663643839674,8.87036789968505,6.508057990715645,28.237660089598688,31.66403245689076,81.0122075001266,185.60140375308234,0.22085418625458433,Stable
2026-02-03 19:00:00,39.105864794858,6.906196859925997,2.1275734783182942,25.66858403873256,10.998246343873163,7.898031454612271,26.20092614653412,31.228896154067275,73.80739759199085,192.48586152723234,0.20058110653652453,Stable
2026-02-03 20:00:00,41.64850527321338,6.908738829981477,3.5112134550936895,28.647131669660865,8.358057209625326,5.814568961986665,28.355663082251844,32.24020898993381,79.3465565697639,180.44355404333115,0.21096113585122964,Stable
2026-02-03 21:00:00,37.29455479685568,7.506239870328084,2.4801208052330876,30.967006632212904,9.65917248966546,7.032811324930402,16.905284977796427,31.34491318574403,85.04350782878429,186.5995560458376,0.12881125927830903,Stable
2026-02-03 22:00:00,41.241385843094925,7.315874844974081,2.7627692236480863,24.338449685327834,10.303694894129624,7.1919204219124815,23.515948851925707,31.207431746619214,78.84520720179562,183.65795365290552,0.17364641700555994,Stable
2026-02-03 23:00:00,41.27749047997472,6.99058413620267,4.266049076908872,16.762446780735278,10.281861103688263,8.882492577134851,17.632878050363033,32.34483293563389,79.57376190629925,186.3629527035278,0.26694020322045664,Stable
2026-02-04 00:00:00,36.86335373731496,7.069980872693374,3.8409384594352165,16.41098871289049,10.008290855380572,7.1739334438163915,22.3875167423735,31.497203884580852,75.3391209649536,194.40109755583913,0.2062529746522199,Stable
2026-02-04 01:00:00,42.696075783275795,7.071240094931028,4.261902353252907,23.367936949415565,8.19260565243498,5.812189742990292,31.27313281169741,32.279550132314796,76.73914020713391,186.8643982623663,0.22694735591209692,Stable
2026-02-04 02:00:00,44.78820809479583,7.108840754238787,4.569795349375967,13.310492494260135,8.39805082496237,5.880399268908156,28.919567320596123,32.320021933200366,81.59150426763276,180.96063053896904,0.21779683034276764,Stable
2026-02-04 03:00:00,40.63260319398734,7.232351265826812,2.820370969645176,33.97552232868415,7.2327002969587495,5.986739625657116,26.980284329134896,30.62893525488853,80.0614197308041,188.40240040476607,0.08,Stable
2026-02-04 04:00:00,42.275322695713896,7.809797968907953,4.524228746830654,27.984666156998667,6.377326812995456,4.0805409903083945,23.182708971297107,31.42135316126096,84.55672689091374,165.97404842454904,0.2455621935850058,Stable
2026-02-04 05:00:00,41.89602878978588,7.153131837125542,2.3008707578658236,21.821664952513775,9.270502516619542,6.950733391579792,19.528823469994883,33.725286026580704,79.08733057744175,176.6626677563943,0.18541137599139595,Stable
2026-02-04 06:00:00,35.28207803851552,7.28552748211907,3.9595752509086775,19.451762029956022,11.132519229174383,7.980224525567852,24.84162457702993,30.605087877992542,85.75838773470095,196.91322075055479,0.1977766369284014,Stable
2026-02-04 07:00:00,33.7695051623371,6.62778652226676,3.0299967140500215,30.14059547988055,6.739435211692106,4.392177501329954,28.99804124320038,29.45774606467215,80.07976525002452,179.18701777469076,0.21395340050559625,Stable
2026-02-04 08:00:00,38.27034848176967,6.964228002021926,2.7022748930205127,19.431814221744972,10.045946488248514,6.880979103648697,25.844421701666555,29.760184394034155,78.92688233472505,196.27659486673568,0.14580938985973213,Stable
2026-02-04 09:00:00,,7.444068200760649,3.860852400478332,19.90886618199474,11.06926242676679,8.273526153006308,16.864391448669473,32.02451774021896,74.94537341676454,205.6927424916726,0.26547867914501305,Stable
2026-02-04 10:00:00,38.191242685755384,7.212648309579852,4.10871364387691,21.17027029986654,5.826532462357308,3.976365864019609,24.47074903702126,32.02039524241009,85.00366756427377,203.19464148700973,0.2576603713290511,Stable
2026-02-04 11:00:00,39.70890016105599,6.1,4.086451289984908,25.570437072871627,8.958837799727563,,15.390023135701433,31.834393528993346,80.39244318495815,176.1258195429746,0.32321524845256355,Warning
2026-02-04 12:00:00,42.65448261677385,7.288726496648534,3.561144916671094,28.10398719573699,12.792420400916747,10.555069919811935,27.618827248977034,33.423312041051275,73.05460496554744,190.00754724031827,0.21484246206587085,Stable
2026-02-04 13:00:00,33.84265390671945,7.6370860304960555,3.498967975996929,30.963361167078315,10.603882035514747,7.840330506027301,20.88146513369978,28.748169000243745,76.85290572920168,185.19777513069533,0.13960104148351993,Stable
2026-02-04 14:00:00,39.520753359917926,6.541145875886458,3.7951499392749266,30.22485649473351,5.759085701875424,3.7437329010778235,18.4959537006618,32.418508600478695,85.92050123187589,163.87034449978984,0.24602088261121247,Stable
2026-02-04 15:00:00,44.823207958224074,7.525428549180743,3.6278230566378933,25.00386854617371,10.816678924823222,7.392401834768343,27.680687982294916,33.803466591983444,80.56259383860791,156.13124809845928,0.27259174058558194,Stable
2026-02-04 16:00:00,36.410719081587104,6.323852423424739,3.8060168796894853,30.10260986878167,8.004526411543342,5.717654702868052,26.51720026732794,30.561295842029853,76.70948449029255,145.74867601578242,0.15196632572562435,Stable
2026-02-04 17:00:00,41.18182301840949,7.362639704614955,3.5529995958330356,21.645001930118198,10.882613860185518,7.733479984594584,25.04579533086395,31.442300644079577,76.20246203048397,161.23263989119215,0.23751200422627017,Stable
2026-02-04 18:00:00,38.00712092938951,7.097578384716573,4.032087868379773,15.895669927690168,8.119836466798452,5.9953686367295465,33.86268576217973,30.976582452487495,84.68365542394397,170.31520641749762,0.2669194415188254,Stable
2026-02-04 19:00:00,39.87896324755218,6.442008059731507,2.179594145087179,21.64434464144746,9.39393511117607,7.019001410968978,26.8574992631518,30.78737572785227,78.43812038708712,155.50579642898825,0.18439486862318327,Stable
2026-02-04 20:00:00,41.642829523498406,7.22491859162714,3.30154489368521,20.96869742861856,8.424914462874101,6.952062807759979,21.09769381532685,31.44817450909267,80.28364182349905,177.58809564808158,0.1140650906481722,Stable
2026-02-04 21:00:00,43.012898617212194,7.422235129762576,2.3621151296158103,21.840064641004115,9.50631544547701,6.93766545816598,26.336417403682237,33.53033508324215,81.31101434617318,175.47406112153342,0.17544170616863144,Stable
2026-02-04 22:00:00,43.816772299949264,7.20188836107004,3.6075265132036636,20.203126353790555,8.365439652177976,5.576647224879597,22.71265195471601,33.99845309552151,76.55415608207598,185.06482540580578,0.1949105262150784,Stable
2026-02-04 23:00:00,37.06209084628814,7.263751738376691,4.631447631890273,22.69445211210144,9.052923516891044,7.183126693105778,29.70041469853651,31.365277913104052,76.84783273953546,194.46473473562324,0.3241359499156659,Warning
2026-02-05 00:00:00,44.255199570420814,6.984730688545063,3.0444364135397737,28.10008607046789,7.148789983378645,5.715217047245339,25.264397430736928,34.02788015693822,80.29196230857976,185.34910368729828,0.16311789688383577,Stable
2026-02-05 01:00:00,38.05111126006401,6.578810868538113,3.4954390227229113,33.57628551331286,10.481319190827982,7.7853600737133375,25.70965479060202,31.75649748933365,80.78023985881015,172.32245680804658,0.16747080324046898,Stable
2026-02-05 02:00:00,42.30791949466153,7.293721926254378,3.967365036191229,16.373267628704884,9.85057041728785,7.057424510896429,17.50934215412118,33.78883596351846,80.94884295334289,181.3711452722752,0.21616413524933978,Stable
2026-02-05 03:00:00,40.05815364960016,7.589931097444962,1.8492078011751065,18.56132686549628,6.266935651791698,4.789443229284555,24.276082287763284,31.541661275605705,83.78248026617605,171.86946351938684,0.20021992634171412,Stable
2026-02-05 04:00:00,40.748968119960004,7.416282639183688,3.008417138391859,21.042768706359162,11.485833320403854,8.25131480824744,23.746803655806332,31.77872300222084,76.41626680791921,193.86405375024168,0.18814641685429326,Stable
2026-02-05 05:00:00,40.70040084958875,6.543394767711622,3.6733867444546378,28.828709387182965,9.147424080691007,5.643375304214947,19.39103945155252,32.02648749746837,81.92650026350822,174.3560213276624,0.1789209645032094,Stable
2026-02-05 06:00:00,41.68002760866268,6.675829565980938,1.2272539557570437,23.975262785134753,9.82352479247182,7.4756147958829455,23.0032433112502,35.367647565712126,78.0448621304324,168.87370933320204,0.19095000130938558,Stable
2026-02-05 07:00:00,37.83858687684574,6.863129032296745,2.6673936301937715,21.379453884481887,11.029123344058371,8.592501378803508,25.96088599612835,32.53832170143717,78.66579668687264,186.6687012089239,0.1647597547467745,Stable
2026-02-05 08:00:00,40.375176377656324,6.65396687364156,,28.58366503852711,10.156484484719968,8.219234579151742,23.98042680295194,30.630479017732785,80.37361295376654,189.70507114153344,0.1449589001311677,Stable
2026-02-05 09:00:00,40.974753212516326,7.112373177475691,4.152247675338043,29.781951331709845,11.830406316921799,8.160712299872165,17.645551387871848,32.6030840574785,80.66164385185482,198.638378256406,0.24363128695850034,Stable
2026-02-05 10:00:00,41.26461565728211,7.210156425450546,3.680738670527575,24.90620020288185,8.913408955589178,6.617663254931384,22.770524250613754,30.96586197536647,79.19577958295626,202.4082814924148,0.23076628547230787,Stable
2026-02-05 11:00:00,38.68136550568942,6.699529080692137,4.061648229957383,20.91890386689728,11.568858772454078,8.602938598768752,21.893888449320567,30.770831374065157,75.77461567517987,195.11683315816964,0.2525899986114004,Stable
2026-02-05 12:00:00,37.59570355076617,7.317595968597147,3.5613281758160977,26.351397836176965,9.745849235614642,7.160236847481022,24.87081085364032,32.406032272120086,81.74183917135628,200.52240572017996,0.18624921330539734,Stable
2026-02-05 13:00:00,41.24117291608273,7.268309104325604,3.816546180581736,23.833658957737164,10.515266849013383,7.7425706038287725,24.3848965285249,31.308913554074522,81.1643645976929,201.8056947115941,0.21991652115940055,Stable
2026-02-05 14:00:00,38.81979516485727,6.9465154450437625,3.1632597183695395,23.794933781072697,10.307258345595809,7.545350970027842,22.147741220496687,31.56053638417948,76.5843054234284,204.18038505196802,0.21503209781537894,Stable
2026-02-05 15:00:00,39.88041657817358,7.051693843924484,3.4868595121915695,22.437998906990817,11.981460650619052,8.886004966709024,21.97201450459492,31.196409663331536,73.50595501972028,206.74927487039824,0.18421937910293312,Stable
2026-02-05 16:00:00,38.24075188858703,6.554055670817151,2.925722210188133,29.624916236610446,10.942824747118587,8.434044916565483,24.30250164593025,31.535670745546067,80.35476141829669,186.04699696398228,0.19703985272817395,Stable
2026-02-05 17:00:00,42.88125275462035,7.006966596239619,4.347612508136735,26.24940113163397,8.614109039380308,6.866442537536687,28.33339539743953,31.592649334152963,75.53157252663125,190.40746988524884,0.19142541836735857,Stable
2026-02-05 18:00:00,34.95490976399183,7.102067792756491,4.5411695571266515,30.178504409448152,8.217465912000304,5.6569176420747365,25.253882352186835,28.708039412358225,75.80053051664557,186.1506271711138,0.2461517238213881,Stable
2026-02-05 19:00:00,39.10594201303217,7.147249326663893,4.434934600522805,31.68163072739063,9.400491704810335,6.77327448440878,30.403811963808213,31.78080152124452,78.17877050816789,185.63467298493504,0.23162850947787553,Stable
2026-02-05 20:00:00,37.96472337699185,7.2060855353656486,3.093918428741603,27.294903844333202,7.979797117841506,5.639773907886222,29.09935940478851,29.749825971597215,80.27630217148139,184.8150939973564,0.206284316256335,Stable
2026-02-05 21:00:00,34.95929658999,7.16838768810456,2.684669470476184,22.46761442557424,7.395615597347305,5.1687071441292,30.735071232941184,29.143661244163916,77.9545039869597,192.3692110309256,0.1476656050801269,Stable
2026-02-05 22:00:00,39.410388628497486,7.025983764765612,4.357730245562622,30.201631161098923,5.243895061403917,3.3619569411460324,30.15882443311375,30.749349571322295,83.31076578453903,185.09525772872988,0.2030592070734187,Stable
2026-02-05 23:00:00,42.08793229657237,7.180134583915208,3.8079304019435596,27.328323511391773,6.401474484342579,4.681604642390079,31.033272825333253,30.86411134163739,82.26470073724863,167.6872170111774,0.16108632277609616,Stable
2026-02-06 00:00:00,36.892978335368824,7.380568958126869,3.6464382561427318,38.016838884038194,13.470812722223048,10.188819208487846,18.810857352879445,29.873902656756247,73.32821754264126,180.16106761980006,0.15271812271585963,Stable
2026-02-06 01:00:00,40.43531163769746,7.073260539473299,2.9247759362911405,26.550514442473432,8.186999500740445,5.906670548015668,26.913418250597108,31.645025999634008,84.8966609471792,186.49138108739947,0.1757693959640103,Stable
2026-02-06 02:00:00,31.478903596657613,7.188926569432869,3.7192478594775737,28.488440195070417,13.30692059964229,9.7074959268536,29.482442487887536,28.977774368734725,75.76748242537596,190.22679215283418,0.1439804334546734,Stable
2026-02-06 03:00:00,37.96172715103914,7.047872102454046,,26.45211945648016,10.306309202311159,7.760795437525464,30.295622948354783,30.039585552008823,80.5149133889933,185.145146803997,0.15208000594574134,Stable
2026-02-06 04:00:00,37.13847260066288,6.91890750338572,3.875546767059274,24.50450704065941,9.40048395672779,7.591939731458744,20.531765341437215,29.764557172515293,74.9589835715989,196.83128768382701,0.2452788783591794,Stable
2026-02-06 05:00:00,36.71096711815711,7.246406306736929,4.434165024704658,23.70604225206217,6.4987897663575325,4.594078650860068,26.95821236219147,30.347962322977878,77.83910570251611,198.81529347979495,0.252795484449682,Stable
2026-02-06 06:00:00,40.83785740190142,6.944536735632342,4.623284157930964,26.471219223292834,9.509337791152097,6.329047542993653,24.338413792276885,30.674956462644356,79.64081873547022,204.55044522813003,0.2612975032918839,Stable
2026-02-06 07:00:00,36.41382288324952,7.208121132277813,3.931393040582362,27.605878759069277,13.284367533936459,9.631509091386862,32.311771048534254,29.066310246497178,79.35277668961422,200.10437513634102,0.16364168999523443,Stable
2026-02-06 08:00:00,38.72445780494313,7.1079115040228125,2.3634838377841585,30.771939498222125,12.615273488033477,10.516039872052712,17.75718769022497,31.0794127791303,72.85988706453557,201.2345573688944,0.15032499292307067,Stable
2026-02-06 09:00:00,37.465031165402664,7.01489829057436,3.547997598209516,26.544252791518822,10.048477305395158,6.693797872603112,20.538196883597106,30.21941691498081,78.30996431085805,193.7142987222887,0.1990429340484696,Stable
2026-02-06 10:00:00,31.9724557523122,7.008120006998935,5.0047613080432845,22.685554122873857,7.202663268189968,5.515493152942915,15.852147787669447,27.806087495842352,77.70959612006924,187.95249163587178,0.28440394174100103,Stable
2026-02-06 11:00:00,33.393837707494264,6.957726122123607,2.7485413071682867,23.365730017005085,7.585669309501696,6.020633672491213,24.65077329164887,27.657810587648186,78.61777419246167,177.1907052486667,0.1838118025378714,Stable
2026-02-06 12:00:00,39.84633008218762,6.639175671815075,3.355613820317337,18.385315285484097,7.79481631321508,4.67607614889285,34.18728121171343,29.924143109947185,80.68796198380545,158.83419772704175,0.1970342071913675,Stable
2026-02-06 13:00:00,33.38379926441805,7.207210626645273,4.460143263850733,33.30606921786155,12.0563098547254,9.073123535920164,23.800462716600187,29.603700558177998,74.7121621118677,176.33918996885174,0.212358152881599,Stable
2026-02-06 14:00:00,36.14121147652992,7.16483311107793,3.8628504415551888,22.294131932395757,12.763440872217519,9.740899616056014,24.454649951359144,29.67384217576133,71.97274936985829,191.41862478387327,0.19134939433407436,Stable
2026-02-06 15:00:00,36.893183132287476,7.337907670685578,5.260117243363828,29.837202300689533,9.891785669935171,7.075560300778359,26.47607446780442,29.692623244867004,74.78842010352837,198.07574580201825,0.3191833360434769,Warning
2026-02-06 16:00:00,41.41156578280501,6.951192067354097,2.8503479625785584,26.382754287212666,8.893839128953694,6.176289932836562,23.476692817467192,29.924322048221878,74.39114062238572,199.40098071801384,0.12659723781321752,Stable
2026-02-06 17:00:00,40.25469901788996,,2.6576831606943836,26.518659154197035,12.597420993321968,8.786872097544256,25.647117086148363,30.717491486897224,76.5940385147145,202.04682541796652,0.18152490101952076,Stable
2026-02-06 18:00:00,35.058542132021614,6.993673934602103,4.31809407687638,24.412760623638317,7.54285291827009,5.369973719248978,25.764952511975164,28.172883186127812,81.95109964530776,199.09104087248454,0.31063265914795424,Warning
2026-02-06 19:00:00,38.63402501829361,6.854969300185485,2.503091028796348,21.061005556866633,9.603646655200732,6.851094763361808,20.19499506557913,28.024997624062507,79.87773693616774,194.409569348366,0.22296077859732166,Stable
2026-02-06 20:00:00,34.56277726790222,6.821768222444053,3.2524240083868476,20.157322997540124,10.425931999092262,7.32950591523998,23.576789798026493,28.043808908904456,75.30112850624464,192.55930353787008,0.21671925827656574,Stable
2026-02-06 21:00:00,39.64443307561275,6.6145017270956945,3.3507650913553175,33.64232694402468,7.774398785647201,5.528016274284761,27.338698169206108,29.626233468144743,82.74047944078825,179.40455669049956,0.18184504389956008,Stable
2026-02-06 22:00:00,35.97877628428218,7.529135809870075,4.176992105039441,25.56980539418623,8.228171557217385,6.545457404623492,28.17859252453393,30.696530776128213,81.53877511155977,174.86935270915245,0.23727760048330618,Stable
2026-02-06 23:00:00,38.753910037538674,7.483898869415225,3.860700976018935,30.626338730938254,8.072524841624794,5.353750277646393,29.843257452874237,28.607394373960357,79.9457111749877,182.28876071096636,0.1768224839021273,Stable
2026-02-07 00:00:00,33.23247269014455,7.268208645607732,3.7427986856326467,31.924534688226256,12.333453711976171,7.816964999079684,25.50946230052257,26.04473998108652,75.2744744298757,188.3025428109247,0.18522398121251316,Stable
2026-02-07 01:00:00,32.86615146626735,6.8490951338227815,3.09817684157375,22.94576534950393,13.328734554114176,10.61464673420349,25.601035700599983,26.923159948149888,73.0484767732959,189.98738369897504,0.20719936538080058,Stable
2026-02-07 02:00:00,35.45460853251199,7.607154950836553,4.311253014311458,27.11752882963922,9.729585060473122,6.9998431724009675,27.37583189346581,27.888895758664617,78.75081952434869,178.1220591978259,0.259535141586791,Stable
2026-02-07 03:00:00,36.693982348095005,7.0015186347739355,6.4193680320454485,25.225053877456737,8.963562825914424,6.35200391295815,21.323534038929115,28.13929398865458,83.07955668738057,190.68471273673285,0.3877680319698228,Warning
2026-02-07 04:00:00,35.248498349596574,7.024672767256537,3.918461574192187,19.213930984915557,8.300317850013407,6.008459469255789,21.13899426604877,28.237995210647995,82.54432368902788,184.28492444563943,0.2745597920465123,Stable
2026-02-07 05:00:00,37.801246770690405,7.502432542522101,3.4747541556601274,24.072600120478718,9.503492626900659,7.04693689469349,23.438409640555207,28.693339758699757,77.85598131402665,188.48629805601973,0.2015914629145296,Stable
2026-02-07 06:00:00,35.02545184036407,7.284494963654644,2.4266027717558796,27.937532951196136,8.39955649712642,5.889577358975983,18.262420352006533,28.191439607692203,80.94699715730947,200.68865796619696,0.17222311247882094,Stable
2026-02-07 07:00:00,38.98351641688225,7.716308878851286,2.921888913012135,22.50485372494571,9.305939515289559,7.05228489216472,25.83105347264959,29.74277162901954,75.94048536090604,175.54720500423426,0.12311150093503062,Stable
2026-02-07 08:00:00,36.474376733251646,7.169642232889325,3.2397173245395217,23.375784023140692,10.326465646007847,6.991797493987512,28.720869162757186,27.589932609178444,79.49870229750516,187.06142025461895,0.26927758309850086,Stable
2026-02-07 09:00:00,35.16169980285352,6.988831376117957,2.9990498197996507,24.133165723071773,8.689374114419264,6.198995671798937,20.804803598227405,27.28354591226939,77.23348302891733,182.22004130293806,0.16111682620381101,Stable
2026-02-07 10:00:00,35.926996923897335,6.928694632631257,3.387941624104864,35.55764665655052,9.120823874771805,5.547209432152129,25.95817135448372,28.809761548629233,80.60481502842238,188.9109854032948,0.18655658441417589,Stable
2026-02-07 11:00:00,34.61183945877225,6.582841070386624,4.7335120576054655,15.829755314477802,9.12909102985539,7.252816724995589,21.168910270761028,26.30875786724172,86.29358944633061,169.8685778421651,0.27014357053891,Stable
2026-02-07 12:00:00,37.63574210965039,7.021993183614263,4.335375188026926,27.508216495136296,8.864873130547721,6.385502655358004,19.42541024102283,28.535234623582987,77.71009578863446,173.7339159167924,0.22300402080882412,Stable
2026-02-07 13:00:00,40.23002657490263,7.420486134871666,3.280875462648809,23.733304613739175,8.617104245967578,6.6080757243345,33.2500246969185,28.106428269439412,86.6899040271275,174.6627664895277,0.1877219200084095,Stable
2026-02-07 14:00:00,37.60074278432237,7.2676735683436995,2.4937900415006045,21.79672545748783,11.024393205873611,8.336774048775965,19.48995088792241,27.72190194072601,78.20219551358383,188.64095229673254,0.1394389707767763,Stable
2026-02-07 15:00:00,39.671946292903385,,4.403025732176809,23.610621464218674,5.958527942047115,4.529909840223973,18.243063068604698,29.719966393271704,80.16740797479801,180.6889289086148,0.16562946059098088,Stable
2026-02-07 16:00:00,41.159371439966286,6.821418355731428,3.3632092949039767,28.336881219167115,12.648559718002527,9.228039386078704,24.966219286748906,26.982347050245718,73.36279986516143,195.34786889860328,0.22656948959539053,Stable
2026-02-07 17:00:00,39.14801564542749,7.163524445043566,2.105124680798234,28.622617970102805,9.771058926405994,7.341509616497844,25.20834665307345,30.116098691891807,84.14133009321498,205.79574172210263,0.18037517559548877,Stable
2026-02-07 18:00:00,36.25706431915816,7.383587837454704,3.934322588869777,25.930085612173766,10.720035151973029,7.2588505127569025,27.002544635354734,27.28777729653476,78.51243655978472,204.57827161360098,0.19264714658796567,Stable
2026-02-07 19:00:00,35.34829416376503,7.220601391811595,4.169265013175099,30.463706582283134,10.95015556629775,7.288261257132842,33.00552624079458,25.940264015121727,75.63446229328765,199.33773942989055,0.2369061469734363,Stable
2026-02-07 20:00:00,33.45290393818461,7.1466858474973405,1.580568696298998,31.34416497550288,8.083881679938857,5.856280564157572,20.502915831624165,27.470835893361116,79.40746679245389,192.89768539404912,0.18164554022305768,Stable
2026-02-07 21:00:00,33.12176887360892,6.876851857081262,2.781584018400322,29.08187970975307,7.6712828876415164,5.313224877688896,21.39703422911745,26.009572146446434,81.40565655663087,184.4446430295488,0.13851531754797097,Stable
2026-02-07 22:00:00,33.30066561426179,7.342810907951363,3.3171594915192144,22.269037744263905,7.435461430692346,6.010830957862055,31.239624737880856,26.31300414764646,80.54273688127508,182.399389696671,0.21542193362557457,Stable
2026-02-07 23:00:00,36.900760115593386,6.223066650751629,3.950883183481463,27.472207746064385,9.005863940342824,6.760098159307717,28.22605694477603,27.60553216115426,79.85888392534261,159.0252219190358,0.2669048671353047,Stable
2026-02-08 00:00:00,35.3613843663812,7.20719679848224,3.0131900615318714,27.496003295692848,10.898409383102058,7.526370936894579,27.600366019927794,27.709733490823602,81.53561785853363,163.1759796231593,0.11582465420376864,Stable
2026-02-08 01:00:00,34.48681062620005,7.819690154664487,2.7758935735195474,20.921842831767243,8.332475949558352,5.958264213652682,21.345590870217066,26.21036377525144,76.84759738903495,152.89197405155915,0.21162381421102514,Stable
2026-02-08 02:00:00,38.23070321321694,6.677655451547082,3.9453769372602117,17.15280552972871,10.71586328035661,7.900970613798785,29.066496991855136,28.055793972920014,78.89571253905316,159.23071224672663,0.2523514843439909,Stable
2026-02-08 03:00:00,37.900199622011,7.0324165526836175,3.048758220014381,14.886121893127221,4.764157562277602,3.4600162965839742,27.61432269081466,28.17389814460272,83.05359842601707,162.40676140288625,0.24971397758734007,Stable
2026-02-08 04:00:00,36.0990537149645,7.097784922765077,3.806540987911523,25.34927745056076,8.7288655960495,6.502533787991991,24.852917706537145,28.422495721046996,78.02352103880371,167.4722246645402,0.2338480272546848,Stable
2026-02-08 05:00:00,33.90837349862711,6.970476812064158,2.566363258769057,26.490198574334592,11.834274735223126,8.683706777467252,21.367824853949283,27.24836369238355,78.84616068425174,177.13179437775852,0.1544799884296777,Stable
2026-02-08 06:00:00,38.433980168723224,7.390184787916514,2.385750235572701,19.09109211173793,9.15805742193413,5.984917628394008,24.480129994748005,28.163430705416843,75.18837849135409,171.05944495033643,0.17489171155517363,Stable
2026-02-08 07:00:00,33.73252921264239,7.232286284019484,3.966451868177798,30.230161662756814,7.841712727667667,4.79677762643273,31.418190998174722,24.184746850822663,74.24220387696167,169.8450248953755,0.28166429976270907,Stable
2026-02-08 08:00:00,30.762257617792173,7.142644104313249,3.58938993273791,25.76109074648206,8.186313555724805,5.807792452298369,19.07714511328344,25.974771254382937,80.37501898118057,172.00198170760478,0.20185842396622664,Stable
2026-02-08 09:00:00,32.60428982999595,7.323236317127398,4.091841799927155,31.747263074576765,4.0,3.0433083951216386,20.400904193714386,25.230597707812514,83.65455065031776,174.86240760704132,0.2353428782004353,Stable
2026-02-08 10:00:00,34.66006689269381,7.104690198540087,3.0005552493089187,26.852679349917956,7.4763960591761585,5.308762329989772,21.174889042182006,26.32903596866029,77.14148581462395,169.95872936878925,0.15721360494635891,Stable
2026-02-08 11:00:00,34.973087442578176,7.990362056870584,2.803671023140191,19.668332140604242,11.614482745025164,9.268485294572798,22.151304797956147,25.41542800833611,72.10913601451226,143.93284633404537,0.23387068736040412,Stable
2026-02-08 12:00:00,35.63744913057198,7.1423771414238875,4.420539165655683,27.291406066450744,8.334794466207537,6.062906455229466,23.92918491065538,25.817246140692436,84.49178897796448,159.24038316391596,0.28259167665826435,Stable
2026-02-08 13:00:00,36.75881728139683,7.154678987577117,2.257780927004147,28.350553474360506,8.570911275997549,6.896547619274234,28.313569626908578,28.191005279045882,80.58662584390166,177.9243139181573,0.16113918942657218,Stable
2026-02-08 14:00:00,34.815302955860204,6.6210689461194825,4.338595531885469,22.261882070564972,4.836375625927184,3.8369612813662215,26.076363514878583,25.644807893142488,83.21273868175226,170.55107946671708,0.24722122561006926,Stable
2026-02-08 15:00:00,34.38971348297989,6.947833908355041,4.3903785306117875,17.789535013450624,6.238324413774876,4.91468159048509,24.27378472726543,26.261439878223587,87.24978785862372,187.43363393739108,0.24413852691105273,Stable
2026-02-08 16:00:00,32.055245964089764,7.421265750903946,4.045067135699556,25.50148032153303,11.880098357199506,7.88609078839292,25.246470637861556,25.40294934045088,78.67505787546442,189.28302862824611,0.17230292867170977,Stable
2026-02-08 17:00:00,33.167173787469615,6.726072081899235,2.884144362242164,19.995776823419074,10.734588161323122,7.8463692483985055,26.807959321634307,25.68970256955212,81.6886037650274,185.3521171954763,0.19025026516187787,Stable
2026-02-08 18:00:00,,6.495883991195452,2.7876071224559804,30.604438315305657,6.905121937121137,5.505126015888364,16.432323241966824,25.52365592015584,78.14499324258756,160.11364658640554,0.16787464216415354,Stable
2026-02-08 19:00:00,33.90309517445147,7.10904833193252,3.2424581702513504,22.964116597867037,8.23885521685356,6.13777378990264,28.822128862895703,25.97245367448865,76.71766330783473,161.99156871944388,0.16204110142927788,Stable
2026-02-08 20:00:00,30.98018082264701,7.483808462092994,2.4287202423764502,33.62300553246649,9.441655314002434,7.1802825120814635,20.281141757011188,26.751326631533953,80.10103277378761,177.02674054648296,0.09801933804863737,Stable
2026-02-08 21:00:00,34.45384456391146,7.111866744034915,2.678729500934802,14.37920666240582,7.1077445356864875,4.646092348551504,22.004203329701305,27.248811233770326,81.92850350955298,174.91018532447998,0.1874335937519227,Stable
2026-02-08 22:00:00,33.67538675082048,7.005885111264623,3.8835507186317844,25.67397802072574,5.491712232972798,4.588509247463537,25.53195894766614,25.562975444642177,85.63244285617688,185.32866556051167,0.2309092287297876,Stable
2026-02-08 23:00:00,33.2561764534115,6.579623377432525,3.8870118356681176,32.1469632005066,9.181579225121128,6.302919161774624,23.66067377398237,25.8189164372229,74.74144858659723,184.23053141562994,0.22152412396686746,Stable
2026-02-09 00:00:00,31.157363614671816,7.226631154356614,2.6128188800987826,20.548478420563516,10.645217124346482,6.603298623802682,26.191186984920027,23.65101120569499,79.11377641558262,188.73733775954165,0.1560578785251517,Stable
2026-02-09 01:00:00,33.82375085663233,7.285157030487253,3.907091451475056,24.203995321864824,10.683714639459907,7.5927886916036265,24.638225633053825,24.847768115023154,79.78945694409083,192.1712514576434,0.24049792840438822,Stable
2026-02-09 02:00:00,31.84543128391528,6.601114900251692,3.7407274793048546,22.98482142817978,11.250474771084292,,22.698004708222705,26.003345658012545,79.08995539594417,187.62343479179322,0.22206077815754546,Stable
2026-02-09 03:00:00,30.58048401644568,,4.532414690932828,21.581161789238585,6.392885476440353,4.285266954997395,30.879411762193268,25.836568444348103,80.59037857054084,171.3937963372064,0.3144530879936469,Warning
2026-02-09 04:00:00,32.27805863013842,7.31439474724979,3.826852331400641,26.223113205571405,9.615803819653877,8.372654920504075,27.18629489404561,24.974398211811764,79.68073410933631,175.70574697713946,0.18254790986964345,Stable
2026-02-09 05:00:00,35.236104024115804,7.417048463913257,4.193935790300784,18.522891995004482,8.963097271541757,6.355712173150229,25.35952796311029,25.707875213112224,77.09775999854486,189.33665698993718,0.29163045324017833,Stable
2026-02-09 06:00:00,36.532662594222415,7.263387025713335,3.757808193197658,24.44515609334887,9.325558629005615,6.07533758721354,27.11633928386715,25.157556515249137,77.94207616637657,206.9324205932817,0.27013447218297615,Stable
2026-02-09 07:00:00,35.498414920871795,7.2830311584671685,4.134946832272891,27.579971188422867,9.076436732731725,6.638427621573064,20.82601728281627,25.934158442682314,76.31622241902345,208.19732536534914,0.23303947758024132,Stable
2026-02-09 08:00:00,29.83039151353158,7.245801851636487,2.434662132574169,23.924531443066783,8.17910363878497,5.566868013028209,33.78647283817508,24.766919033269275,77.92423203786815,197.69087390501522,0.2126755142157037,Stable
2026-02-09 09:00:00,31.45477730175156,7.343172250020334,3.308691657166815,19.998979000071124,4.0,3.1101942239282647,19.10563259512588,23.9195117805051,83.3975941790522,183.2332752481867,0.2342436086662436,Stable
2026-02-09 10:00:00,33.19007607777942,6.590747824645303,3.3707629238293526,30.15092699300751,11.823658041141346,8.052798339427314,24.509258962320306,24.67680731561637,74.94900008976398,169.65631000879134,0.14920614715766978,Stable
2026-02-09 11:00:00,29.04052267077297,6.679703358585975,3.2171875397985383,28.65128480808425,10.159980330950178,7.5680713459380415,22.71108174622017,20.685340436925785,75.94304106141072,162.85981480856253,0.1921323092046993,Stable
2026-02-09 12:00:00,33.66921065002619,6.893917787946863,3.732914972737544,19.794064143481293,6.531420424926985,4.355881044985277,22.540135310578282,24.590601544140437,78.21958694462747,166.50471965407363,0.23046766159288548,Stable
2026-02-09 13:00:00,25.848880455358376,7.063650351931685,3.875784740871813,18.529462174887293,10.44626330598551,9.119029492077626,21.95584459658358,19.682978348279896,82.45647616516202,162.54680579347954,0.3612749579324029,Warning
2026-02-09 14:00:00,30.053609770090375,7.20867833852629,3.6941928078033612,20.24037792003088,8.60539038599706,6.520298311294425,20.527304995506743,21.923723594988893,78.1432022559423,168.35069453524287,0.19773699644022041,Stable
2026-02-09 15:00:00,33.30634498086481,7.190910862904078,3.2672920890839965,27.726365827436076,8.66205536716454,6.253979557958102,29.34753992163654,24.46569932131255,80.16285856666353,181.86414671413243,0.2364787223743003,Stable
2026-02-09 16:00:00,34.08056303834831,7.4127896272076885,2.848202440116156,26.377864494812727,7.9631707970219345,5.6848064695864595,18.57883742437702,24.429221131740988,75.63939931236719,180.58504967024402,0.16573369641431773,Stable
2026-02-09 17:00:00,28.78337556442368,7.4215786836024975,4.222889555617176,28.950413562228572,10.57386094530453,7.396965581751214,28.42603754407719,22.394811897649262,80.820261886969,187.6100553564004,0.2631570511851225,Stable
2026-02-09 18:00:00,30.179382029214047,,3.662299612460376,23.369248909746926,7.9003528569676025,5.4366259114607125,26.91841980624442,22.869695763699845,80.51754876924952,184.96683537903505,0.27755328493612436,Stable
2026-02-09 19:00:00,27.89669450512261,7.166801310814131,2.6360396062004434,20.376328812499466,7.3063306278188,5.016805565202391,22.285989907442943,25.304329865269292,79.58398301486838,175.9110966782996,0.2929862104043799,Stable
2026-02-09 20:00:00,29.77237285957216,6.8626071666378845,3.2547343437627823,29.594232442072496,11.763489621211992,9.673212644221195,26.396732777072337,23.01529679472771,75.14865770212815,187.09503062583784,0.21257663669295834,Stable
2026-02-09 21:00:00,33.17626845450661,7.047290829261001,2.092525241719479,22.23275743274418,9.14223718046655,6.395966108850767,23.289454420365413,26.2250982404487,81.03128746394859,183.72809311062193,0.22101663729846607,Stable
2026-02-09 22:00:00,29.430609109317615,7.190101583333578,3.4265279607605823,25.932740279269893,9.205027220015584,5.64159512569814,19.045471476707917,23.469778125652503,71.41223420812244,180.7109443172902,0.1867657868475585,Stable
2026-02-09 23:00:00,32.23248314434302,6.145560618587926,3.251215043051053,17.25037580442313,10.88492824055333,7.247966492112077,19.09304855398092,23.90125884387772,75.05458841267398,156.85710925834005,0.19246534590987396,Stable
2026-02-10 00:00:00,33.18057064367537,7.775148331099111,2.9691497872334964,22.150947878386003,8.164826598307647,6.376932502694642,26.94948682411361,25.292461507765903,79.53746380768938,146.04952339785535,0.1443641586252365,Stable
2026-02-10 01:00:00,26.932694730033905,7.258594429671293,4.588450142352647,30.046981604707568,8.56369365470623,6.132650942205695,26.716066456582602,23.451122485189128,79.1097786422156,153.49916069175842,0.27870598248851447,Stable
2026-02-10 02:00:00,30.464869024114513,6.933203082884246,2.532884410343416,21.41862716665071,10.11143053944567,7.306777670543524,25.08905136443649,22.033853085511,84.15184936975035,167.82918177858363,0.21813687199050924,Stable
2026-02-10 03:00:00,29.192235732436085,7.639663531464463,3.9297947137617513,29.0725191072575,6.4172447950724685,5.097472913879237,22.23817557296772,23.04888399401414,80.7387715288072,157.7012963540846,0.2551378292613656,Stable
2026-02-10 04:00:00,32.05422482811771,7.002719272263866,5.040031120698905,13.344901519059032,9.94219809353643,6.832833678313994,23.143058098660404,23.08284690973668,80.53336938661771,165.50181818215037,0.3544013594556717,Warning
2026-02-10 05:00:00,26.870358246507216,7.137105428031856,4.207950927787516,22.20304170178407,7.988577081637265,6.109527744252193,22.53501079276188,21.434060741964547,84.54056588470262,166.89828027834147,0.36970737740779747,Warning
2026-02-10 06:00:00,30.772100272539817,6.963607573088664,3.3763459134266744,24.14322677060934,11.210945184910297,7.77217190896385,16.138751391704098,22.712087195477938,78.46559002956077,176.7627047490379,0.20422575134924653,Stable
2026-02-10 07:00:00,29.51064309782535,7.562557714484135,2.549448520432504,33.71270151671203,10.593326653699817,8.0686531700952,24.275639626153257,22.076969755598363,75.72213316809683,173.69925816186114,0.15429254897808892,Stable
2026-02-10 08:00:00,32.632742821296006,7.0706042822343536,2.3784533675616584,19.154685599927742,10.32909671395006,7.3180365403446235,26.351046875442755,24.026539051395343,74.45968432108256,186.83891797267256,0.22113037939865232,Stable
2026-02-10 09:00:00,31.15915781070545,7.1418555482070625,3.0913362287818584,28.354966477235447,6.286082702890885,4.505328478162661,24.304239594501926,22.90976325540276,83.57746800389464,186.96862712153018,0.21936824230351992,Stable
2026-02-10 10:00:00,29.970689353886826,7.437059002847125,2.884749449564569,30.28465890624397,9.29320920965236,7.203234774298355,31.96117127408641,22.481017703929734,82.81935384948876,171.3787705957842,0.19694987640615505,Stable
2026-02-10 11:00:00,27.573791768399097,7.2638390480891015,2.8603398182814006,21.392551763778627,7.145466879171446,5.510165078640319,19.47947034826509,22.646336396487587,82.21944085965134,158.7991962021156,0.2519058223568162,Stable
2026-02-10 12:00:00,28.041719646416198,7.0847825417624595,3.1552649083965667,23.13238025613655,9.426272194045948,6.795413394612047,21.02503327397826,22.99613557333826,81.65734819079442,165.56152762436741,0.24421949129800563,Stable
2026-02-10 13:00:00,30.256692521193738,7.410909472260089,3.3233146803357347,25.70814386905952,4.869440646220522,3.428381780979405,24.598585480576517,23.424466399378176,89.61042697312469,164.9990148247423,0.17508083696183765,Stable
2026-02-10 14:00:00,29.425253964190958,7.810775304239826,3.763908960733972,17.592575164037353,6.418335463249514,5.249897499056807,25.09695064586594,21.441813732050132,83.67510024772703,137.22446624420195,0.21790640297703295,Stable
2026-02-10 15:00:00,28.13353792658856,7.188874925663837,2.471652835403178,22.724483940693215,11.878067217680375,9.055995173489938,15.444561187381774,21.350033820986795,73.37035061783483,143.14445119382066,0.21630935111267477,Stable
2026-02-10 16:00:00,33.1357523064945,7.132692824604319,2.8883171529002123,31.38056020473208,10.238106352013121,7.253567308002878,26.712140999440212,23.88532844533557,77.88954556174802,165.66880477815585,0.14541474964623882,Stable
2026-02-10 17:00:00,29.467557461256416,7.147775583413343,3.280245937883139,27.6132740543221,8.792368305040666,6.102610158582829,25.117425778000193,22.025999299679782,82.63316967876221,166.6756951789354,0.21445112354908383,Stable
2026-02-10 18:00:00,26.85298502770131,7.466920260232825,3.2533861049325483,24.216243552583787,7.682513354627555,6.0412931320095264,14.46273175275109,20.78301047726033,79.6955371680024,137.3498588050029,0.24076935056360507,Stable
2026-02-10 19:00:00,30.423359514812823,6.932224634190781,4.777317780560067,25.565361809182416,7.331492164825814,5.398522295792387,23.47480829001785,22.97955210078864,84.43277182220658,150.8228525574987,0.2262284894088631,Stable
2026-02-10 20:00:00,31.419845309575358,7.022071083280735,3.574184944542893,27.90452682764886,9.900311510177051,7.138169994419857,20.361563151275995,22.968125636942254,77.93234624485197,170.25566671815503,0.12714409509590022,Stable
2026-02-10 21:00:00,29.191457517975653,6.66951597424454,2.1898076410304315,28.86205073955057,8.812735380815308,6.489025346862951,21.960045310587944,20.541688080326484,80.02313317155178,157.59955540028704,0.2210580496381059,Stable
2026-02-10 22:00:00,34.37851666735269,6.768516998460807,3.7136360211900734,22.21792926310449,12.593294366634552,9.427073538957027,17.978546468949617,22.62175840336643,74.52985303250583,171.4268288237709,0.2013652210114759,Stable
2026-02-10 23:00:00,29.86047429943006,6.9550159992445675,3.809247792057984,32.673604716398344,9.1304725599793,6.636777040006298,25.872849054031075,23.198292979436896,79.26836829082339,174.32147553991652,0.2083684292467653,Stable
2026-02-11 00:00:00,30.588500701914615,7.084337641663081,3.3061539788164462,31.581741006023304,9.617440984489066,7.657433225988706,31.927993712566018,22.735458025095415,78.91367758493479,186.91695974714955,0.16296104850693,Stable
2026-02-11 01:00:00,31.868817774091667,7.595343331215633,2.489952494193099,28.386288151766063,6.722993063889257,5.373443747875571,25.19260608376627,23.016569880452817,77.25565212006894,174.88333943466574,0.1391124191863854,Stable
2026-02-11 02:00:00,28.49962618073724,7.250077985379063,4.718541021485097,20.785200670770543,8.778601549645721,6.665186993951845,14.28277154206359,20.54647209913887,78.1174152189016,173.61062101310603,0.27933008340441434,Stable
2026-02-11 03:00:00,29.602422809081645,6.844618017146857,2.597587064814057,19.898880466147034,9.853982810135973,7.938462602960387,25.285182167997593,22.603659101058952,75.06299697273043,178.00746160882431,0.244266920671939,Stable
2026-02-11 04:00:00,26.720989193126233,6.896165464098047,3.89557915481195,23.366981017017032,8.754428577573627,6.394824000868093,23.124125435104343,21.81950354581472,,164.0744910957275,0.27324477903065364,Stable
2026-02-11 05:00:00,28.559293776304074,7.484929631304583,3.5500378967979516,25.303825488222053,8.528742932851536,6.549803403395998,19.045443593606535,21.580962894410106,77.48334764298546,164.072508897883,0.26389315381730527,Stable
2026-02-11 06:00:00,29.036670922722763,7.415450897616173,3.8506079117723275,16.15754067220474,10.153819251230646,7.973236788315392,25.59130724125962,23.184075748158364,80.3757336893583,173.12294993041596,0.2890128137751194,Stable
2026-02-11 07:00:00,28.441863297399678,7.107881974862776,4.680143443125497,27.47346566772628,12.529646563121979,9.848892412638536,27.9589412765731,23.895076659647234,78.02885327959179,192.70576128032596,0.30279048005251097,Warning
2026-02-11 08:00:00,30.66381792395181,6.976092589649126,3.8212291541057763,31.437311319242358,9.789938740615655,7.639871935504228,20.99177933148088,24.255175607292983,79.61079664521804,198.4198066941695,0.24051934532756025,Stable
2026-02-11 09:00:00,29.568953244374264,7.4149811939973,2.98100182971735,27.882370699154386,11.788372566946276,9.014750109774381,16.60320235134649,23.663136685907173,73.04250435501663,198.2036578031224,0.19283383848242985,Stable
2026-02-11 10:00:00,31.106151322810522,6.821868404517088,4.22949420634597,21.619735985978824,10.743204755037564,,14.947474922057088,21.938578232224625,77.01145830192857,187.7705894316413,0.30930057543673534,Warning
2026-02-11 11:00:00,31.682059919298496,7.209768511456106,,21.02798301299755,11.668706749335701,8.17179057514871,21.00441707886605,22.479876244469907,,190.4509605635214,0.21397480811737923,Stable
2026-02-11 12:00:00,29.15685854701207,7.736344517450132,3.5226685085464506,26.499261720870393,8.280560153306725,5.9741165831499305,23.300234388330857,22.96461712617382,79.35120638181553,173.68299912854997,0.26861011039122656,Stable
2026-02-11 13:00:00,29.65867203169604,7.157499591030407,2.4301872939881575,24.2334814233091,9.086145010031196,6.525686825987001,21.677974963631343,22.17912929282228,80.53240790804198,173.34902849248454,0.1648997095393292,Stable
2026-02-11 14:00:00,26.4649051457653,6.88282934580675,2.6250390794974354,27.21520587127954,9.094452858470671,6.454845275359239,20.92523058301928,22.18139046999037,81.38580794881709,162.98942158356206,0.23282793524565926,Stable
2026-02-11 15:00:00,30.01652934911518,7.214903236748031,3.4385400028271396,28.008606863028174,10.59255447312795,6.573925074135536,26.555547872076698,23.00520924948057,78.58955747651966,167.56737001309716,0.14377103477963246,Stable
2026-02-11 16:00:00,30.737238821846613,6.9683975586757025,,30.45945264447331,11.084825644423729,8.930130236505496,26.08271720765666,21.939275020441922,80.06135326561137,185.10305720214424,0.25583747741682267,Stable
2026-02-11 17:00:00,30.780332877654644,6.709647563749043,2.123207032981727,19.33938285535239,9.750112382223783,6.567361500880829,24.898170312420863,21.13045709842644,78.89927858511986,169.9815740874289,0.17740657661969028,Stable
2026-02-11 18:00:00,28.078806754177556,7.29629008752419,3.772965526000498,26.10809473924656,11.253413154751728,8.320096456006357,27.67419502954848,21.50490091756018,76.16268616522252,182.79163081070263,0.2359694038556023,Stable
2026-02-11 19:00:00,32.864818881061844,7.412993632153922,2.7854282675512767,23.18262498019338,8.373337046037253,5.457721285573094,21.04661691242107,22.761109160006804,81.81081422821129,179.43065817009625,0.13422830318893408,Stable
2026-02-11 20:00:00,26.972254407732052,7.012946131819679,4.359766011753375,24.506824780323193,11.27075510579825,8.612427651751956,19.074483442236446,22.003638250758996,78.99543514464344,183.10385656760852,0.2978415739481057,Stable
2026-02-11 21:00:00,27.914153864054967,6.9943740112530435,,29.32204426334372,11.531618884371735,7.919952958804639,21.649498465976826,22.409409462342552,75.15795186981897,183.493597715675,0.1988862362486403,Stable
2026-02-11 22:00:00,32.227168765719966,6.830761690485887,2.5572832978375106,29.86562936525622,10.854992691849327,7.245947453906748,21.33913752743203,22.80784503444421,78.09246295457584,187.5235790807501,0.22504381979727442,Stable
2026-02-11 23:00:00,32.90025559587154,7.058018031869081,3.4568534184694393,31.99221825191827,9.768339566962426,7.235300596334818,14.76919744778838,21.558013138745046,77.495876997196,182.4352725330553,0.20597919723024147,Stable
2026-02-12 00:00:00,31.907736907182382,6.942536852781506,2.7128237491909557,27.12795125184134,10.926646664809933,7.555334711140138,21.544941122038633,22.92087293081499,72.05186632968905,196.10773287002993,0.15036032486587145,Stable
2026-02-12 01:00:00,30.39433137034615,6.816910847723088,4.351708856074844,24.449916046221027,7.7119910695230205,5.386218440569111,28.971827498320014,22.475016143414177,81.38827516076027,190.21882309300048,0.20982837665903792,Stable
2026-02-12 02:00:00,24.15676726819205,7.629807272511889,3.4003976556498245,23.735607652748083,9.896724528720418,7.318117403384809,27.60384043778038,20.547134761236464,74.8669700168033,167.78310796906578,0.20485543839724957,Stable
2026-02-12 03:00:00,27.724760590246873,7.230617988689862,3.2862425326800344,16.326224988026656,10.101020953650245,7.818184359027004,26.36332735630236,23.76965470233383,78.71953956968416,177.082356428374,0.20492799239315201,Stable
2026-02-12 04:00:00,29.708262905846674,7.260270630248218,3.843850764198256,31.69867522449302,6.84096867369703,4.685981266295051,24.592281194566407,21.449443832054936,77.32076557089995,182.07679549975472,0.1765254294767022,Stable
2026-02-12 05:00:00,27.3610130370655,7.34735187930108,2.6462894205997802,23.39050793107165,10.449168505879042,7.058250464254404,30.52004336763914,20.07713837620785,75.75166380156911,173.87009358137433,0.23887214932566858,Stable
2026-02-12 06:00:00,26.61190810043174,7.315890140692745,,27.529485300014553,7.00236254863637,5.120768923648984,19.229244473094173,20.823578464735977,79.91364044702442,161.5733756836698,0.21610533971948115,Stable
2026-02-12 07:00:00,28.999278617488073,6.9843292132169195,3.7062636845812276,28.394982628712164,8.644163404181137,6.566615593145475,19.6582779511671,20.86821345582797,82.36014852159722,169.7649564240961,0.2323552624147525,Stable
2026-02-12 08:00:00,30.403629009876376,7.176314734432011,2.575246968993393,18.773422454749305,9.579521918552597,7.763738248748197,29.0593287315984,22.173366274860754,77.08669043148258,174.98348999747623,0.16412510832414473,Stable
2026-02-12 09:00:00,31.68970885456296,7.024671464407015,2.5749923846879073,20.38326803770183,8.038527230734386,5.394469710242441,24.12422203577419,21.80087711748241,77.27404538524384,183.5861497588958,0.18977995891095562,Stable
2026-02-12 10:00:00,30.018686595599153,7.222769814937465,4.027567023415665,32.73509953527747,9.665108077240637,6.886503644452482,20.979697618301195,21.74548202957375,,180.42009646253865,0.17661965156550213,Stable
2026-02-12 11:00:00,33.37173140697347,7.195673448068286,3.793798082487955,26.45217757841772,9.633113980872439,7.655129649853558,26.483660820404115,22.9149426703047,77.82445204729292,188.39599898400886,0.20893398705034533,Stable
2026-02-12 12:00:00,30.61818957316737,6.992855126958023,2.4596278431603165,22.09707167850742,7.859636721282318,6.590464151429948,22.026898672404066,22.602201514069744,82.11676468034103,186.3978801647655,0.2245141476511907,Stable
2026-02-12 13:00:00,30.367413322198942,6.727796357581896,2.9356479677939977,24.36826494436228,10.635948917648662,7.183307127226171,20.231135270372693,22.598083311813614,74.83435120944,173.92646222030925,0.1831305901388432,Stable
2026-02-12 14:00:00,32.86513593981303,7.1409463759503415,2.72220133304026,30.431184524164195,7.971686993387537,5.495404749730373,20.105916842098093,22.73651156731866,80.5554477119619,187.6897325761576,0.17097101503700368,Stable
2026-02-12 15:00:00,29.0544979043841,7.042804543413956,4.732239473530435,29.671572398671522,14.07594874946939,10.570481584120703,25.446972124617073,23.01137966446697,80.09796824234857,207.4695874437508,0.2135527257728981,Stable
2026-02-12 16:00:00,33.40007060668991,6.570695770641548,4.079507820677956,17.669591188801785,9.28104235333879,6.480247696474838,24.92616973483798,19.77117570015759,78.12076024907535,191.4138561517479,0.17690243837378566,Stable
2026-02-12 17:00:00,30.644002909501488,7.24214529528884,3.0843663654960443,33.17141921835946,7.157411710019935,4.926033164545384,30.82536044995178,21.893487953168016,81.30941431423165,189.23851638905947,0.1786985344132629,Stable
2026-02-12 18:00:00,28.507698010391994,7.370295791427977,3.832146017007619,29.8307401549934,7.531316467572456,5.599126224024989,22.694598390293237,19.74603950471665,76.3160828873335,185.22992055746832,0.2787098211263932,Stable
2026-02-12 19:00:00,31.488607421519376,7.807939813058506,2.382860360551878,24.23762375329207,11.795160929396602,9.61562865204636,22.617827480409396,22.43841547357418,74.07239085062301,171.36307322678755,0.18280578208761872,Stable
2026-02-12 20:00:00,34.178073443067404,6.990464699070214,2.8955153866078804,19.0413877845664,8.681696700563093,5.712369544766501,30.47835088737112,22.42380049240412,80.46760505454382,179.96985122720065,0.257053930195821,Stable
2026-02-12 21:00:00,33.304584489079645,6.949160668966261,3.478647449456415,30.270043200304627,6.772472384340063,5.502013290778081,28.43541056974916,23.719569665734433,80.40278325940439,178.54052477672695,0.1337116577017051,Stable
2026-02-12 22:00:00,28.71689496499628,6.789362111477012,3.7391730618594345,27.3821375014731,11.207425494255533,7.827128035155283,24.652042366932328,23.927006923004125,78.32865690724641,175.06526349856568,0.21913120494594393,Stable
2026-02-12 23:00:00,33.5903640951401,7.158419733816362,3.326905655864917,17.711008109611175,8.668852224443835,6.493131172462661,16.975442748384104,22.783423325605096,80.39349449004764,184.49961164958424,0.20393457571304646,Stable
2026-02-13 00:00:00,29.297435998516864,7.156649090556339,3.5860101330356695,23.839609623208116,10.806839022238702,8.83455620705906,20.346653479725454,21.9792291574069,73.8980873880669,194.01547295423026,0.2510101717430853,Stable
2026-02-13 01:00:00,31.417044955012308,6.87283702625971,3.4587523449648447,40.630864713962445,11.371132051312253,8.504387761469046,19.256573411755188,23.202734809333663,79.16713365524978,203.42784867939218,0.13882067429001252,Stable
2026-02-13 02:00:00,27.47070911721231,7.0510196330389245,,25.082508787072108,10.048927077617089,7.171296144932612,24.164032996047162,22.02921706156284,74.84436056382691,183.53408099406525,0.19510518625852954,Stable
2026-02-13 03:00:00,31.756913063136757,6.54597361327098,3.17789080585683,21.290147028321716,14.291814791370665,10.997546611998263,21.712464984563052,22.704509026888967,71.79588044411076,175.77281566127695,0.2238965389351192,Stable
2026-02-13 04:00:00,30.631529542580175,7.359385489393309,3.080301345491662,19.957516873466798,6.050515014133552,4.3592500014240825,31.21307201779035,23.93427812271528,82.52319727470199,165.3733248439882,0.20743364034430586,Stable
2026-02-13 05:00:00,30.327921632627252,6.884209807291793,3.573953131471441,33.8604949171471,7.864099849456383,5.966290509187861,16.92853253801696,22.127582356640307,84.05345767056006,159.4600722177419,0.18452920884467527,Stable
2026-02-13 06:00:00,31.242763224540397,7.0902962216043655,3.708111691899592,29.23879744788844,8.988099990792085,6.460129862898297,18.77397127389279,23.810961235261964,76.50220912888919,179.66973738350816,0.22243529601987494,Stable
2026-02-13 07:00:00,35.555524479390385,6.700525842036622,3.548769375489125,32.03719556958614,14.022347057216244,10.90045951526777,25.100829531959334,23.705498875918686,74.34686407633264,194.3517529753487,0.18248908904039599,Stable
2026-02-13 08:00:00,33.76107512469738,6.936940992150759,2.516052212499205,26.240926420460788,13.096004940204423,8.555846024010732,26.346462223938765,21.796554524406197,75.29404623187143,197.94222782088886,0.1653213064680255,Stable
2026-02-13 09:00:00,32.254893853416974,7.021714477015092,2.6508041116426093,31.270096176663934,12.077381734787831,8.143250851109837,12.357886960968713,24.161867512987495,77.56601820964326,196.99435589619864,0.14741865829342732,Stable
2026-02-13 10:00:00,32.01150675339963,7.096838562850968,3.6991613544610504,20.758398052260446,7.911752118508179,5.162488961745826,16.190654283756405,23.88355133066192,83.04832425568955,185.81914980128903,0.18977375899158525,Stable
2026-02-13 11:00:00,30.47394587679428,7.234325104346303,4.503754975503158,25.812954904575292,8.14497052045914,5.920549597884193,22.813783380867235,23.22083180949331,78.84484131953602,197.1681725821415,0.23665003017993747,Stable
2026-02-13 12:00:00,32.45015029895269,7.502941023376142,3.5143115961690663,26.43526757486368,7.842879929719092,5.065523195802657,30.102196341682355,22.238137715947122,82.68674317343829,179.40703746420115,0.1838346922983105,Stable
2026-02-13 13:00:00,29.51958399464975,7.305159063975419,3.0912486906422543,31.912234659376104,7.933146223918475,5.489334685857396,32.49492398347636,22.177423735316506,83.39265807314747,187.08491558456907,0.18490148126740258,Stable
2026-02-13 14:00:00,29.777269919942203,7.369406072080948,3.5682553415820815,26.594215200702276,12.485409214551948,8.353825329105579,22.134761294266383,22.6199444692336,79.97448873262698,199.02213732450267,0.15905343556737617,Stable
2026-02-13 15:00:00,33.931213968460355,7.504909150784078,2.5473839331149284,21.872441291318925,9.012465753208312,7.312554223792596,23.232088601608126,23.974028241130423,80.24234249609573,203.1152846652766,0.22035442926781523,Stable
2026-02-13 16:00:00,29.158431417005463,7.259518206826355,4.381707367402347,25.32036919460187,9.277003670712116,6.266732690119775,20.234104092219106,22.23502960763876,79.11658860516947,189.56005791523376,0.2779652551878661,Stable
2026-02-13 17:00:00,31.89122151803791,7.089721985226681,3.539945608381021,16.617933987698798,11.048773573846862,7.2837933398878985,26.84942879948755,23.96673158693497,75.76476524211597,204.982369990289,0.1736916625525997,Stable
2026-02-13 18:00:00,26.849980167065702,7.382551333751415,2.8979070900920885,13.395156333648664,6.172944051932051,4.590563051028519,30.878383130222687,22.012601730087688,78.17958911769394,184.29389117989538,0.2931669533616062,Stable
2026-02-13 19:00:00,32.728234552801375,7.400442600069264,3.2749034004303437,29.156706850541436,9.605291642538278,7.902995401663176,29.652093318210223,23.31985386255504,77.69982452581547,190.53233999729696,0.1805202647869581,Stable
2026-02-13 20:00:00,35.64109308968783,7.28159843463049,3.004722825952288,23.126280568468278,7.306256542654158,5.286926403995631,23.869497243050628,23.75935921132409,80.97458779791212,198.00027330342635,0.13341947653310066,Stable
2026-02-13 21:00:00,36.06843382845889,6.692704272829891,4.383752482612625,23.692913505098662,8.911170158883364,6.486177327920045,20.22660732689149,26.62598308285931,78.81509908503436,188.15552455838147,0.3133692011023314,Warning
2026-02-13 22:00:00,33.02767174329526,6.864391157133499,3.2483199329147054,29.154733396833073,8.327158612081575,6.6699846027666,24.036886519394194,22.10407340820065,,185.78357497123906,0.22385474100057295,Stable
2026-02-13 23:00:00,31.89705170298261,7.023040850871464,3.5165243095866945,31.985051925222994,8.224038507937486,6.400790665090453,30.2135401699511,25.58925597533727,76.1405283060462,181.32716590195233,0.1490610935943435,Stable
2026-02-14 00:00:00,32.54222571863679,7.318293885806051,3.8302948424884686,27.672439774137914,9.95116361341273,7.497185014142165,22.197673057440216,24.069577154580394,77.59390071086275,192.02990914935444,0.20127388282560726,Stable
2026-02-14 01:00:00,30.56470210230474,7.094023002660243,2.8444250471765935,34.64036415108906,9.942426804785022,6.939528163777039,15.83056936793511,24.45102195104352,83.04449696804076,186.16255514843047,0.1405239304065852,Stable
2026-02-14 02:00:00,31.712852970099334,7.418323217366157,3.545282099601368,27.513445670286387,9.06035882153203,6.841274762834297,22.379958360071395,24.16838406126202,81.42863807722352,183.58064120323644,0.1359200606702203,Stable
2026-02-14 03:00:00,34.174093769270286,7.468266256048398,3.6058266770456573,26.511067317899975,10.241368685982312,6.709703101528061,22.744384109302473,24.62967081456528,79.29910663704949,190.68468994312633,0.21778012059897459,Stable
2026-02-14 04:00:00,32.18571031951659,7.4357677312296175,2.2344408842345342,26.201944112522995,7.762770918292902,5.400542997403682,15.80415827428726,23.982069093309992,81.21393501926332,179.67527108365334,0.20301807601410127,Stable
2026-02-14 05:00:00,31.157401606708408,7.43755135805448,3.5895223665832074,18.572522189331917,10.863171738078854,8.785377722566052,25.044167993992435,25.98268365191085,76.22324861842449,179.14930667826945,0.2499167469986437,Stable
2026-02-14 06:00:00,29.132150558163325,6.809641706695558,3.3656784512926454,29.77999302820061,9.087601955684788,7.284708947397633,26.27702098464929,23.762208769238832,74.52722241492343,176.2630974117327,0.2118236624418506,Stable
2026-02-14 07:00:00,30.979275586805795,7.2351379398476166,3.4974747190869975,12.77266989992357,8.532672875724206,6.434161459794653,32.369516766682395,25.74160344978734,80.61014860030579,162.50712413082098,0.25297640370905033,Stable
2026-02-14 08:00:00,32.66630991636302,6.929891868532483,3.4267222851179246,22.06873571362111,7.910482376594038,4.9352356112995075,18.004303694205994,23.68340473648384,73.96844683268179,166.10613009951186,0.1665883604597888,Stable
2026-02-14 09:00:00,36.58660910483189,6.638261427219424,3.5943774047125614,25.11465175283806,9.017205079066636,5.9833467362864425,27.28734644079944,24.458820033518556,78.16890526440142,170.67101536039866,0.27529795202768265,Stable
2026-02-14 10:00:00,34.044892224673205,7.019508083024365,4.4030074192571185,21.051188382933184,13.241278513691846,9.171293713164106,28.350762680291446,23.31997573667278,74.74957351255233,194.1264428388944,0.23159138883259403,Stable
2026-02-14 11:00:00,29.43630671161064,7.47092635037563,2.5153694409361678,22.74122038463589,9.37337245979482,6.754044952205412,26.338294189208895,25.22827710990277,77.50865145168764,176.24183000695044,0.18695467831567736,Stable
2026-02-14 12:00:00,37.33515631574936,7.229007762833169,3.1433857483746848,34.19687783113614,7.211192927713122,4.768238254741156,19.46939265220144,26.493004439609788,86.21726472262495,181.95075751283647,0.13348517071391575,Stable
2026-02-14 13:00:00,34.616095455492115,7.664986624049649,3.8999639717221273,30.520119428908394,11.337638133570092,8.122881964914251,19.207829936658698,24.743294621462816,81.22321882918006,173.78986695322166,0.19142228437091036,Stable
2026-02-14 14:00:00,29.58716925743622,7.149624440675071,3.7606944007959333,21.570861595966306,8.556143128416492,7.077652189174477,24.437385385277167,24.677769148493734,82.02588620577542,187.58753534479794,0.24011439742503535,Stable
2026-02-14 15:00:00,31.048616464867617,7.785384771006013,3.744554165006563,22.65216744513812,10.06751800870494,7.571236378839141,24.405799469308313,23.655019698288612,75.61916507611411,167.6987449979919,0.2327441693724338,Stable
2026-02-14 16:00:00,34.9875766075108,7.149705943144774,5.465182911755003,18.61498025724078,8.288678899146843,6.150493697789438,21.48254778917082,24.796531784519182,84.5148594182668,176.96847200269545,0.32101716658538804,Warning
2026-02-14 17:00:00,32.34089119575036,7.106294482923046,3.8606016430875294,28.524968930030685,12.06154663228634,8.129897974010534,29.81236656089965,23.240024173880787,77.48587621477292,179.6546582218472,0.17921708439539347,Stable
2026-02-14 18:00:00,29.517975700279578,6.741770775381981,4.248203347191269,23.75128774794762,8.318480486708072,5.322628292151527,22.196617878785727,24.136165805055548,77.3265703639094,166.89236796406246,0.2804968423527112,Stable
2026-02-14 19:00:00,34.80601306895278,7.410957567281975,3.1696959558606186,15.16766764552726,12.295715957155073,8.145287157379334,15.478346651464335,25.584528757360392,75.78607632108555,168.74370805037006,0.1567655584973377,Stable
2026-02-14 20:00:00,30.70146633666667,6.959404963896666,2.6553157195770383,25.50391795905029,7.401478830942427,4.719431569040273,22.991745684728233,26.976467528827847,82.99495830290292,176.03540751495686,0.2106409086055476,Stable
2026-02-14 21:00:00,36.40080255867952,6.918826660965556,3.1642619280747746,27.194894418009127,8.914187228569041,6.544144987555508,26.161230067105677,28.846446910193947,77.58861566982519,175.67255059386486,0.20191329578733522,Stable
2026-02-14 22:00:00,35.12959927231198,7.45874455785352,3.933970128507553,29.815704865875265,12.299991571813562,9.238692416155118,25.538825184274707,24.85368573351188,76.05133981486841,192.80973623960787,0.21417610264627523,Stable
2026-02-14 23:00:00,35.39935783144664,7.424302347262867,3.7051208911218816,24.633226027116127,9.836348449562678,,25.504001642129758,27.362569400304004,78.95484249338772,191.68309087266823,0.1939800139337418,Stable
2026-02-15 00:00:00,33.017861400977154,7.41697438281899,3.70243852794916,23.136644186068093,14.042931883611265,10.365587441839933,30.72295056460505,26.015736500901042,71.20493261253874,204.11780563924782,0.23181939131252663,Stable
2026-02-15 01:00:00,35.4038315014193,6.998586482464605,3.239241709902154,34.93132340244764,8.961719101523965,7.266113990974713,18.983442427340442,25.625138993874597,78.36304877908128,203.5994620725044,0.12512211646212246,Stable
2026-02-15 02:00:00,36.359009407223716,7.0857267577145295,3.1196480358902683,25.032930780497757,10.014085705921348,8.388532758811166,22.093312432421964,26.40950577705055,75.42225785647068,199.80324053359246,0.17894767609038617,Stable
2026-02-15 03:00:00,36.66885666680675,7.083240768645161,3.2651070667800415,28.597809157989673,13.310298544097636,10.280509484537703,30.952743171046812,26.048777281072848,76.86137149516917,203.20272975195286,0.1697755924739154,Stable
2026-02-15 04:00:00,35.9400261784112,7.3191050905882715,3.9433565876239096,22.302301783118708,6.4721535665154635,4.662434401036694,15.146925508660722,26.19134132151843,79.2577078695415,185.55977153801203,0.326968393778797,Warning
2026-02-15 05:00:00,35.816284071574906,7.534998107178384,4.0305455711278135,28.449548258179163,6.224499933636924,4.7965730914913225,23.758374987587537,25.653534483700614,82.50500932669155,185.08583424968103,0.18221448950723645,Stable
2026-02-15 06:00:00,34.01654141979505,7.203081035455553,2.6453187627465793,17.72185503797951,7.908983645581184,6.361587429180594,29.530145018566653,24.550724304919974,76.61562680843481,193.44810904805556,0.08849961015272945,Stable
2026-02-15 07:00:00,32.992313194640126,7.65296950390006,3.9717569195735867,22.68966227140683,11.126745378946651,6.894158724265152,29.463073129203266,24.46125589640718,74.03966241320008,178.80014413589956,0.2190157793238269,Stable
2026-02-15 08:00:00,35.36187163496833,7.351214437049257,2.9119590769328276,18.95862880286973,6.280297633336122,5.096548179213616,26.97052367780859,27.182853635440704,78.76499934373717,176.31997417790132,0.12447825319686098,Stable
2026-02-15 09:00:00,33.67793196646516,7.034256169647962,3.75169123888079,21.975133390652662,10.69409811312404,7.486379053601042,27.084476857927623,26.152451404659963,76.58196400217575,194.02531022474216,0.19709208695156744,Stable
2026-02-15 10:00:00,31.43013274060591,7.3320391937161125,3.2560256931531337,31.252350201155355,10.553413388977788,7.393479087335341,19.31539594625189,25.85486932672536,77.89754066094837,199.02600875175438,0.13078359578341633,Stable
2026-02-15 11:00:00,32.75557160041656,7.5776632780384565,4.574341411929238,21.938370553481512,13.528780466403914,9.611913896237317,30.179296877681335,26.666194618056174,75.38310777157517,191.0263213330277,0.24352919347210078,Stable
2026-02-15 12:00:00,35.13179140351207,7.659520915335573,3.0864440282641405,28.59128062737042,11.590969851024745,8.66546269937682,18.599722299213926,27.69582036738249,71.97844231969952,183.14860594310068,0.13778011808308072,Stable
2026-02-15 13:00:00,35.52723299272281,7.432329576487742,3.5339588806710873,32.586325910285204,10.228100474995552,6.841382237941407,18.868141412819813,27.04432867351795,77.35030106493028,184.4172716323591,0.2172939949912387,Stable
2026-02-15 14:00:00,37.00829249126019,7.107188847024239,3.8549448681695706,24.862113431983406,12.21826587030592,8.72793773735365,25.745433590236857,26.126667295251664,73.90530385541884,200.4397628484432,0.21686649499273553,Stable
2026-02-15 15:00:00,36.387957091027715,7.039325888864342,2.744530862407838,29.9688355252814,10.577807882229733,8.0273952296664,21.7814347692726,28.471551546778738,78.75763834969591,197.33950536789334,0.1948264755345639,Stable
2026-02-15 16:00:00,38.988041966112455,7.261299460997189,3.345357208429791,27.655429790693375,8.579859890745595,6.366439808464669,24.930135145678914,28.981089384357126,78.75104928155625,205.18424145802857,0.18634859933547165,Stable
2026-02-15 17:00:00,37.92420735736538,7.568712858675893,3.200061336532647,25.582184652917665,7.210788445902277,5.414904075019089,25.93845185676102,27.76557604450114,80.5871340400515,199.56315633165906,0.22119429831045628,Stable
2026-02-15 18:00:00,35.963600954351584,7.221455354220046,3.01463988744552,28.751577946584646,8.361268792613838,5.954742796954197,32.00149382718997,28.426494549729167,77.77635886112851,202.92640997951506,0.15216157772540584,Stable
2026-02-15 19:00:00,38.02374455292855,7.227268924123266,3.07020774888757,34.19969044995927,9.419852250905764,7.235897632306168,25.951760635048842,28.834364130188177,82.89176702307049,217.29865510004055,0.20536251654213875,Stable
2026-02-15 20:00:00,36.29888708992293,7.1143913992087855,4.234010948602596,21.813655437457236,9.850036810699208,7.762842444713355,21.216595631286935,28.78594317337265,74.94101463121778,204.79015650080268,0.2646135336162965,Stable
2026-02-15 21:00:00,38.89669928792928,7.00819050246326,2.95108694892975,20.203995499119625,5.2296088038264825,4.104218755758403,27.044195811837607,28.252427499772324,81.77105622020129,198.0346515164657,0.1543588317218323,Stable
2026-02-15 22:00:00,37.590743357518484,7.054602338139703,3.824805912003704,19.910427271723282,9.06087933015201,6.82754077061811,20.257106099630494,28.31905668098662,79.20811680303042,203.86883642298858,0.2478517191404924,Stable
2026-02-15 23:00:00,33.92901903920541,7.137919275868748,3.6359462515233583,29.972139848682772,9.55716353909889,7.470252644939475,28.109199859692186,28.30998654858212,77.81443530536303,216.34074667822475,0.19269161511017152,Stable
2026-02-16 00:00:00,34.77778819817264,7.58106799894715,2.352264913168618,30.646838115641764,10.595074889759681,8.241997036246303,24.290825638061648,26.454738893864945,75.49508515347313,208.81934014118795,0.1556309407596044,Stable
2026-02-16 01:00:00,39.993557832786635,7.032880142011376,3.7893770788198307,22.314815333330323,12.7536017650127,11.187560666410926,25.802447172706266,28.69733350913888,70.71718939395878,205.2433752459299,0.22704019571357914,Stable
2026-02-16 02:00:00,33.95169471477094,7.1147313812551864,2.339865092681729,14.319932252803264,9.87130707089054,7.867369436226585,15.987057102983938,26.31415678386434,76.39992055188007,190.2903664332207,0.20655890555662976,Stable
2026-02-16 03:00:00,35.96743321338317,6.8576942550861775,3.87106887112387,21.62621630038457,7.680874247504564,5.569548410224888,13.871644821683306,27.07200315319303,77.92066364874245,176.8023090064364,0.15815735089200653,Stable
2026-02-16 04:00:00,38.76564332186882,7.3006566986124835,3.019606267651864,27.73927088903498,5.863841232797055,3.986577257149112,17.243590954139552,29.673885646390527,86.33422024898553,168.5424582303788,0.15518943695831838,Stable
2026-02-16 05:00:00,35.12838222693358,7.482670170041119,3.406275439942339,24.666384305085835,10.874021916224763,7.781855531903827,31.8559688506431,29.20162802526278,82.78771790527037,178.07056801633115,0.225127534353226,Stable
2026-02-16 06:00:00,39.08306032163101,7.554859396867891,2.4292900377802455,25.901738733776835,7.761825281045173,5.524493370759465,18.833303297188092,30.06164442320398,80.11119552396582,185.54699439696347,0.18517020721809838,Stable
2026-02-16 07:00:00,33.24611122317653,7.156942066914799,3.491786742703612,22.38327790862201,11.233673954322693,8.516565477484887,27.29539410895019,28.033781527245782,73.2544346949295,201.37212243529189,0.16750005969825393,Stable
2026-02-16 08:00:00,33.80846534206813,7.260819199318186,4.095212813477964,30.07044562354882,12.294840304325138,8.501708793288367,21.111414904901828,27.059713554870928,77.5502699599558,210.03768416154065,0.136048430490558,Stable
2026-02-16 09:00:00,,7.057005909792389,2.794775928983034,26.715959008773183,6.411850468041652,5.101074238206498,22.91986455351342,28.23608148679702,79.13545830366361,203.8642776804312,0.22615844993527112,Stable
2026-02-16 10:00:00,37.44229844576722,7.247845230314466,2.9446246853919917,27.93231736181901,10.607785117517926,6.932972918229658,23.79875885218833,28.72878586515051,76.01928724849542,200.93271817404704,0.15831639033203307,Stable
2026-02-16 11:00:00,36.17344534208552,7.18791024269978,3.740965767675617,25.795328415133408,12.085244820678689,7.737108091939176,31.39700292515173,28.782400957578577,74.34263127636308,201.71562290769796,0.2639412491515712,Stable
2026-02-16 12:00:00,39.02171922788027,7.116314028430416,3.7597137427352045,27.621840818054217,11.538078650560564,8.337053562957628,26.63027488856141,30.128797185389892,75.21065719892954,194.09555562426934,0.2330360821518161,Stable
2026-02-16 13:00:00,36.29491370893896,7.138571033837596,1.57436552619362,27.29285844090481,5.307241126179089,3.6283445000688723,25.73264913144158,28.415098204449222,81.80595824509403,193.57258461604445,0.1370392288068722,Stable
2026-02-16 14:00:00,37.37591540208521,7.226538239350221,4.91155477283708,20.35962685932109,7.792695910412592,5.149391155145456,29.835142944500383,29.350758397381547,76.92354921626425,186.86897403076125,0.19986301819641525,Stable
2026-02-16 15:00:00,37.134724420148615,7.017637318243241,3.7964151126612484,26.86531547687564,6.939638988499153,4.822779509205967,21.15061411307288,27.82108736670834,79.30532685735145,183.48093208085703,0.19451418319055766,Stable
2026-02-16 16:00:00,36.1716132653959,7.03210089821815,3.922688996839721,28.9575408597326,10.546945510294101,7.257545997476084,28.80754339628145,29.62634874671416,80.00291510936448,190.32714658133912,0.20979397325148247,Stable
2026-02-16 17:00:00,37.2482810340843,7.578061363828034,3.2923446650034873,30.775707330974218,10.326653246970995,7.544212825138842,28.055861678214292,29.167608222974916,77.58945440209362,193.27201478479583,0.19413003988638988,Stable
2026-02-16 18:00:00,35.71683431354732,7.858953095276987,2.0084848685858163,27.080535741418565,4.104216244118749,2.8560178123446565,28.004547134595896,28.341370702760624,84.20906835960318,162.5700007755925,0.13953879725812443,Stable
2026-02-16 19:00:00,33.86354937070391,6.762777254410468,3.90604154593768,20.17374740634232,8.898336757344318,6.23192888361734,23.302424836898215,29.034756119904422,73.52104291677745,171.1199559249068,0.24213252485402809,Stable
2026-02-16 20:00:00,35.33174679226207,6.747348062774703,2.976108978826835,20.943413352129987,11.101439660682214,8.101080046049839,22.03208296900157,29.172658304760667,79.26801948562739,187.8293450027151,0.19256520163534907,Stable
2026-02-16 21:00:00,40.28110448972304,6.831997208213718,3.8079487706375046,22.824259593735345,9.795951982448244,7.697495342091209,20.08579359673763,29.144691595595376,76.49024829214396,194.00144974943257,0.2612968146751668,Stable
2026-02-16 22:00:00,40.43841083915221,7.071079243789204,3.2358991973029534,25.947319540682624,9.792533838999722,7.940677563134288,20.36767935765058,31.668964209981745,81.01738754691952,195.45094413141447,0.1709148253654912,Stable
2026-02-16 23:00:00,34.85176623125552,7.350818543090432,3.578529534337283,24.388819493462034,8.770012626562579,6.4733850037736715,19.873440820236787,29.498942834058294,79.61567438393166,198.07887087742554,0.22466397855375178,Stable
2026-02-17 00:00:00,34.31664177378187,7.265550823773516,2.8187527139430664,19.38133967184543,7.382118117850643,5.480520452919751,25.650814928217343,29.39735052547869,79.21274830953605,198.66910580828844,0.19307520804794337,Stable
2026-02-17 01:00:00,35.020907616484756,7.148168718298531,4.048291707009199,19.351399828424743,9.465888352219032,,22.972486590284674,27.245235416705924,74.33963765890303,193.63154336015887,0.26916861437399586,Stable
2026-02-17 02:00:00,39.88283302543317,7.248101953148211,2.508715720406746,14.507391125466583,9.604186902470248,7.265266531951461,25.941300889560086,28.760459959080208,83.83292799109995,185.86971940329101,0.1539689702110417,Stable
2026-02-17 03:00:00,37.21479698831267,6.906215876144056,5.084177069004392,10.0,10.730509040665911,8.063570480398619,26.19546908843762,29.588313257921374,79.27760914195255,204.1304510224291,0.1906378934415476,Stable
2026-02-17 04:00:00,39.76460933019988,7.031645623909267,5.078461476240259,24.341090885225373,10.892999848590923,8.746225113083893,19.2310977557025,29.150610223391848,79.26468615063159,213.3365555542416,0.28023228193886823,Stable
2026-02-17 05:00:00,40.4042950042663,7.094373526454777,4.624524689099883,36.60115187571428,9.671722838326483,6.055671148662279,19.096041605508468,31.700433462628986,82.87534642530508,222.26539916063223,0.21756286147807796,Stable
2026-02-17 06:00:00,38.85480932742066,6.656419425115881,4.356609239330883,33.98389761895713,11.689816729169664,8.382798251686882,22.971028275720094,29.912308411728873,76.8704008014025,216.70167878095603,0.1861331054183669,Stable
2026-02-17 07:00:00,37.05185358502365,6.7748331426776724,3.336588731324769,20.108842939385145,8.750150663728459,6.550847919738021,20.511956743737986,31.723294603632787,82.63084946472593,207.11844152845595,0.15158325881734075,Stable
2026-02-17 08:00:00,40.19223920953486,6.785961502842255,4.274910029310406,25.749516486953052,6.611950860240533,4.817165775013129,20.038145372131716,30.317193366035344,80.19161099539238,193.6153238492036,0.22440966166950765,Stable
2026-02-17 09:00:00,37.68298242037006,7.313950302631456,3.327867626292904,17.67710244974917,10.454107338836412,7.091496494550554,31.630591540836917,30.352846494917276,79.38983899324661,195.7690318973713,0.19786312156657065,Stable
2026-02-17 10:00:00,39.991847264131536,7.168699385600276,2.2348618433160197,18.439452345709395,9.752759108778509,6.42253158749499,17.099903526551643,30.26566235690972,76.67199912265973,191.61636992555626,0.18457656499692981,Stable
2026-02-17 11:00:00,36.81147937409185,7.271097136020703,4.527401060523016,19.012637011848103,10.493863031359727,8.125899053274932,33.10378992275105,30.439819338064076,76.24648997992949,190.27656370740016,0.1871011130067542,Stable
2026-02-17 12:00:00,40.91394433393789,6.584896602855309,4.246618347191879,23.872506577790833,6.971097303434144,4.798687825004032,25.2999437251159,32.55984563891807,81.27140413520154,160.91709510952555,0.19084445114760312,Stable
2026-02-17 13:00:00,36.47875614718268,6.6846013279055505,3.3764956692584236,24.08770194894012,13.08159217722209,8.286933199590568,28.438072273580666,27.774750239307412,71.7499105478786,163.92191747766728,0.2414557752809965,Stable
2026-02-17 14:00:00,35.90829866500141,7.2857003232718185,2.4811118070016374,26.263509854034293,10.921004827327282,8.486838522600825,27.907497677986044,28.216365298153143,77.90255572860943,169.53736271413692,0.1639157912332679,Stable
2026-02-17 15:00:00,38.83437050372491,6.321972500333505,2.9603494925657694,28.316081948521415,8.924006218001749,6.73980268330582,26.77631629769716,30.025280117552597,78.29609825731258,153.91927246908853,0.17497107192085934,Stable
2026-02-17 16:00:00,38.21949974642285,7.442896220127945,2.0341408113343675,23.31559538302421,7.629093708070709,5.520617617760033,31.478243096144336,30.752293896807863,75.40200470996008,163.05393494330917,0.13556136377494132,Stable
2026-02-17 17:00:00,38.321534846027056,6.589471199813619,4.108810639463483,25.18100985331314,11.654306820864498,7.921428411625979,19.129124901854482,31.619654352109617,75.2015384647382,153.6224423423831,0.24047694564559624,Stable
2026-02-17 18:00:00,42.62574553764058,,2.197518274851865,19.530937466548952,7.296460435872287,5.2808914630030115,23.29629729999716,31.41477877205265,79.84090280624423,158.66628772731232,0.1711019739205737,Stable
2026-02-17 19:00:00,40.53828989262008,6.85119630506805,3.6151231526100074,18.277514878714094,14.02272964958414,11.174114740007134,20.162188893746638,30.440384159897192,76.10936151251147,179.04743522539152,0.19666161461337178,Stable
2026-02-17 20:00:00,38.65585122557764,7.393693040248043,2.7672299891652337,17.50513826975845,8.273590120201337,5.304955984447854,16.36764211035428,32.177580715674,80.4394047610331,171.01171004330956,0.13412227876272356,Stable
2026-02-17 21:00:00,41.379928535845885,,2.3299724162503925,28.246239005641137,12.941010429211222,8.33376782761379,21.024414966487992,32.24303992465666,78.67767048834665,147.04044880699843,0.1470333643926046,Stable
2026-02-17 22:00:00,37.793206983160374,6.463510263566085,3.5787663199589286,23.310460759558783,9.131052429854568,6.350399579550155,32.4264650020072,31.27856469256268,80.1692215592075,147.00839299848644,0.28837819195565484,Stable
2026-02-17 23:00:00,37.89320256617164,7.294705601400981,3.1496504610159763,15.644398685877984,12.661493417640616,9.224336007305189,23.219399861620285,32.26257185349628,73.95360390677367,163.65384756081843,0.17950400577482395,Stable
2026-02-18 00:00:00,41.55064633074555,6.593714440193753,4.028641829069025,24.68455523658195,8.030262986346967,5.642897484843285,32.92582071000102,31.483027447947595,79.8238386124617,162.77261087871975,0.26527146163280213,Stable
2026-02-18 01:00:00,35.12111314473812,7.219495298220901,2.4492960484534696,18.755893341069584,9.5376727570934,7.299704690201002,33.386222235494415,30.529312396032932,77.59220715062774,168.51092860420817,0.17527699241041964,Stable
2026-02-18 02:00:00,41.94017749159073,7.042103794205469,2.832014015894633,33.301894094864856,11.109498660341133,8.775235980644085,37.47808663663237,32.08646566443765,78.11043347994179,167.18392810532137,0.136212388469513,Stable
2026-02-18 03:00:00,38.92111091332731,7.136339050289315,1.6092683436318316,22.105891392065868,10.824154273391645,8.067591611838457,32.57471858594238,31.426555538473426,77.32540109526643,174.96688889231152,0.15807633652508868,Stable
2026-02-18 04:00:00,38.91579638359231,6.844727842628093,1.7617399882540579,28.407529929095606,11.701523667315767,8.902797455532031,34.611593394002135,31.338889589753364,74.72707724778692,176.96245204805845,0.21246942884485664,Stable
2026-02-18 05:00:00,41.96650525159528,7.31855151065902,4.748644307483884,30.444815136924937,8.52505577039687,6.350872224475315,25.463253934750757,33.1470028123487,79.49644540725942,185.83277708539055,0.26783243506078996,Stable
2026-02-18 06:00:00,37.64168861945722,6.694459805368293,4.962698683074752,20.225357737214793,9.669616745699622,7.063876902093115,25.02747705159003,28.479290995468716,79.48333491818727,187.3774598812347,0.26761183238979463,Stable
2026-02-18 07:00:00,36.105999374448444,7.447658433611647,3.4695446539179646,25.38023558777354,11.996777151996142,7.90412787094853,25.32677712546908,29.758685728106258,73.48716900224942,199.7332381346103,0.18814825043220706,Stable
2026-02-18 08:00:00,39.5091210541121,6.985409914149148,2.782128425570116,27.767339506940733,8.089488996562096,5.447950949093861,24.00027992074664,30.073669836611973,80.70303290754967,185.00423812757705,0.20241734841925946,Stable
2026-02-18 09:00:00,39.32589736298106,6.707246610327134,3.1761633058824197,25.577730862050533,10.645082122236804,6.979974852203139,24.673484108253945,31.09915628693061,73.40821013738363,182.16039741555684,0.08667650581551174,Stable
2026-02-18 10:00:00,36.75300055147136,7.5465823105353955,4.055180651864773,26.80550379654909,9.0616795204445,6.541012392669217,27.38482154319038,31.265110137207433,81.70224883740951,184.662687524753,0.24252448376009358,Stable
2026-02-18 11:00:00,37.45631669409603,7.081144057213437,3.014208235133465,18.351853032204232,9.911748213165211,7.362201670478973,21.903819651165577,29.79606566125551,79.40620381376472,193.58453678105744,0.1999369115446285,Stable
2026-02-18 12:00:00,41.21807681024084,7.634138071723767,3.578225400281267,27.77018109857262,9.669100432828897,6.287724820606621,17.800690929860803,30.455518779122986,82.40410715622559,175.38263297627748,0.1778652141156794,Stable
2026-02-18 13:00:00,41.989365726377734,7.441979716207736,3.3904329621390628,22.569179029136453,7.923433698430072,5.815742712194047,25.636284589076368,30.63617612988634,77.28507520213137,175.33373068797198,0.2113327114693394,Stable
2026-02-18 14:00:00,44.08288611541791,6.876519202659797,2.9733904974378564,26.747256116420704,8.978613615755105,6.122185331210569,20.882378245538327,34.64818920020055,81.85501570628604,168.7216928434443,0.18736173127661992,Stable
2026-02-18 15:00:00,39.509385298095545,7.07620285573771,3.0053554405060967,29.599944227757323,9.789864504153412,6.5708986694684315,21.348269261378977,33.890072274432285,80.54958565476691,176.00468603866054,0.11483293783171383,Stable
2026-02-18 16:00:00,40.24239708516597,7.133890623105801,3.6199906537641313,28.344042537591367,9.294552002575742,6.465344114920077,23.357610463586227,31.26118328025419,78.24986787940453,173.1020888228778,0.2251451216683523,Stable
2026-02-18 17:00:00,41.046595992309754,7.527364895996203,2.667333897709419,26.74359862744737,12.645471899588479,8.451902012631153,22.325355512097563,31.34487418459137,74.41291971777426,181.85443551033566,0.18386867644704116,Stable
2026-02-18 18:00:00,39.878020089372995,7.222504959742792,3.738797009217637,28.210641480922583,11.519911113632723,8.793911364286007,28.995191216325118,30.42660412273555,73.76722374514218,195.10492126694277,0.19885292175250874,Stable
2026-02-18 19:00:00,39.10885176977978,7.1493619339070085,3.0463157802631136,28.442055269443927,10.079960996986994,7.2652302388314975,23.249663072144955,29.53894319240395,74.55551475870676,197.20108029284378,0.16778221051474287,Stable
2026-02-18 20:00:00,40.436589544062365,7.044033715612473,3.4955254784861727,32.47750580691963,7.973707634560995,6.178321893479712,29.22202337044523,31.710063385567302,78.14820656675643,193.48691326213236,0.20158051111580283,Stable
2026-02-18 21:00:00,38.52825521830818,7.0858440299607,4.437971924626419,24.829746502686145,7.851953816204094,5.54039907773735,24.92707312023969,30.67307989596927,77.00860707778853,198.02784540957654,0.33191809996766947,Warning
2026-02-18 22:00:00,38.57068607772584,7.4652857839899305,3.2738559660797857,25.819784967211945,13.447622070560822,9.516710905336572,23.601619491289483,31.787421069533874,78.54168413841572,190.78288566404422,0.21152599143808942,Stable
2026-02-18 23:00:00,34.190414295502876,7.101037498223293,4.089853255143995,29.660334044880557,7.480229127855612,6.23130049019335,24.711992188290573,29.986285332505872,76.76464106397204,191.16124198792423,0.24534998897470456,Stable
2026-02-19 00:00:00,39.68728326721486,6.98940076403651,2.0559753580871285,22.548061951182437,9.727719236301049,6.2328578310373075,18.1876656119067,31.007999733788157,78.64451945896418,179.93675473393594,0.1871200394670077,Stable
2026-02-19 01:00:00,40.4872054136377,6.9419379936281675,3.047227739769554,18.323662636610074,10.221897428697359,8.18412607651177,25.521347352618132,32.11509972633333,78.8673653885154,184.80616835309004,0.252000437156155,Stable
2026-02-19 02:00:00,41.50426567842712,6.944945756925875,3.4207664658070547,27.466150872913854,8.877352697033388,7.288296107368969,27.82135183341732,32.38911399277749,80.01639538283649,192.19941426312903,0.13822490745788343,Stable
2026-02-19 03:00:00,37.78699001099429,6.707413121108026,4.842498009404844,23.969881576920276,7.495592470845281,5.787496575963116,28.45882692080801,32.462077397580074,81.61762905515216,177.30224296146997,0.2216852463801753,Stable
2026-02-19 04:00:00,39.67653613211144,6.889894913668585,1.9300359375550822,18.962362941328163,7.930206721987026,5.644912454481192,17.915216615799594,30.386502753481317,82.43579407163716,171.72238340073088,0.18913803709180613,Stable
2026-02-19 05:00:00,45.114308046140124,7.51955767718209,3.327842603580417,27.502709646899188,8.406989995391942,6.79688002591972,17.164589089906606,33.00521785689857,78.47820459851638,168.22510085745273,0.21218022891549693,Stable
2026-02-19 06:00:00,39.183271091174376,7.0421522070411005,4.4925166381871975,32.15566507514624,8.081014261804441,5.756131713517965,21.584316637136236,31.026370829618557,80.1378623524211,191.28325668501805,0.14255113409519918,Stable
2026-02-19 07:00:00,40.62827596489351,7.297235267195707,2.811234696049846,16.85128726855457,12.155440786361861,8.401619354820566,30.23098061096795,32.75160660330659,75.1106554312238,190.44131380705383,0.1834299878346878,Stable
2026-02-19 08:00:00,40.601488356427986,6.405948174987766,3.240370892180747,30.111624976082407,9.481748013054743,6.719195606471037,24.994389271111107,31.983483644256584,81.7745659650707,165.35835187986424,0.1750613154395734,Stable
2026-02-19 09:00:00,42.41185156042659,7.259127166510446,3.6488042387916546,12.314662421271592,8.452397797704776,5.905177655561005,20.51387142113309,30.347177511005917,84.79726701098241,164.063606727682,0.24459405872857864,Stable
2026-02-19 10:00:00,37.573220929783744,7.054821242776648,3.538381415292085,22.99856684909243,9.713916087734411,6.585410775926343,17.461772398813288,31.620516453183527,75.30124951186214,166.31006075378508,0.22243423887002617,Stable
2026-02-19 11:00:00,40.844433650538015,6.965196793590657,4.574327856590811,34.2025795612129,10.83591181058983,8.571752706701346,20.92204812995873,32.43801978375021,72.08633608289935,184.47226983192024,0.1691189862238789,Stable
2026-02-19 12:00:00,,7.150668788077916,3.736355357554924,23.358379757435667,8.81076058788484,6.057048474743487,20.61801992169115,32.73328986000631,80.61206833466271,186.855014562891,0.17953444012416536,Stable
2026-02-19 13:00:00,38.731203659301876,6.961168928932632,4.395829671635664,25.44969197910496,11.30396259035183,8.233460626004227,28.210279733903654,31.825213100991867,79.37196962023744,193.00773666372524,0.22068287676056458,Stable
2026-02-19 14:00:00,41.728539857284346,6.50531502243126,3.1299937320175664,28.814331003867775,6.9577064512868825,4.526631955041305,28.5564491222417,33.827720473048224,85.93473683183426,170.89949026509188,0.2032740716033387,Stable
2026-02-19 15:00:00,43.88695391718184,7.358229423528142,2.8446059415622775,16.417632429696738,11.842607264232829,8.665171637082407,19.275441575140785,33.192307433954724,78.00211861380882,175.73968610876224,0.19776074774403885,Stable
2026-02-19 16:00:00,43.269522817201256,7.168044917177494,3.2307076052352732,25.360474004198778,9.482095320455558,6.3190965325231145,27.3892472771172,31.667541615823783,82.00735707626247,188.82307640470796,0.1621069409137828,Stable
2026-02-19 17:00:00,,7.012096112670601,2.5306726799742987,25.321065359806543,9.403975296496544,6.254332693026545,26.928406044039427,32.8664304209014,82.74617653569423,180.21166237414536,0.17667822715139986,Stable
2026-02-19 18:00:00,41.52293305614613,6.829468095819717,3.7626337721575713,34.3116048662437,8.113971351070294,5.874427342846727,18.691436333566806,34.2761225021931,83.54797307800688,188.3024995549722,0.15284938709834928,Stable
2026-02-19 19:00:00,47.28144720537837,6.688439895490002,3.1105914154335657,18.821295845010884,7.044299738973173,5.551848429294793,23.622815855274442,34.29596947210133,83.1586015364347,165.43461548584216,0.26522796425151673,Stable
2026-02-19 20:00:00,37.601031930173114,7.1626899579790555,2.896158325016893,23.09230341774939,6.166656128369218,4.651032360868036,25.533689946708378,30.456140892832156,78.62781996427198,164.51801440058105,0.19795401801337126,Stable
2026-02-19 21:00:00,37.66052119779186,7.551763468863101,3.773993807215751,20.358221045881923,7.974446662100428,6.044643498342514,24.734559384228117,30.80279302651133,80.00464869830367,172.31049155575045,0.2582175960118987,Stable
2026-02-19 22:00:00,38.13008491315062,7.15688661348749,2.5422131665192835,19.827940981543104,10.675346441204704,7.716722802307721,16.302565154361496,33.67997100230807,78.0747501064432,175.56316176990208,0.22921234524626385,Stable
2026-02-19 23:00:00,41.402298630646165,6.712826750294008,3.977876660391846,30.63701363532289,7.577443155390676,5.391652276794087,24.590321045324785,30.610115492156677,80.17303276162527,166.96038507609757,0.25040980567292304,Stable
2026-02-20 00:00:00,40.21003280793788,7.163032683570752,3.041246958631479,25.13325751000409,6.403103628551381,4.952882200959538,26.863192011442543,30.273541623195293,81.50163147682659,170.07792542550172,0.17510681939524694,Stable
2026-02-20 01:00:00,44.09186703051436,7.085063970570916,4.269322333070638,22.222164017867396,7.681869378324427,5.369820709297621,31.108173759903856,31.256255958281468,84.23620078089535,178.27397642432302,0.24294131101178587,Stable
2026-02-20 02:00:00,37.542578089753995,7.341932215300784,3.1054468163278246,22.410770494287323,8.73033336499137,6.7738122151141695,20.990439599337833,32.32162479419025,77.37758742578772,181.8912624221999,0.2340119978218357,Stable
2026-02-20 03:00:00,42.58705465196139,7.269885289675283,3.873932249918443,22.18386461527302,8.808997554675294,7.029378160865784,21.545460795619984,31.67071303700317,81.18863335249134,199.0362530043917,0.23150134999389496,Stable
2026-02-20 04:00:00,39.127999675397774,6.263969690449221,3.5346717803296794,22.63098411296153,9.242214183514472,6.319121126696345,23.060099553573252,30.98772863866552,79.5488898786836,176.91046338059238,0.19634691869329965,Stable
2026-02-20 05:00:00,40.544953379591725,7.252667817239968,3.957926405285865,18.677773278553676,11.565212692103756,8.000877722931811,25.310471645926004,30.932752945991453,74.29095633480043,191.3821014517237,0.30426610965761647,Warning
2026-02-20 06:00:00,35.56344695744791,6.819025765338856,3.48246016911072,23.706352287174,11.998508876182978,8.39879719885609,24.43657995430285,30.859001239656852,73.30998737818307,203.72292790873882,0.17371631270644722,Stable
2026-02-20 07:00:00,41.56515882241702,6.701915952394364,2.152451940742567,23.203966541739277,13.510925010778644,8.772874046209099,26.719385945851908,30.628995177086427,70.23578730552094,190.32037322788543,0.12283893560481601,Stable
2026-02-20 08:00:00,43.96461261058484,7.047227445095402,4.156595154431599,21.21101646798329,6.250185366602864,4.401273342983516,18.93666056003186,34.391579107921174,82.96375720826907,176.82440406974354,0.27930981204480926,Stable
2026-02-20 09:00:00,39.9006468268157,7.215071910528403,3.3342378081565696,25.775231281524874,7.788232159327331,6.242889074652809,25.78584160183447,31.978466896388134,80.05365580717007,183.49461059732243,0.1635350563210542,Stable
2026-02-20 10:00:00,41.942254370904905,6.640594309119689,3.9921370580161097,26.199447400590792,10.896970314119509,7.328140018777368,20.660030788984557,32.65202899558266,75.03858611093855,179.49693634204365,0.24546688237067618,Stable
2026-02-20 11:00:00,37.43513958664388,7.297281396776114,3.9176848576516425,22.21676392854146,8.59193756894995,6.898344548102821,23.354997440749898,30.96613018872838,74.71779961995992,195.3101704690115,0.29697581979379534,Stable
2026-02-20 12:00:00,38.13475082783677,7.313734877308848,2.8200276392414936,24.279329246168725,11.221572939698465,7.924232172967311,31.68606132265293,31.293630999000168,77.86020431492376,193.3764343164632,0.12888961412088254,Stable
2026-02-20 13:00:00,37.69604244877932,7.113153334963859,2.713903446118527,35.79311863450428,9.914226860229654,8.390132197294223,17.707907360552962,30.622931676030117,77.65145490576955,205.26896334290595,0.13742536604664246,Stable
2026-02-20 14:00:00,32.55278088786387,6.857065383536426,3.891516326086753,35.60216629301068,12.658408420073599,8.765951393073951,22.742396392022833,28.258236611244424,73.5573579002997,214.95082873072658,0.2445190449581987,Stable
2026-02-20 15:00:00,39.46996687605697,6.825774158826998,3.1725632279421148,19.72954904935132,11.585432227865372,8.365620404648192,18.264094024602187,29.74644988765024,74.00446796050755,210.3161368647868,0.21829306749686317,Stable
2026-02-20 16:00:00,39.568976405935274,7.387260996842463,4.102321959599872,20.427762167057207,11.622033253117962,7.902284493021113,24.688805885482978,29.185789177570143,75.78152883832388,200.06944014830654,0.23950467515054805,Stable
2026-02-20 17:00:00,35.21328180717994,6.676857647781146,3.2663492928527327,19.70298361504002,8.676256782612608,6.005500683739446,28.71704811925508,28.615970106707625,80.49873443173554,192.52211638896694,0.2858940574748558,Stable
2026-02-20 18:00:00,38.53358611148104,7.39805172902937,4.167557333086216,30.285269699861196,9.305078308063456,7.477559571467326,24.763448034799215,29.83718007959141,77.86996423088317,212.86602157895234,0.22138866486094935,Stable
2026-02-20 19:00:00,40.28511115276481,7.053744235443477,3.7174783631568262,23.00735350212153,8.889493084865288,6.721341433909842,23.474778659989518,32.81619210202329,76.13919109689351,210.39522880773208,0.23116246172777688,Stable
2026-02-20 20:00:00,39.78285192001002,7.073166340099999,3.615981245285611,26.1983712179815,6.488215712700186,5.103533012691179,29.977810480734234,31.12630399584796,,207.41711599850606,0.25949426807181925,Stable
2026-02-20 21:00:00,39.4252930259829,6.621735442484269,3.119491600944794,34.98483666640442,12.443538510991065,8.183400875790026,25.48726095647465,32.68044750840496,78.17033015714048,202.4257203147784,0.19055651508656474,Stable
2026-02-20 22:00:00,37.80901903733536,7.058919343563995,3.574320710546137,24.947676028447688,10.990774617686425,8.419104427715968,27.68804725340315,31.575869349510633,77.10989436042411,194.46615551525096,0.24974424881832924,Stable
2026-02-20 23:00:00,42.0756200945104,7.271803944483185,4.2946395362145315,28.531243608786603,8.809945751838125,5.9605504381707135,27.218658240803105,31.971470322462917,79.3611131038976,195.96471272322552,0.20322003227756752,Stable
2026-02-21 00:00:00,37.7720967542986,6.725805175401445,3.35933840600251,27.602103746501967,12.109185014919946,7.949044009490977,12.0,29.899837924547587,75.07664259313462,172.00932470561557,0.23267892530997247,Stable
2026-02-21 01:00:00,43.601208322131725,7.239618042830516,3.7983808327628914,22.05891324152025,8.23926470650569,6.1228623939022135,23.654990374705733,31.556990420424775,77.5365757670828,192.2434151415966,0.23218305403243655,Stable
2026-02-21 02:00:00,39.8414972173127,7.124923431030126,3.4347700571872792,30.295808658709294,5.823731063089449,4.324525694582008,19.148664890033913,31.74887728772442,79.86902539602626,194.8646460658488,0.15337128692219418,Stable
2026-02-21 03:00:00,36.2753102325713,6.919748428126954,3.493453032059066,20.75149595449907,11.51473950578723,8.439544295037813,20.268073976294122,30.127466313272283,72.33062532733298,197.16038856600886,0.21815249357735053,Stable
2026-02-21 04:00:00,41.88866433527132,7.339308464217565,4.6925580677037235,31.69939893222088,6.942879533768005,5.342307748603006,30.63563748296382,31.434782582399446,84.01018505719988,186.23138295792418,0.25495866936844974,Stable
2026-02-21 05:00:00,,6.483368104686004,4.301297523279663,22.0627451739544,9.108449068752034,7.086793707367883,22.313375046048336,31.385535364532785,80.04768637136759,156.97697698565148,0.32786559996248243,Warning
2026-02-21 06:00:00,39.442070352469194,7.197070609648238,3.4595528613967885,22.610161397319526,9.91224608156752,8.037197178130606,32.51655688112704,29.988324625076345,78.29397101656473,178.60464656627693,0.21853754385552013,Stable
2026-02-21 07:00:00,39.622263807390446,7.553441844260521,3.5608405659520255,19.557560881866042,10.270930689477524,6.825353229541867,17.66540210878115,29.24106244965461,78.46802622746596,166.79045488949728,0.19168001652060682,Stable
2026-02-21 08:00:00,35.80137146456637,7.503184078948185,2.8735971223367733,20.378702945916764,11.196802112407592,9.09864336890356,19.123481488751843,29.10696405225796,77.65202137815463,175.15471833476442,0.15185734700571546,Stable
2026-02-21 09:00:00,38.31570616677006,7.209145881750786,3.270271340301285,22.866178388357323,10.661702852535024,8.88681860019814,27.430577974283867,30.57021278474064,75.50193142182766,173.6899449123339,0.19257210364531793,Stable
2026-02-21 10:00:00,38.45337922695667,7.015529382683363,3.632048340661461,12.843257210446941,10.599785053124053,7.524335318788908,22.46382816108671,30.79627888993226,76.58705912364269,181.68601711209058,0.16916032927149485,Stable
2026-02-21 11:00:00,34.80779525068694,6.921975284166663,4.037960192176846,23.83333829412202,7.918496435887017,5.0538453986828085,25.382973014704724,29.389288324518173,78.89598187065644,190.70447767367014,0.2097547833203644,Stable
2026-02-21 12:00:00,37.780503895320265,7.01518077770642,3.961915672683189,22.460128813792416,10.088487114535315,6.5969379909498524,23.494619281336124,30.30768419563675,84.1900729276522,193.99776648648748,0.22450502426089458,Stable
2026-02-21 13:00:00,41.567676925302656,7.252266029417013,2.568055708071617,28.95005549305916,6.4889000598997875,4.572067133789539,23.358406929152967,30.89491800954901,84.06160504374043,195.38217116016585,0.14712463466332562,Stable
2026-02-21 14:00:00,39.360319138165224,6.873971734471363,4.132737048008973,27.11490369178413,12.62427539690566,10.614210336583264,22.630937690705657,30.88564293057753,75.79543031515782,214.6635725904532,0.25646610142760395,Stable
2026-02-21 15:00:00,37.24655648827365,7.312078669054106,3.333419740466835,21.461812844503516,6.694870352363552,4.893544518509218,24.807720121834816,31.938679143963622,84.72009033546065,205.02043222618192,0.17633153515945546,Stable
2026-02-21 16:00:00,36.428818491432395,7.697284945040931,2.6597564832418463,22.707246202870465,8.807120322487311,6.1302390226608665,26.88737229387556,31.540497314762266,82.29210028878373,183.74999820781557,0.10218004683983209,Stable
2026-02-21 17:00:00,40.06692865965106,7.082672694164329,4.402288553073941,23.826909807395513,6.862251521946433,4.750756463040212,31.264899679376143,28.737376542154518,77.68643770914106,186.56821789654748,0.19295498067531874,Stable
2026-02-21 18:00:00,39.708526770457,6.723569455080674,4.497459247553465,32.42978277237925,8.039667428268697,5.284073605021539,23.08869359095732,31.889164790967257,79.4031993690439,186.03299163596273,0.23722302536430892,Stable
2026-02-21 19:00:00,35.8659540951808,6.723471471031404,3.597810236755495,20.88847659771779,9.526856830864102,7.412863320766679,22.22862766963856,29.160774506584033,78.43233217711443,186.02903717304258,0.19911896209275046,Stable
2026-02-21 20:00:00,,7.317438354479241,3.931595201428926,21.40119667524673,8.442483802967995,6.120262287433861,21.648922995933905,30.980049567648578,81.08633606948717,189.94860661335176,0.19186811584068386,Stable
2026-02-21 21:00:00,34.78061868343632,7.083271069891075,3.975586906558324,19.357079241914246,11.788492516291242,9.967059882265314,30.614027347646246,29.735234192070987,75.65152562047767,188.77935643176866,0.302504197120796,Warning
2026-02-21 22:00:00,39.93192299995414,7.345512650897935,4.446829114609188,17.589802602819077,9.953802031925592,7.610194441470022,27.106462037012182,29.0857327009309,77.79987018035472,179.53081026969883,0.2930010832681906,Stable
2026-02-21 23:00:00,34.5508669603269,6.9505824102353815,3.946051394073794,26.535018118127475,8.574180541542814,6.650533104978443,15.454349581028234,27.336972835498962,78.27244739022883,191.44442854233418,0.21907233833042547,Stable
2026-02-22 00:00:00,39.96028917876068,7.332574593311152,2.4042337919210732,26.014516655366048,9.232836140051907,6.617028099534974,15.255956837416282,29.225486123283837,81.38950176641087,186.624629400432,0.18030819620097469,Stable
2026-02-22 01:00:00,35.58784108489721,7.055676231434076,4.907355811728346,31.41380926417676,11.939400914111872,7.999318993371488,20.264739542258617,27.48453765600258,72.45224797906799,191.00867935994353,0.24818103430147095,Stable
2026-02-22 02:00:00,41.29935649969051,6.894898864509294,4.199242667110032,30.207045038634647,11.317741766568933,7.718168472479972,25.035654498244686,30.440292550553632,75.61387130451273,183.66460309355912,0.1811454984496469,Stable
2026-02-22 03:00:00,39.53613410840576,6.987720425935332,3.0178568460454263,36.98558357265904,7.222458211969178,4.728481408861703,23.849384373515893,31.022745110319587,76.16835180204056,181.90773764660563,0.17412161817136396,Stable
2026-02-22 04:00:00,37.87517383842991,6.764824780481494,2.627781195731943,24.630636162294522,8.13869657172079,6.348766948536467,26.316503483296565,28.168708512691758,77.28720482040858,189.8605269029231,0.20793779830326214,Stable
2026-02-22 05:00:00,38.84733077727791,7.657020676402851,3.7786100728030627,23.697352181018964,10.449579637368743,7.406972030627459,23.21050451017524,29.409144685101236,78.34336402856101,181.14933025521424,0.15855118722884248,Stable
2026-02-22 06:00:00,37.34406368937671,,3.1913049712243153,18.498868274333205,10.20673317205408,7.985620752561434,30.28838447120524,28.097481556872765,78.63365255284755,184.24815328199807,0.19893267533172354,Stable
2026-02-22 07:00:00,36.8302271042211,7.2804639448310144,3.647496515499219,28.48289083738163,7.399236917202474,5.4567544070301555,27.474501204483072,28.134358149855682,79.81778385269588,188.46868079270587,0.21120111474248512,Stable
2026-02-22 08:00:00,37.27226086605612,6.949676642796176,3.9575551309586974,25.592671207231692,10.998253178613247,7.851597847721697,24.349094732020585,29.73796229828729,79.81170968673119,191.26946925691834,0.2133327460007441,Stable
2026-02-22 09:00:00,40.51268503228729,6.805460209845649,2.9751685840024034,28.256331525053415,7.718251719627208,5.137822855252634,29.154027437403474,28.681815649141566,83.66685549862102,181.55747692072268,0.23993700849971822,Stable
2026-02-22 10:00:00,36.92074609124806,7.034513456942978,2.562919005486747,19.304378903808,12.107653547712683,9.03945064444516,16.579921990581507,30.734620061439863,75.71927811408737,199.43050637348884,0.25078482109410694,Stable
2026-02-22 11:00:00,35.995471514921945,7.408333909346175,3.6893638509039834,26.7580209451335,10.558898312499243,7.58102695976153,23.617163793006494,27.986856230235627,78.0671838284863,195.47577768181293,0.19597818054888597,Stable
2026-02-22 12:00:00,37.71253944575203,6.95419509840848,2.99995910854227,26.025998089769708,7.236151098708557,5.641448959240397,24.618805377575935,29.68276769533684,79.63248779573294,191.88761531955006,0.16274782159204493,Stable
2026-02-22 13:00:00,37.32293097823246,6.856251047635763,3.5095718392992987,25.695175199468434,8.441846597073177,5.830381720982656,26.70916424978629,28.518049471545424,81.12537270655564,182.3044937307187,0.18941894160629053,Stable
2026-02-22 14:00:00,36.41431578354412,7.14352998842336,2.3925051722783013,21.58367045904738,8.407078770942752,6.422049164863094,16.281752987271208,29.27326107533312,76.60777002899563,178.9169157420929,0.15938690673496514,Stable
2026-02-22 15:00:00,36.32801432478793,7.239726328200968,3.210862956644022,30.946623242766993,9.81975344260466,8.054619991721054,22.828168919064833,27.698521713608752,82.66983358084352,191.11402189089077,0.135046048855122,Stable
2026-02-22 16:00:00,35.754372575685224,7.559997487278891,3.9362139182799973,35.251537894890056,9.09204620397502,6.77348873221067,25.802073583579833,28.092057746091154,81.75791695284555,195.83302496046562,0.2177571055009671,Stable
2026-02-22 17:00:00,32.76510088716446,7.199050133944298,3.8544493807350975,19.44827986851192,7.209022173236433,5.573951278702406,26.14722956878801,27.929005922040258,77.79366194191081,198.95463096456916,0.29742806863682236,Stable
2026-02-22 18:00:00,34.999200483666634,7.280317949988746,2.8087315218450484,28.60221989796479,6.711481707554848,5.110484347442281,29.337584286543905,26.98009591115294,79.31597210369344,202.07441492059198,0.21769192955223904,Stable
2026-02-22 19:00:00,34.49220010406561,7.30139706633769,2.523801723011461,10.610749243298054,10.598046668795723,8.842957485621701,27.426773995830352,28.693330770125915,78.45507524131635,200.91216499662224,0.2112463420158224,Stable
2026-02-22 20:00:00,33.12556234648883,6.777155693058863,3.411822767313844,28.34304974741229,10.072473729128326,7.558745114509899,23.726192777825815,28.594333871386628,77.08189851166263,199.95654860094427,0.10518338335606253,Stable
2026-02-22 21:00:00,36.71500825986483,6.830267020268527,3.8207745977645566,15.649226917291227,9.711075114410063,7.462939247760333,27.037381870269396,28.441261618486063,79.65042375739405,207.6507048813633,0.16473856459348682,Stable
2026-02-22 22:00:00,38.46386635600322,6.7965090389104175,3.703881355144413,22.37516326050371,10.041463717920921,7.310233970752743,23.093863640004155,29.48809967196409,77.06004541453882,203.2455569729331,0.26029653777837747,Stable
2026-02-22 23:00:00,38.35090488130118,6.726999188406339,3.0158801167290177,18.434876691228748,8.26216170494993,5.67948126287858,24.660482787432837,29.297508797092032,83.54986769035021,198.93008103724196,0.24426549170629058,Stable
2026-02-23 00:00:00,36.15709153530642,7.3227287649637125,3.6233683318649526,23.92194252525302,9.867984715550287,6.54790458635164,27.576610575663132,27.022750121267034,78.15278276620296,202.99563707327582,0.23190926028695738,Stable
2026-02-23 01:00:00,31.96941713640711,7.181214025665851,4.526766603456996,29.193968491839144,14.577011129968536,11.656956266185626,23.79614643065381,27.834595178288332,79.47437669755332,211.0350765851938,0.2334626277857726,Stable
2026-02-23 02:00:00,31.830711703904175,7.122258897665605,3.5538585154817706,15.713433681364886,11.849134241494287,7.9927177907819695,25.62895355789327,26.552745559719114,77.65755400128779,208.37454007185545,0.25988629679929626,Stable
2026-02-23 03:00:00,39.19018041798746,6.374039375687365,2.175139048136035,23.202601552421807,8.923183098080326,6.879975363984549,28.325889461926558,27.243137544360124,75.70330605629934,179.87228527782295,0.21583526859612387,Stable
2026-02-23 04:00:00,32.31497534203896,7.675533520413213,3.5524002535754815,22.433156155919715,8.453256505797519,6.364295490034321,27.204741873325737,26.409392862193037,84.76298495288559,164.6549390308453,0.2592527336719978,Stable
2026-02-23 05:00:00,38.20880141768009,6.849603838837004,4.932967728409457,32.90524341935937,4.0,3.121912775877061,29.550623351466164,28.987119355406715,86.74669738717628,160.1267796074289,0.19312470695122128,Stable
2026-02-23 06:00:00,34.01952755263643,7.674507571662907,2.434456890163303,27.158805039251426,11.637388305969395,8.16584876136731,34.4780173407881,27.39340279596813,77.31298075673305,158.57976065083574,0.18688161809328813,Stable
2026-02-23 07:00:00,34.76861832367416,6.694212385417631,3.4222934963717666,19.113914433632885,11.073210707549626,7.601868273940286,27.163174980106245,26.609272845139028,78.54337293294645,159.36390827015458,0.2726403095125974,Stable
2026-02-23 08:00:00,34.95072271665781,6.872527675604169,3.230248425225899,22.643528104848002,8.412344061447016,6.316075839545472,21.924183518678603,28.217231121205,76.61503902701001,167.96999883160225,0.21328827597832817,Stable
2026-02-23 09:00:00,33.21727743065584,6.483202172897303,3.471912219456298,32.780521191927654,6.636584634245745,4.7379985188996665,26.303203715189102,24.094195121416547,,156.1471914819097,0.217904534988955,Stable
2026-02-23 10:00:00,32.46969272462775,7.201394993263955,3.5456891148653287,28.57182658387012,7.189465113620548,4.761535592547996,26.10968287420688,24.196144489994346,80.70616061762607,174.11534341469783,0.19339558331242043,Stable
2026-02-23 11:00:00,34.58574308988928,6.791648090172854,4.254978989547193,20.408832687972893,10.388795724958845,8.691462901904346,26.760798120796718,27.48232263717774,81.05813012291408,193.10878351537755,0.25828680808224475,Stable
2026-02-23 12:00:00,32.41392286277096,6.799559956852461,3.4635874648006078,23.664647308084554,9.32131853267497,6.398829310616394,30.727573112568173,26.514267102132383,79.66795357549655,180.99070761926404,0.25499975339951914,Stable
2026-02-23 13:00:00,35.19234306803504,6.715696019191168,4.3579446679090355,23.82445425795926,10.883184035214562,7.349960523969806,16.421498209571972,26.656794673050022,81.3897447083083,175.25929976710265,0.23268847341793633,Stable
2026-02-23 14:00:00,30.253891093333188,7.317659417566602,3.311758255910138,22.310090364220972,9.672886276736367,6.932388635815436,30.812270960983803,24.67932869141837,81.63016568124411,176.01700093543084,0.19072802242616915,Stable
2026-02-23 15:00:00,35.01304656652866,7.299209822438913,3.1373974195190253,16.44893921839155,11.43351766423297,9.134319826858963,32.326875906261506,26.158084482286977,76.61800410273067,184.03552280250582,0.17440514401044813,Stable
2026-02-23 16:00:00,41.7583481819276,7.60736948950206,2.8981127627210457,21.611891423050157,10.239150280784493,6.254375790087517,26.556317984715967,28.505378363853804,80.72024202253358,173.89283393238705,0.18995327489747352,Stable
2026-02-23 17:00:00,37.70601519731119,6.908002146099567,2.037184728159885,31.945996529326873,11.157590760321362,8.862960798509706,26.6646078655041,27.00567509478716,80.64889770431546,189.48083301560746,0.0972648598855112,Stable
2026-02-23 18:00:00,35.57273905076072,7.161269423893104,3.60683605894438,23.094277564694124,5.320633178156125,3.6173333316467513,22.912598367332254,26.13604327697239,82.47891189413667,176.23885887033848,0.23678306274122304,Stable
2026-02-23 19:00:00,33.150392361238715,6.738986144727453,4.940500216353882,24.483731847695406,7.03130885900508,5.235153193604907,24.028457954175174,25.32160695672101,80.43425223963287,167.80414202002422,0.28002592473875637,Stable
2026-02-23 20:00:00,29.41389642134501,7.00618907363411,3.743676607964396,25.70262823426787,8.771296660224746,6.076926393652948,27.140784716166685,25.291401675352063,79.57982955810836,168.97196718319526,0.2672230853002559,Stable
2026-02-23 21:00:00,28.482062277519578,6.95472331228127,3.9150605156212595,36.09070697356063,11.659137569800484,9.7884922205171,26.850985767466458,23.126635069319946,70.31109286088623,182.45013269294014,0.15168311761377357,Stable
2026-02-23 22:00:00,36.47360084131474,7.230045988098717,3.0902265062391585,25.044373857084807,13.26105945213548,9.771466090843099,27.243193785015244,25.908015129109316,75.44002030180413,199.20857073631225,0.2081834699846494,Stable
2026-02-23 23:00:00,32.95150347356122,7.384766105797093,3.216749956544747,30.469726767917557,9.171528435226245,6.3380302593367635,26.820008572214775,26.531015633810778,80.62956652248579,192.61228421766342,0.21842918024891558,Stable
2026-02-24 00:00:00,30.145217406388046,7.37749867343282,4.138481116249946,22.009099139744016,8.27683987222364,5.905028450546088,28.042754883640665,23.54372160271614,80.08443785631512,188.4952822749161,0.28148114022248577,Stable
2026-02-24 01:00:00,32.227956366741125,6.8640125637790685,4.906520230217366,23.703003697487542,5.590062911484393,4.108305154218209,27.539919014935414,24.559257318109164,83.27162313941903,183.34222676579216,0.28504804000734607,Stable
2026-02-24 02:00:00,29.75888836027311,7.37957101329444,4.515960951847615,25.062763615551425,11.227127528146328,8.305516981923125,19.390431006329408,23.882980877966222,76.66418153285491,186.945473108931,0.3119150716183231,Warning
2026-02-24 03:00:00,29.57947244347737,7.087656161609816,4.0039334722960165,21.129335290753076,8.399618849611047,6.334420829705895,27.74520619578546,24.033009912580646,74.60782642550319,185.32080681115707,0.3041437946884626,Warning
2026-02-24 04:00:00,33.074689980603615,7.009112869148836,3.4263629345428814,23.981411096985212,15.41666933871631,11.25297762679252,32.363639773873025,25.175638126166458,76.7398175635421,209.74496977156934,0.21744412633874335,Stable
2026-02-24 05:00:00,28.74770712138743,6.901616783690702,3.5572891857004927,29.44025467906635,8.021192159930973,5.247913635901671,23.88017961620069,22.530766030731503,79.05923572156473,189.4467155440086,0.24534140919029743,Stable
2026-02-24 06:00:00,32.20830757239259,6.943217977578765,,20.998177194540585,13.710550193721328,9.752112507450686,30.74765976592115,25.69034473195038,72.74502448745324,205.6265132138353,0.24081504199940246,Stable
2026-02-24 07:00:00,32.21724233177865,7.587847876934945,2.313874359023007,25.00044515481819,10.996734767174933,8.394535748370268,19.87217115039784,25.779624384072658,80.39822217895464,186.64743804796257,0.20642042081801168,Stable
2026-02-24 08:00:00,33.54080340027218,7.186075014618326,,28.543667758279664,7.443471201357267,5.159490041224648,23.866068211753042,24.496082972603244,83.00327996979577,183.87197180674937,0.1339092773430734,Stable
2026-02-24 09:00:00,29.27936493948554,7.148891317300337,3.437350025891453,20.877669755936278,9.964287577287173,7.642638169533781,21.114788316855638,21.743616320476253,78.71837706265228,185.82136117554035,0.27647311230734634,Stable
2026-02-24 10:00:00,,7.026570879609655,3.1810058039299918,30.47706896307478,11.042761053100932,8.080479635745377,30.206495635907096,23.448500110427812,78.88066325464806,182.1903146817824,0.17060202960316742,Stable
2026-02-24 11:00:00,35.242010579997554,7.784874011202648,2.2979187214602366,25.364417398556615,9.049495614966833,6.497757676263459,31.38214449483983,26.04811878537979,76.06303354580696,155.94809864187937,0.18339938530707517,Stable
2026-02-24 12:00:00,28.87611857943096,7.465402936876998,3.3720074657126977,24.17438718330355,11.175965421104596,8.892468854202871,23.55361745960597,21.16019779589684,76.62179864384653,158.92101374509184,0.23549413109359096,Stable
2026-02-24 13:00:00,31.446152413374175,6.898102607856337,3.161177256650541,14.959260970998926,11.13191431869732,7.062117285405474,29.269776851978328,24.00265995028852,80.10504595494581,166.90188352322707,0.23194775340857945,Stable
2026-02-24 14:00:00,31.871249536169977,7.023387784682705,2.52036335853694,23.131937789932632,10.692677001188262,7.408499857816139,31.427819825565003,22.930348825029633,75.61446845098632,171.5698816593792,0.24048056291218192,Stable
2026-02-24 15:00:00,34.57567785631381,7.040011527856144,3.122365742034947,26.857962080726516,9.467053263904988,7.552659635767848,23.85186513917249,25.239282169198546,76.03711347361063,196.78844086334206,0.17409077254227584,Stable
2026-02-24 16:00:00,31.09776994635977,7.140844153919128,3.1592852494627417,33.72672509401234,7.150119821387747,5.939266363369853,24.583882253086426,23.391916945376977,81.04639006070398,189.7430390498554,0.2239321825992974,Stable
2026-02-24 17:00:00,,6.9036567220631975,2.9375221450566498,27.839445770558065,9.346429249049534,7.998016038007525,27.30126916332143,24.615883485361113,78.90871327869495,194.4875183569611,0.17177643263815845,Stable
2026-02-24 18:00:00,31.176045782073892,7.222868626541275,4.095002623581955,30.631081158891746,9.852129327431687,,20.20857908315872,24.73962624154055,79.76680092216836,208.90349026281515,0.27385895630764046,Stable
2026-02-24 19:00:00,32.47398460522237,7.506584676971007,1.972823828430016,18.954477131890307,5.747898257924351,4.340722843567793,24.495439178465524,26.19535069155142,78.80672064897654,190.3354038465751,0.19426368168917232,Stable
2026-02-24 20:00:00,33.21834167170654,6.732184129478834,1.9106507569667714,24.365887521735228,9.838470631982688,7.624406743308656,33.64254197790872,23.680046667772924,71.78808744201574,167.2931908270438,0.16228819512816722,Stable
2026-02-24 21:00:00,33.1973232956572,6.784118913614221,3.4024643383368187,31.10373221164432,9.306397470379713,7.446319804181857,21.749939158873666,24.307439170567957,80.99668234821746,169.6370334918784,0.24778366890037246,Stable
2026-02-24 22:00:00,30.91825673569742,6.964715604516754,3.4720953920442295,20.561332248000383,6.906747858430091,5.160860524365831,27.84221808317931,22.00765985886427,78.38579720855803,183.2215484559697,0.19864183036684302,Stable
2026-02-24 23:00:00,33.714423187358115,6.977697243169807,3.70316135201423,29.826113144865513,8.833987218616487,6.898797995964224,26.357120007616555,25.15271448990707,77.64103687843054,196.06261766561892,0.1744786668132211,Stable
2026-02-25 00:00:00,30.839476612876616,7.65957044492886,2.9957698687906795,28.666589323001666,8.876307306331402,6.704164478549924,23.263053410836715,22.74707006124671,73.66560398878372,172.42609983036257,0.13771632356689703,Stable
2026-02-25 01:00:00,32.31605173735517,7.380478581604154,2.711557146180751,26.3736182422491,13.360189066986838,10.13667360185656,24.997447918092263,22.923227955709628,77.19709263807707,184.162277307814,0.2162821229142101,Stable
2026-02-25 02:00:00,33.37711403379162,7.3644102585931135,3.3945129004787895,23.356486874320126,9.940236692354734,6.754288368201936,31.886789660427432,23.506896511746053,78.9356088678266,188.81920222006733,0.25500878903821544,Stable
2026-02-25 03:00:00,31.419076745437593,7.025977605816247,3.0688163984890027,20.068524227137825,11.572090502629198,8.238093064376228,26.491187159606856,21.596620735056298,77.20339585749818,189.1370295152114,0.2039860820051967,Stable
2026-02-25 04:00:00,31.484583634442952,7.019832246099692,4.563303553491771,33.87689647051657,9.264369391018702,6.496617672795477,27.19418380467568,23.686139466334925,79.49426831945513,199.69583100588093,0.20251262949494248,Stable
2026-02-25 05:00:00,35.28715721689525,6.693522484145688,3.1568295625561063,28.159312588620153,5.752166966329833,3.8229520019236025,31.203880333132904,24.513171757077576,77.09742764859145,186.53868884737452,0.17722702595938067,Stable
2026-02-25 06:00:00,32.10233189741842,7.318887263853388,3.3601111362121916,26.703080623377243,10.844683697643246,6.9315066055327295,22.697653033508242,23.645410533953783,74.69240133133698,185.48089952631764,0.1790451640856161,Stable
2026-02-25 07:00:00,30.594741170457088,7.23749528934646,5.2565636046984565,22.935751258988745,8.183626540824918,5.783372866552582,19.288882905729697,21.32998878532549,78.6870556830596,185.1227418766202,0.28176484708717425,Stable
2026-02-25 08:00:00,31.596161564521445,7.460079262109919,3.2539298299519848,25.18935814794989,8.828799740024179,6.316886778390592,31.957563262156256,23.031985782851688,77.29934333213498,169.84923140092965,0.17780667256476046,Stable
2026-02-25 09:00:00,32.51002789170854,7.040967680260273,3.817117648899318,25.823586349850164,7.394057501769058,5.440377736189627,24.614348021782938,24.016014476740192,79.92716362411544,182.310438877746,0.2322340411906233,Stable
2026-02-25 10:00:00,27.346660224946696,,3.8847320750397647,26.999378423667864,9.64553572784272,7.336062487277762,28.02120382567056,20.818164205447335,78.96996352885428,183.45551177014624,0.2397291845521432,Stable
2026-02-25 11:00:00,31.132068141195326,7.147612747996978,3.948551232788661,28.67170144235967,11.630356723244905,8.61049649200799,20.569518664712877,21.729366464505674,78.88573906739308,188.2399300930503,0.23190224743857785,Stable
2026-02-25 12:00:00,37.710041383108376,7.349731321141986,3.6171154490584394,21.08764237072454,11.365476216949252,8.136202155077884,25.748368373607743,24.0194525932931,72.934013715449,203.85632194833343,0.1562652364878232,Stable
2026-02-25 13:00:00,30.491834114226997,6.688339625812706,3.5453805958078823,17.667015172564977,12.672379015570328,8.61301116773075,19.063802468121644,23.241424263807165,75.30553251743348,190.6951934820032,0.2912588153854239,Stable
2026-02-25 14:00:00,31.504584335782464,7.306095717446745,3.475250717377837,25.421404256367488,12.955918915908223,10.082798794711104,24.286829278776416,23.362594904932568,76.82294028140122,200.0792582350127,0.19083905099444523,Stable
2026-02-25 15:00:00,32.15935584336027,7.094261242591607,2.96800457332467,16.263913313376193,5.408251539483553,,21.084345666697743,25.051766372054793,80.2815405355869,191.0419157365871,0.21056200857244148,Stable
2026-02-25 16:00:00,30.359978244318256,6.803581564972965,3.644139102129451,23.38169502503181,7.112758878141737,5.0226146591809195,20.05055549289352,23.336018047442124,80.40515918743857,169.35412366876932,0.23962229067961094,Stable
2026-02-25 17:00:00,34.60675372000804,6.516310389256861,4.921484378068444,22.454050849441185,5.8836168433468945,4.234703890034584,22.635947987853346,23.51785476377069,83.28276344537147,161.45680613835106,0.30891333535318993,Warning
2026-02-25 18:00:00,32.591241956957504,7.061787360674061,4.308011431722668,27.458740961008345,10.76386082077918,7.4238246997011705,13.679742106643072,25.937183992412432,77.26416132791961,159.36009583272897,0.19663277959790174,Stable
2026-02-25 19:00:00,29.43674199001208,7.505359635316739,3.627938516668477,34.912985177431544,8.113836432401694,5.686281517910814,18.7804390300011,22.3849029367448,81.57165796901346,160.44047785416006,0.1821071519735173,Stable
2026-02-25 20:00:00,26.467494016327525,7.56891170668759,4.041872348579492,15.277046880482194,8.521639336312141,5.957178036691544,27.520863703171475,21.642479663790127,79.71510603131185,156.49130052428575,0.27524358023750967,Stable
2026-02-25 21:00:00,29.5578456156646,7.199505338987627,2.7481180684520106,36.370925151592004,9.066805136145089,6.475479968632582,25.56449875296477,23.073069064749095,78.15353851469429,160.70733239214388,0.1639870244017824,Stable
2026-02-25 22:00:00,27.63079299568544,7.649361585875829,3.204615884350211,23.83462420440487,10.265141376181504,7.863781158305319,19.166158738668265,23.047592781592133,74.8030842366588,142.83835498143603,0.28574602493261014,Stable
2026-02-25 23:00:00,31.11477191646499,7.087976496772111,4.110887383138041,26.7390434108629,6.529357903987087,4.912631192049952,26.4654310625928,21.851162518041132,82.08856348704707,155.75209437926068,0.2511142991289536,Stable
2026-02-26 00:00:00,34.80749486973772,7.366924994459978,4.515375395093644,17.925839211881417,6.982273074731825,5.691045206943775,20.048041175316516,21.208100426063098,81.2676588689991,171.21606204006656,0.23663838360638023,Stable
2026-02-26 01:00:00,32.45053758891009,6.9736553511062,2.8218503709284666,29.984357851131602,9.502592413062214,7.570193683791885,27.248837416860383,25.18389517621113,76.01532751742378,187.44712663432043,0.16137781926084266,Stable
2026-02-26 02:00:00,27.437242687519685,6.955912325000438,3.037308767932632,25.20736268175862,11.897491872308935,9.965377234808185,23.479624169421783,22.77075855350016,77.55764768980423,187.1250051432859,0.21782886124570866,Stable
2026-02-26 03:00:00,31.26763721598708,6.910297447273422,5.036031845408902,24.692662944058565,9.44920519349783,7.1885179678085835,22.53694582323453,21.467637887127612,81.72060357235222,195.6437344953435,0.28236175792306534,Stable
2026-02-26 04:00:00,29.96085971339805,6.523051894805192,3.4721959373267293,15.313074425485231,7.916680587235936,6.015654310075737,23.590213693226453,23.414709631258365,78.43308674285404,162.33302397197093,0.23620766690880635,Stable
2026-02-26 05:00:00,32.75391396228137,7.460385832785135,4.767521479525284,25.368984069237136,5.203582639324727,3.659118371381545,35.517878054995684,22.155220101174297,80.97733699998038,154.89957175299844,0.30032359140319687,Warning
2026-02-26 06:00:00,29.390676268777856,6.920342917041355,3.5551429879568444,29.22914161908287,11.405351170120557,8.844060802960808,20.585393162149423,21.954734364357744,74.68427743757616,164.88165009228882,0.19297507963896957,Stable
2026-02-26 07:00:00,29.64269108497961,6.875597141668544,3.5846352117440765,23.818606822584055,8.02813670121904,5.570832989539545,25.019513998198704,22.90632246314517,75.77520941831281,170.83440326231704,0.22220527165003182,Stable
2026-02-26 08:00:00,28.300237081694117,6.76960792914845,3.1708818342550766,30.870996728220753,7.205126168496557,4.677027136194225,27.51615919271567,20.65615219318549,85.80607804869118,164.82062710820418,0.2401044252590021,Stable
2026-02-26 09:00:00,32.12135342375224,7.042779357769841,4.106916356132672,30.66447585945681,6.069349547082438,4.940133629789393,19.669142179099794,22.60579990187987,80.80843700162814,174.2128382651634,0.23233064063652936,Stable
2026-02-26 10:00:00,32.00101559264647,7.593777846956728,4.418333162728,21.79452308629576,6.621798377716069,4.378962239608104,16.825839731673305,24.455856854157783,79.23206617874833,168.54313623388353,0.3116652386718041,Warning
2026-02-26 11:00:00,29.705372805904055,7.6862580782303604,2.62374832739435,32.975569293986965,7.577571559092295,5.714525934309675,21.29505835667022,22.698822211491464,77.60549082343435,151.28248845957293,0.23082694958302746,Stable
2026-02-26 12:00:00,29.270829516340257,6.634957274775417,3.135662085834672,25.226474821625413,9.022302527611698,6.149436966792772,27.417584404989906,21.668492722298,78.00777880640335,150.55239850014067,0.16582552494006558,Stable
2026-02-26 13:00:00,26.94969483625689,7.000754561126641,4.086308893280665,25.248726253939154,7.082516590478686,5.609117428220251,22.460984467222726,21.49340520525866,79.17945999286302,165.34266761188633,0.29238070247213477,Stable
2026-02-26 14:00:00,30.38702247667392,6.810379824373764,,25.494906113013656,9.871416075095274,7.891824498356351,22.96002330887539,21.59295927208596,81.72376689180612,173.0963855763671,0.18973585678257368,Stable
2026-02-26 15:00:00,26.192050848833695,7.376734567539225,3.029960898600092,25.34657875470563,9.007104520163795,6.837336089886216,28.09846343081436,21.765504036523513,75.87105093967669,161.76671115829004,0.1927136595056036,Stable
2026-02-26 16:00:00,28.715001300797343,7.180246193242299,4.157156615402052,11.849333216707459,13.943984578369054,11.134969708047183,20.371456142273132,21.603244209528373,70.2096798434101,169.3859510095934,0.2503162638740418,Stable
2026-02-26 17:00:00,32.662773826983695,6.921760588333646,4.227589903534383,24.072468009051395,6.091113767214676,4.448971053065046,23.60060109984248,23.144003409322206,83.28834643850385,176.61596056146675,0.2339814578544322,Stable
2026-02-26 18:00:00,28.559961395677583,7.120320462565485,3.062768431995896,18.180267641687728,9.822958860624764,8.377801297002284,17.187715314074314,19.953864829812147,77.90902489860196,178.47184212804422,0.2079101941482198,Stable
2026-02-26 19:00:00,32.239514650963855,6.966322786005842,3.559274895990959,33.131678511078384,9.848009978081913,7.593200630560275,25.443235773266082,23.058873504991073,77.59462793122029,178.17110487553902,0.15853016951007642,Stable
2026-02-26 20:00:00,29.430990315620456,7.55198890642497,2.493643903071825,32.930414958606,7.438885192153703,5.061935708881144,25.032781835557845,21.561081661058076,81.96020542360745,171.11229700406207,0.18055720345448042,Stable
2026-02-26 21:00:00,32.802243900478516,7.25314866420449,2.7283893171409757,29.259691662277937,9.690504794894922,7.111167328239599,27.57991334175248,22.462751538507487,78.6512742983414,172.96797120526585,0.24661021789497284,Stable
2026-02-26 22:00:00,30.50261432337338,7.287550557856602,3.493123924100035,23.80766281330556,11.03918873281343,7.966015349229951,18.846347407478763,20.653215929833795,76.84376730003586,177.2238997561866,0.15966594336780637,Stable
2026-02-26 23:00:00,32.48890788527788,6.353263106150788,3.4235550906848826,19.959925316981508,9.692982965115664,6.94237297724741,23.136505886524123,23.596625876782536,74.79290178007524,161.01315474853857,0.25653798618319135,Stable
2026-02-27 00:00:00,33.35027021355965,7.081299169927933,2.674842931202024,21.712094993621974,12.268925769639676,7.838093312099027,18.246883377938158,23.49517865893256,71.56083635618074,174.51783975123203,0.17969351397423663,Stable
2026-02-27 01:00:00,32.65240204102629,7.683299068536529,2.8630195564558183,34.713209532130165,5.144624763809323,3.865041087937906,22.892519912298905,23.15155493221914,81.1043042829643,168.88436602523154,0.13703399498676347,Stable
2026-02-27 02:00:00,27.304524732454517,7.471316139610272,2.6012167225333305,21.539013067400198,7.815533174394559,5.109667306494599,30.66804633948551,20.183451759148298,77.47355447335812,160.6384212103665,0.16300109052530548,Stable
2026-02-27 03:00:00,28.31089740569818,6.582814915942315,3.7412948926849077,13.22202322806968,12.45011209446189,7.359293623990118,22.556612598117077,22.998695229080848,76.22290240184608,159.31043713378077,0.2936682924938229,Stable
2026-02-27 04:00:00,31.33437325107028,7.012240766848593,1.924270602481075,30.150827542426967,11.3240526665277,8.052298874110587,17.853360790897934,22.49364899938503,72.17916005669788,176.39977421397126,0.11334958865233231,Stable
2026-02-27 05:00:00,29.179228099563,6.763574549542757,2.6413170778298527,32.502515568089464,10.581023422532576,7.284250033616996,20.94054330761333,20.087049637900144,76.30107634512933,175.375492074677,0.21173211706307643,Stable
2026-02-27 06:00:00,32.172192141016254,,2.002793839125759,33.29607843583261,11.966430813038919,8.168470725516753,16.750716749622548,21.991248158739126,75.60088204113164,169.6966663967879,0.21568229697151245,Stable
2026-02-27 07:00:00,28.593709302279564,7.168397919037254,3.7142654528934855,30.19174002124664,5.66688424259646,3.1696567921538965,18.169022045367512,22.466351852370153,82.23397755857448,159.07743177146847,0.18510531763951507,Stable
2026-02-27 08:00:00,28.893317162943795,6.885017243275198,2.0479498374589737,31.007598386173907,11.091221325445641,7.57756280180475,27.0194412637293,22.70617928149812,77.9061893313282,175.75628179903322,0.22880634330659583,Stable
2026-02-27 09:00:00,31.182851697517407,7.109564224191421,3.423796898901655,25.26467037026771,11.628740324838844,8.377922448353583,17.491725431870535,22.263051164901864,75.55490919143377,180.72960230881256,0.20274883515520908,Stable
2026-02-27 10:00:00,30.27039651054075,6.369937651860824,4.629643011810567,14.618521882541684,8.182599667648526,5.6879012273126675,25.40547865659695,22.412730488246922,78.14867032245037,162.9413504298302,0.2267703606962338,Stable
2026-02-27 11:00:00,28.074441365800997,6.796210835032158,4.655075485953176,25.13940520750007,14.758474235782453,11.088099283771982,24.11584204147158,23.845964586943253,76.35272614034201,170.79364264773494,0.2641661374931717,Stable
2026-02-27 12:00:00,32.314924668043155,7.110204243231366,2.0455693231158842,28.107863862097084,9.892697928124115,,21.608122879079996,23.56470834053477,77.3072203505113,180.41314083756822,0.1680980172842223,Stable
2026-02-27 13:00:00,22.965446517954515,7.33678910316693,3.6238072012232165,24.32364971716875,5.114461914982918,3.8788089863402573,25.023074910259997,18.670292347932424,86.43336400390284,163.2159922952099,0.3159875991903839,Warning
2026-02-27 14:00:00,27.858058354585925,6.556432046232744,2.6582715277146587,24.095819406301924,10.262543995867508,8.070995030001376,19.78052320793735,21.748571458332677,76.92463788052163,156.50487462520366,0.16959198745708048,Stable
2026-02-27 15:00:00,32.65546190340994,6.99327651384332,2.5051479732173063,20.17940980490839,8.060279940021202,6.37569729462883,27.78379980372171,21.952099157689727,79.8990459018043,167.15758448563375,0.18303070102869756,Stable
2026-02-27 16:00:00,31.71854006006759,7.38271200678527,3.3148975342074443,19.99130628363987,11.829990547859037,7.972971871517998,20.85746865642451,20.06878202445336,,171.49698183704209,0.23404723851505269,Stable
2026-02-27 17:00:00,27.87605801357335,6.693593069175483,4.321218367699844,34.19074257383035,10.595888066782596,7.990902846021335,22.261349001269007,22.307370750517272,77.98215845479822,163.9801444293615,0.2995996703007839,Stable
2026-02-27 18:00:00,31.058552119107688,7.164171193739568,3.8497441556652685,34.37173184940071,8.304155855447618,6.516550571444048,21.725920475713018,23.717335193933074,78.6462236573125,176.2144662930468,0.1857410344553209,Stable
2026-02-27 19:00:00,29.026081033172936,7.118472860869681,2.863644303637839,24.986764343769483,12.504903836525791,8.828739388665115,27.102631039834947,20.940835987015525,75.7354335978386,181.90337874723335,0.2164578153820966,Stable
2026-02-27 20:00:00,34.23815304445527,7.580026489699849,3.928775498057502,26.407618025464636,11.37890261195862,7.811793405808536,26.449997610790046,22.675699189292132,80.44813245453045,186.31416050580742,0.2640355136576163,Stable
2026-02-27 21:00:00,28.21599364188599,7.035561865928741,1.7172187510887404,20.095709714814905,7.844160024635797,5.955069440914815,12.2023447533429,21.201731537534794,82.77796944967561,163.5626834821033,0.24883590926707622,Stable
2026-02-27 22:00:00,28.570751381403202,7.05195183245498,2.8352906511750695,28.21287424969727,9.195909838878304,5.963643278801045,25.144093213251807,21.52451942746976,81.44343602017052,179.03030939074912,0.22771903298920582,Stable
2026-02-27 23:00:00,35.23261506003378,7.339388730886112,2.7820813414740617,33.798245858071,10.53383358152816,7.059351257747743,16.149332256784884,24.135163943108058,74.1113399889031,189.78462846342074,0.15288699112891835,Stable
2026-02-28 00:00:00,28.994495871846116,6.728622372946183,3.4587405188041984,17.353846100276535,8.771473474454757,6.081511677430589,22.464052295148765,21.74407417728263,76.27822667129247,167.64624455840877,0.238662446306248,Stable
2026-02-28 01:00:00,32.428418463819,7.0381527021657595,3.247879027255,27.31941649851197,8.83120119230549,6.665598861471285,23.51321690213985,22.984015045886082,79.71317611458699,167.84264852510105,0.1883123234459275,Stable
2026-02-28 02:00:00,25.265183266488783,6.972396996964656,3.293896679785086,27.6951112132252,9.573450056528968,7.103884686318555,22.415737967106732,20.21946919671364,80.35339475711088,166.38462506549422,0.22199209997318714,Stable
2026-02-28 03:00:00,32.39416123722798,7.061104692442572,3.268960352420396,27.63803257444629,7.368402831925222,5.7973149154923105,26.253686499445124,24.736626725412634,79.33375828697115,175.9889215351567,0.21750216195348962,Stable
2026-02-28 04:00:00,27.94408252661725,7.337553805709594,3.416805430741815,33.214088339242345,5.034469322846064,3.4199006477187583,27.240344547357896,23.26327620327006,81.22156851776343,157.16246436635493,0.16055301742278982,Stable
2026-02-28 05:00:00,28.24979507719145,7.255165215823008,3.805098225218668,35.180091060855766,9.978269724664075,6.748792616101307,20.519403932313192,22.36066263910286,81.50633778201833,175.3272080996919,0.20738429140019154,Stable
2026-02-28 06:00:00,32.98959999658318,6.89036895361197,3.511998269576787,23.832581610636687,5.522200101409629,4.1903291440117805,20.355913488762056,23.311197286278652,84.19249156547448,170.90849494599598,0.2051670202455656,Stable
2026-02-28 07:00:00,28.871124129441217,7.138275776931619,3.186736137546581,28.36586836078179,7.513922593710559,5.155101822149678,23.838137008563674,20.97093491161464,83.1310441081132,177.9514957289217,0.21958938763585178,Stable
2026-02-28 08:00:00,31.487005617618216,7.517323651948146,3.7013112098535865,25.421168528630297,5.956835282102856,4.150766218016344,17.053205637452297,24.125217098724164,80.93953957181408,167.4576958625585,0.24396387854001778,Stable
2026-02-28 09:00:00,28.8646335638048,6.867217604336754,4.019592657739572,21.83942353530152,6.203111104477394,3.894796583666383,21.853599111655445,22.36213281176664,80.496837427233,167.3992536427022,0.32373585916492253,Warning
2026-02-28 10:00:00,30.110712407286925,7.140646698511163,2.982980581958028,26.354070784405074,10.352710348238583,7.7230859966859695,30.066350250243108,22.552024553769492,80.01951616341931,184.19231540974917,0.18928362813028715,Stable
2026-02-28 11:00:00,30.856386464413756,7.0459150104571835,3.355447951995493,28.35749764250124,9.055383669879854,7.378063790308698,17.22164745655178,22.25416013021237,78.2878016794804,181.25021427445884,0.1677573048558446,Stable
2026-02-28 12:00:00,32.161667963116756,7.082358595565702,4.2714299222849395,26.084643427084927,8.983199089063753,6.049188435975425,22.469471883089664,22.19583555019323,77.48965833745615,192.7066147696344,0.2329159751211801,Stable
2026-02-28 13:00:00,26.52561607072368,6.643415865770168,2.5729294920494823,20.594093952569413,6.868196432751981,5.399732756482971,21.334646341814477,23.775909438917285,78.84881247628498,159.891634315032,0.23178343924154923,Stable
2026-02-28 14:00:00,29.636760430726063,7.495013599207417,4.753526647191958,22.682196800721613,8.188301822322877,5.950709787302713,33.02370546624491,23.30028277925168,78.53346032857817,145.71714410884906,0.32333768688979625,Warning
2026-02-28 15:00:00,32.14556197027777,6.883181467751308,2.395633768945318,22.720462899126712,10.252910318420374,6.489089444512421,21.57962456998656,23.82736948589976,79.93479856022631,155.60499773371117,0.14439637996682905,Stable
2026-02-28 16:00:00,,7.387300151642989,3.1409765415964475,20.787780225346477,9.395825469386999,6.396584236848468,21.84085101588677,23.08796711726342,74.83001238879311,166.30888426342995,0.19788266342463937,Stable
2026-02-28 17:00:00,32.57551812392637,6.9260145497466965,2.6873575023429908,26.567697908028343,11.14534812208397,7.549795252588843,19.361557824892213,23.76876563887292,78.42728304877585,172.18156622395125,0.22622181502885008,Stable
2026-02-28 18:00:00,31.240933037150253,6.924858697469187,5.040945247652033,27.09056048146539,11.43018402425183,8.145045941891794,24.04194811605263,22.705852464897145,74.7992690788828,185.66179446978498,0.29401834483323125,Stable
2026-02-28 19:00:00,33.331082045221855,7.43967451013033,3.022487478364636,29.89758800443598,8.995560283483579,6.77431614087579,25.215751747606593,25.94081777120867,78.47868872954905,195.8662094183858,0.1268055406275837,Stable
2026-02-28 20:00:00,28.387691993489117,7.378287688973819,3.0243691326036,20.711888259196844,5.795501428159016,4.820064964464451,20.013810685711828,21.441398385463472,81.83888462029759,181.8317464157482,0.21058009916334053,Stable
2026-02-28 21:00:00,32.40390161732502,7.158426451709915,3.1219384450450605,22.112606568856034,7.9867102018675675,5.20164037772838,28.449252603248844,24.894904596796017,79.46142761903916,191.4702032350908,0.10926605618793697,Stable
2026-02-28 22:00:00,35.38069052910178,7.313122153945769,3.4717021059204627,32.77284725965619,9.304621438254616,6.544286791116905,25.21978612929829,25.08320582945629,77.97755948695672,200.19104384428658,0.1754011699010347,Stable
2026-02-28 23:00:00,29.016101931771615,7.019205221528208,3.1536686658216166,24.1775206796354,7.9470258959917714,5.409707836852311,27.83354670944332,22.480117797583045,78.94208426940523,201.5454616975347,0.27088134890896803,Stable
2026-03-01 00:00:00,34.114251050260926,7.09765706423871,3.3003348965332004,25.15065514625817,7.390751577332494,4.879825985176223,22.523390124720365,26.239864496548837,79.180685487814,199.85567985682994,0.14557752285566025,Stable
2026-03-01 01:00:00,33.189054673366485,6.91474517011013,1.0,24.124481393021753,9.639504568446972,7.087442097577923,25.094329489011,24.822370245369644,81.65992929896672,202.0105063286978,0.12599950226996057,Stable
2026-03-01 02:00:00,35.97789557672502,7.353138185804072,3.44286987700137,30.66515409360822,14.360606205466562,10.484411476374794,23.04106577306663,24.857193716976102,73.70201708470825,211.21218515768612,0.16005476771245658,Stable
2026-03-01 03:00:00,31.189862302783528,6.905844267273141,3.4133549661149836,30.859043403575146,8.52362387592725,5.371936134877429,30.559566972710172,23.790478819256155,79.16150539101038,196.23555464485463,0.21999964499837976,Stable
2026-03-01 04:00:00,33.47978041770862,7.5158437765825985,4.178926598059295,30.56604050294424,9.494388295016451,6.9403815041660675,24.52318861816978,23.562167105686697,76.89397989910333,202.99265160309326,0.28629034480980553,Stable
2026-03-01 05:00:00,34.10243447187817,7.011566432870449,4.381795711209551,25.13283805678774,6.875928245538023,4.563575719733374,24.039392767417496,23.63847566534813,80.10421220163528,192.28019259929104,0.2638794794259452,Stable
2026-03-01 06:00:00,32.298743835026485,7.1057423979245735,3.2592189539561516,20.63782011255499,11.986802110083026,8.758163249438262,21.937911004405887,24.426252365007784,74.41026986901355,206.17565451409263,0.14935356539135902,Stable
2026-03-01 07:00:00,33.28635213708333,7.312443845783213,4.012171811255467,34.62606538879627,11.249486086702847,8.997589915852275,21.678163662875264,25.70779009523685,78.6638743430834,207.33167772713867,0.20083737213482483,Stable
2026-03-01 08:00:00,31.65546835006827,7.106682037933083,2.573823414666395,29.281544884777585,11.111468278931834,8.394366916446911,25.069749336707222,24.3135756941647,75.00453400489084,206.20488769600834,0.22435085040094394,Stable
2026-03-01 09:00:00,30.561112602294482,7.0165856720001125,3.975506757022078,22.71670509303805,12.21959162260949,9.039607136487705,27.688143567177214,23.072758870779648,70.16479369826997,210.8744068962329,0.23651156367217321,Stable
2026-03-01 10:00:00,34.93561563017754,7.091593434613627,2.9706431506490674,32.119094234722056,8.645317290610386,6.059657496161661,20.919488559404602,25.227135909023875,79.50045280305183,209.3226423668979,0.1547105731539288,Stable
2026-03-01 11:00:00,33.87737499249329,7.350269138996123,2.5114768989024587,22.321955423704527,8.895164360308756,6.526183913981252,24.56960674729258,25.415355037982263,78.40635857076572,207.75519744349063,0.1919585643707838,Stable
2026-03-01 12:00:00,33.63909281564933,6.914401377801722,3.260808491346962,32.05351701594328,12.9197570637733,9.831663580966522,24.828762709586016,25.16851339730959,73.61577239420845,218.29338404109987,0.11341948760497743,Stable
2026-03-01 13:00:00,31.100796947809794,7.0646536379634854,4.450354335398334,32.391422946922454,10.765456205889118,8.133615964265397,25.612635823690248,25.351243968569463,79.51343409398012,215.43898158422107,0.2731516195864082,Stable
2026-03-01 14:00:00,30.271028338260276,7.102880283654493,3.535754152548135,20.39258614159472,5.0615563573116775,,16.316266191626767,24.206008493010746,76.10464463506804,188.7472455297021,0.2566897013457016,Stable
2026-03-01 15:00:00,35.77843744841831,7.342083854747743,4.522366110758785,27.908791515104806,10.409641951274018,7.723493157978888,19.838702851300553,23.49154379886435,81.53096821115071,195.30998095122143,0.1805873570070256,Stable
2026-03-01 16:00:00,31.28476507813943,7.072043295315997,2.838450464638147,28.910953519806643,8.336603878460807,5.482059840640596,17.853699659451447,23.64041652871681,82.30009052265792,186.37516449826776,0.1203499027005864,Stable
2026-03-01 17:00:00,29.24675340199178,7.606323746458242,4.185888328410992,38.07454599793166,11.296343649313314,7.7900882330767445,24.147979919932855,22.7962973931485,75.13352319269964,178.163270491405,0.19970700910539482,Stable
2026-03-01 18:00:00,35.982658702281576,7.056169198239773,2.9108799720722907,21.288494411830715,10.316380938840346,7.932428162287533,19.9456198354936,25.12046037110298,76.55665838195215,179.33697129705465,0.2069811780507447,Stable
2026-03-01 19:00:00,33.37751054443362,7.033448581246521,3.5689965036169022,32.162716384969144,6.018914471954401,4.672554401955591,21.766914967079636,24.813893447066512,83.24205290670233,184.41827715870653,0.15571566162555134,Stable
2026-03-01 20:00:00,33.62088464226352,7.052111005947035,3.562512121494561,25.08673009016777,10.037660340990955,7.379165146401647,18.625737642401194,24.464574808534472,79.29037963361154,197.14267688992072,0.21658726677859688,Stable
2026-03-01 21:00:00,29.248846229004815,6.731340399975757,3.8961188004431295,18.793179082097154,9.921255454503216,8.049542309037497,22.185435582744887,21.524940379567884,76.49403990156789,183.446609930607,0.25707181969806875,Stable
2026-03-01 22:00:00,31.01725014076002,,3.5880554649334955,24.400064150828563,10.226924972929574,7.7514064353703915,18.94153379451554,23.65459632191363,73.73113314240979,192.7636660760693,0.22268647137333006,Stable
2026-03-01 23:00:00,34.237455425807354,6.951413270873053,2.845611596633637,25.012323805498536,10.651057703826618,7.638704118312416,27.41058798914828,26.57662817080194,82.63317409917839,195.6594771291642,0.190995329743159,Stable
2026-03-02 00:00:00,29.749357961356417,7.418032357678036,4.060230214069422,19.705549034423555,12.491931919643463,8.28107154210181,26.156525864080102,24.51483430195367,77.89837820519541,194.76540822534824,0.27607535884749534,Stable
2026-03-02 01:00:00,33.6505068858866,7.090724703378637,4.698742445744045,26.560868094257646,10.327777979228596,8.356518391606668,24.676031766634587,25.8263617047264,78.06435459150728,205.73755182052852,0.25925116992748326,Stable
2026-03-02 02:00:00,32.39863751483347,6.964299626907602,2.962147433307911,29.789046277492908,9.545796920948929,7.3728629228789835,22.641261316437443,23.806571360748237,78.89364120215119,194.8957321747945,0.17052328290871546,Stable
2026-03-02 03:00:00,38.984960882115544,7.443429728769846,2.0235759426662256,26.191003270310063,11.79593510837645,9.777734695839536,14.830409551637736,27.284034414428035,77.75735746286485,200.53372353470522,0.18120274800852051,Stable
2026-03-02 04:00:00,33.63937415027428,7.534329597209832,3.7744896762653415,22.290779553100617,13.985481447179534,11.876143725271062,21.938070185273194,25.467376020263846,75.86717676793299,212.44296998033138,0.22220418228975114,Stable
2026-03-02 05:00:00,29.402927915778697,7.451507089054172,3.151614704460888,24.25763965796517,11.330141508336178,7.469036432710746,20.573445553406817,26.071282000199307,71.4539417979439,199.81481621863648,0.1987704990379217,Stable
2026-03-02 06:00:00,36.40960105465903,6.861134800774155,3.3016728580335277,24.977283216032745,9.91241225361618,6.535864440273763,25.112733977694848,28.59757192022827,77.2104077979705,192.51794326947515,0.257775229760813,Stable
2026-03-02 07:00:00,41.18912882190306,6.961330386345776,3.817133316798259,26.086608137405243,10.365061099537836,5.934246290794283,26.788682259619673,27.71012055568645,76.49786400995134,194.52721184675306,0.19968388984227314,Stable
2026-03-02 08:00:00,35.3393312250825,7.607846099688121,3.057705677630801,30.549153811200156,10.012087518796516,7.814533603665457,25.46084698121889,25.606598755112426,77.58432583494853,186.50207036990597,0.2145124054330928,Stable
2026-03-02 09:00:00,31.72522434132218,7.167519113760006,3.1983610214922464,26.359698766930446,9.537036830546654,7.306386362604259,29.683672391069646,25.347002228939356,80.38994802730788,199.83620687583934,0.15781434038235123,Stable
2026-03-02 10:00:00,34.93509329413027,7.025064421829097,3.32491036229756,17.98651685685145,13.83034166301276,10.170526847855767,21.442585945267094,25.75288026526916,69.69445784334397,212.7936066736627,0.22757501835755428,Stable
2026-03-02 11:00:00,33.35630694507096,7.301137429172634,4.502315453488762,22.188394640056543,8.001893251367136,5.3017557760260345,21.256008534057102,26.84033379485044,76.62525078472441,204.3508056594144,0.3281141777960722,Warning
2026-03-02 12:00:00,31.479722139238916,7.382043738860271,3.422552203085186,25.830105254483183,11.8098116564854,8.563331598753832,28.670452030061597,26.18733717833263,74.48582575217554,205.296227619097,0.19021689427261854,Stable
2026-03-02 13:00:00,33.227928075030924,6.939994120140086,2.4732448143887797,30.62062242477057,9.248286114598853,6.845200373219505,24.747973775421602,25.924666801499068,79.13757670156755,201.4105457512773,0.13365951311214352,Stable
2026-03-02 14:00:00,36.428161892091396,7.16144318841358,2.5030911391441637,31.489232207682758,6.539161659722552,5.055098343499,22.88850566756003,28.24510901361367,83.54115237362838,199.5523329365295,0.13761524404464004,Stable
2026-03-02 15:00:00,30.688813131312564,7.359436819380776,3.5044224412447007,33.87342670793728,9.123364512826987,6.79703684639813,32.30934515202652,26.433124136179355,82.95494403607591,193.2772565595388,0.1892268183675251,Stable
2026-03-02 16:00:00,35.1171761965559,6.775119599131241,2.552928999481766,25.653071987896524,8.406448332492172,6.44361890363544,26.59978746322207,29.415494777633175,78.87766616779695,189.06014384085518,0.1861541280968334,Stable
2026-03-02 17:00:00,34.87146386675105,7.103456728079319,2.2282723848068793,28.816545877512468,10.655154636835318,7.705518036112133,23.142551217296624,26.850792740386343,79.42104763722715,187.29446047840392,0.15821268183582696,Stable
2026-03-02 18:00:00,36.15392766297802,6.787970897145799,3.876651993200508,17.727692327985153,9.682600445317142,7.697488266255527,20.91324833858715,28.970274014955926,80.09280575034722,188.0337410056122,0.21913292389135447,Stable
2026-03-02 19:00:00,36.13233906876576,6.824597460860493,3.9133738021514834,27.149407865807415,7.455946272704063,5.701898782468787,29.96930702212741,27.342716526473573,81.89822660497126,178.64114211102574,0.2881535462487695,Stable
2026-03-02 20:00:00,33.72621603328223,6.942331978305514,3.12389759957961,19.623679492695693,12.44201582697943,8.27044035087761,24.931486594003513,28.155552687899352,75.49728182342507,188.97470931093557,0.182637033476542,Stable
2026-03-02 21:00:00,35.64476101606449,7.233593470606252,3.6202444683637816,24.68730402122625,11.68026800895145,9.4190512885091,24.11032613792292,26.216533518957895,75.3209021449473,201.36538966424928,0.1867526679673585,Stable
2026-03-02 22:00:00,31.780078796888436,7.009833663981322,3.5410912331466253,40.14919194436071,12.672111064192803,10.104822891773441,27.043243923547905,26.147596991008825,72.66439060930067,196.1103958947633,0.18820253893475355,Stable
2026-03-02 23:00:00,39.09521408600952,6.918442925008846,3.851814539476814,26.51777118095215,9.973929328136233,7.536312076766386,27.960395355842884,27.809745482134257,75.19708850655945,193.43394780824983,0.24618976646048576,Stable
2026-03-03 00:00:00,33.09875945621333,7.114435277730988,3.8535624279548495,20.680933904098357,9.42853386343862,7.028401321624952,26.474414930209036,28.530276024969965,79.4391706953064,185.8158717061502,0.2766428967284493,Stable
2026-03-03 01:00:00,33.29302325532096,6.778850436085399,1.4456585593545803,27.038945029789527,10.907120965237242,8.957185540508567,27.97789009034375,27.478131796087787,76.95682275905797,192.0496520013033,0.23813908862782088,Stable
2026-03-03 02:00:00,34.80657809120038,7.220064900993495,3.219625781138204,22.414624067053225,8.345049958158196,5.3422322088066165,26.03118461506207,25.971836485136716,78.61618159724134,185.81310559762917,0.20511623468767426,Stable
2026-03-03 03:00:00,37.29719668794484,7.4167882933483265,3.7884281411335996,20.196279434212244,9.760119109439673,7.791184405691848,26.49700762543602,25.968730184949564,79.90190245630235,198.18744276321547,0.2189768384486043,Stable
2026-03-03 04:00:00,34.60391625017519,7.077822868523357,3.092157556720739,35.515697666952505,9.14864420135727,6.438894756155022,20.707629653204542,25.973830177942844,78.3501328809208,195.7893579580461,0.08,Stable
2026-03-03 05:00:00,34.77611340815892,7.043258281875941,3.42715197944487,30.334060131333764,6.577931365620159,5.198110011064162,32.146592467279014,25.65039756779414,79.13912074991677,195.31133283862795,0.14668772975951772,Stable
2026-03-03 06:00:00,36.022921955590014,7.204563298900359,3.9630249862585583,26.727683124978725,9.754911009678144,7.18566909929172,18.448455034541837,27.987848152243895,77.5788438177464,189.36169122621797,0.22796512614114237,Stable
2026-03-03 07:00:00,35.238389347035465,6.532028562727167,3.4606939249391218,23.040883548762295,8.618066216513396,5.702049305596986,25.392199265238634,29.291186255265853,81.43350840150659,176.51407544541829,0.17110603646635533,Stable
2026-03-03 08:00:00,35.02914685855455,7.250308887847402,4.53093956292615,23.446052585139004,9.014895671963393,6.33468975477386,17.984548238196265,28.009423555033305,76.42632119759682,179.43714130677054,0.2070898167725736,Stable
2026-03-03 09:00:00,30.973290416252848,7.9685280250485615,4.245239689210841,32.71240933422075,10.22756989129991,8.040865323466724,23.558420675238203,25.3971098562154,78.29562215254396,159.00678036017993,0.24455553151558354,Stable
2026-03-03 10:00:00,33.40703134207456,7.065650658087878,3.3110768852714245,26.532887688322838,12.045066267973251,8.653640143290325,21.42917862959362,27.964451277628303,75.81636937104203,183.36838199860523,0.21131542644702447,Stable
2026-03-03 11:00:00,36.88490551826129,7.066644990559427,3.251465371956416,10.0,7.802459818904043,5.429094344099441,24.610901421047927,28.081407679621798,78.29551545267232,180.3140691487882,0.18580425402141168,Stable
2026-03-03 12:00:00,36.628633323765136,7.308209960027911,1.2622569210989765,37.104692578294184,8.826883569741286,6.13866091703546,25.537909566109402,30.874989287941062,78.43973596265998,178.59322809234033,0.1698212676410631,Stable
2026-03-03 13:00:00,35.33295468234628,7.560693147095429,3.1551233523321054,25.915311784861427,7.9698346072803785,6.099502578583228,19.696498336524336,26.693846668899564,76.10095787077299,177.46971980536372,0.20665872940874172,Stable
2026-03-03 14:00:00,33.45214749572021,7.372990996441557,2.385048330467105,26.716845028674086,7.839638824402018,6.4777753910438625,23.86763495271791,28.05579300016241,80.43446166099132,187.49942219390803,0.21098646880837885,Stable
2026-03-03 15:00:00,39.2461375653488,6.496430073996605,,30.433474067173982,8.310862112700455,5.088337085171098,30.27153400105327,30.653371525115297,,178.66085856691856,0.2727599011179105,Stable
2026-03-03 16:00:00,36.250223369660496,7.257751674545569,3.514653033340001,27.327014136557935,9.10709943436961,8.051018733133445,18.094807061243426,29.227588507586418,81.57399360868736,190.36102474952878,0.2866553369892648,Stable
2026-03-03 17:00:00,40.257587366402845,7.820140440667669,3.921891817020083,28.73454308858405,10.671743313755009,7.909960629163991,20.1567580387707,29.444356299101557,77.09832562865952,168.3496087432962,0.24907143768002366,Stable
2026-03-03 18:00:00,37.63356183004016,7.27428349309265,4.447502853961144,22.881382663175376,10.140891529569677,7.7264702676255705,27.873395915619007,28.98612403888203,76.42957432900714,186.6498034939133,0.24401085520719756,Stable
2026-03-03 19:00:00,39.79581506359502,6.77671146428391,3.3802979277460237,18.851023380168066,7.386286001833501,5.214759309353488,24.34899665960889,29.32424927760674,83.51511231830763,179.6870616400081,0.2088998356971758,Stable
2026-03-03 20:00:00,36.429277949513725,7.178912294837212,5.1103122339423965,26.401163907365984,12.088320647834307,8.822137015317788,24.68019718421054,29.94057138236411,73.33205724160378,184.32345054495158,0.3393480129312581,Warning
2026-03-03 21:00:00,36.226871110878605,6.741407569624501,3.574338583914928,32.15807326137295,11.388824612954076,8.434429298654473,28.600360569115473,28.114584430390266,74.74196812245758,186.8066276668188,0.15630619264272125,Stable
2026-03-03 22:00:00,36.255373941209434,7.445185032995281,2.417337704712525,21.760987208084412,7.697628698780592,5.175113622098422,20.426690841907686,30.217548257441994,75.72925464614029,194.60453704424543,0.23688146897640708,Stable
2026-03-03 23:00:00,34.76633260295056,6.83235287535218,2.97844609366741,21.359880025901116,11.94822178383912,8.192746574074267,21.66299146456082,27.5935430884394,79.32554397699283,206.25187677050727,0.17887030614653596,Stable
2026-03-04 00:00:00,37.187584476422835,7.120788217713766,3.1204399747691336,31.10509630189969,10.153876825192553,8.073867491963771,21.108111600899225,29.711792921912092,82.52828741629044,202.42509208417988,0.167632505927222,Stable
2026-03-04 01:00:00,36.15644191514825,6.859821599442283,3.844095363365034,22.713773974294543,9.187089394149508,5.922190049581878,22.43308628698997,29.608158356522527,74.62892566037034,201.44990742428456,0.20033806961062264,Stable
2026-03-04 02:00:00,34.29832032727797,6.946994543886563,2.6895625748280243,22.94720043082799,10.216160088958624,7.705611799611599,30.027849382264552,28.729326044969362,75.74440880949972,193.97364415180235,0.13358211482685645,Stable
2026-03-04 03:00:00,34.689097741564424,7.516122180840938,3.176518087892953,23.13427863526879,9.448458408748957,6.704829889951526,16.345139570139697,29.516132388869732,78.72607554502116,176.77923137284054,0.18403659791879814,Stable
2026-03-04 04:00:00,32.19053362221429,7.1289680061702345,3.279219789402935,24.675095095047606,10.590157308962812,7.171242644299315,18.62601535090467,28.870029853629084,76.12060734851555,177.14862774744492,0.233458636544827,Stable
2026-03-04 05:00:00,34.2912913384505,6.943423307356798,3.063909394258342,17.131809520489806,9.874631046262335,8.279446135532888,17.854426197180693,28.403984265457417,78.04708143838042,197.11280810829632,0.16176477754180935,Stable
2026-03-04 06:00:00,38.59282666924541,6.779336168151717,4.008561536259789,22.303299437291866,8.825147895455594,5.979058518847799,30.307622778086856,29.33783887590172,78.88085725026865,191.5942983814879,0.29677117575640116,Stable
2026-03-04 07:00:00,33.31172535498302,6.575923583808158,3.880991041349017,26.15184009569861,5.448346481677233,3.638647632643946,21.235200293851065,28.508722419009587,83.57053316876852,174.7739512407912,0.20538179413427216,Stable
2026-03-04 08:00:00,35.5551126316743,6.749641422613648,4.274925351327969,26.116189680874147,10.554365081263853,7.596150709797347,22.529968592617507,30.29135832418091,75.04322118385127,185.26642128645685,0.20669082920003082,Stable
2026-03-04 09:00:00,40.175327984286795,7.131348587604426,3.1517311141666005,30.789965262897937,8.752689443226533,,16.734146199355788,28.593530841820968,79.72895968238409,188.8979289849829,0.1714168867676864,Stable
2026-03-04 10:00:00,37.62376467846838,7.374465455242346,4.301895675735926,34.19696111097402,11.055893219290493,8.074681962514095,22.819262837253365,30.896756778164892,74.15378822343651,196.76112718116988,0.2437212765997091,Stable
2026-03-04 11:00:00,37.33455087901941,6.943101582121783,2.3770021855172154,32.562417233322016,10.463350124551441,7.7276754396710405,27.89934774378885,28.692458860689737,76.50700508536963,196.13004086238536,0.15771999690005964,Stable
2026-03-04 12:00:00,38.78224189875466,7.539752208201324,2.358711774257607,29.57326192036967,8.804671577687982,6.5410450477656354,25.138306717228335,29.497607605753675,74.85345010353696,197.03109861732676,0.17047912283223407,Stable
2026-03-04 13:00:00,38.818675974879255,6.899099881776096,2.48964873543159,24.256327046163964,11.54597638215467,8.349888515179746,23.514611769156186,29.493623715316698,75.44265313921642,199.65300888162105,0.23295082837248526,Stable
2026-03-04 14:00:00,36.85372070464507,7.033356717593634,3.406908769474067,21.884654650215598,9.909683323673143,6.851367819700371,16.958015135467168,31.89834916586119,76.65847271905693,194.75401473708428,0.2069015705666127,Stable
2026-03-04 15:00:00,38.30644666910565,6.797718518305569,4.301783587433317,25.08939216254201,9.827285694756174,7.521678360622691,22.524215607114126,30.768566028904626,80.53166269709048,189.1407966415745,0.23130675000239442,Stable
2026-03-04 16:00:00,34.94472873402828,7.377413285678999,2.9483934395202773,27.92789384886449,9.223778626473715,6.676695782943116,24.661116437666468,30.181183273065066,78.62807119272728,195.91928822936964,0.12755582358189096,Stable
2026-03-04 17:00:00,43.988390682362535,7.687302971932478,3.0424799462766723,29.10968899122834,12.867111424479596,9.042247365073917,19.53678814335013,31.09575496454189,75.43914665827995,186.17974020501646,0.2161560326963784,Stable
2026-03-04 18:00:00,32.839901766582045,6.606691250937864,3.2379865335179967,28.115428667579252,8.073466541808683,6.550807954166672,26.947010210900466,28.029652294613243,79.87040338694835,178.5095630139109,0.16872380001557424,Stable
2026-03-04 19:00:00,36.47077944617084,7.003074620782284,3.829621092540741,24.394122643119736,8.85465092508189,6.404815546883078,27.982808459902813,30.56645988391048,73.82257696390342,171.43231327535722,0.20870784439626575,Stable
2026-03-04 20:00:00,38.99290041850263,7.45413835717401,3.0417810224840696,28.934311199211308,7.0253297098400065,5.550426813466472,21.621080811056572,33.074102128185636,75.98230463973083,182.62949490923398,0.20468529224555482,Stable
2026-03-04 21:00:00,35.90035529272023,6.6948552540008315,2.999937281562624,31.304362525417513,10.953462154649012,8.735124440409239,27.26624487197267,30.893676246165988,76.24984376189897,188.71344432113216,0.2312746906689384,Stable
2026-03-04 22:00:00,41.578212664909096,7.258671493951904,2.390953552481732,29.400801920337706,8.335701987284653,6.675413586445514,23.506171811321853,30.873024845396007,80.36069798314986,189.4149170337662,0.16945029811419954,Stable
2026-03-04 23:00:00,44.349723992157315,7.442012216058119,2.971209166617159,24.839934724183006,8.559928836547357,6.5741424415536,29.16212091710466,31.504828189990324,78.85290818165237,176.78283916367707,0.1728414761592343,Stable
2026-03-05 00:00:00,39.02470730870586,7.121904068019914,4.283096314701499,20.830756537469966,8.466126735685638,6.179977537484486,33.15367797026136,31.97620554733109,77.37372582698075,176.90304026436286,0.25076673390188225,Stable
2026-03-05 01:00:00,33.91692195862722,7.254073659863237,3.4681945063588575,20.712162853059464,9.625443832124775,6.992670364155919,19.07850533130039,28.55776825231604,77.77377336946097,176.29898101115458,0.1925801837614933,Stable
2026-03-05 02:00:00,32.5141626652721,7.59305266811573,2.8451091173140637,21.59391188203909,6.998480830681708,5.014925158070249,27.462679815959998,28.988013662724146,80.18380533420729,176.7373062212552,0.17642029022769157,Stable
2026-03-05 03:00:00,38.82182740729598,7.6455594351483205,4.3271079795467005,26.28537599337465,5.013509467795478,3.0623555538372282,29.872340547732275,31.310044844340183,84.93399865441046,152.93630782838565,0.23768775765324152,Stable
2026-03-05 04:00:00,37.616800045912164,7.082649180350344,2.9610898734548594,27.599018767778166,10.415408074785544,8.015014536077286,19.631938468416756,30.249530892235054,79.39214187987896,169.35601724039586,0.1953907411805108,Stable
2026-03-05 05:00:00,39.42769119377265,6.950934202196215,4.464966684611849,17.92733841027985,5.272884587592579,3.9201028783879766,21.41195699301603,32.73028344649294,81.34357909329832,176.40788509184182,0.260170381274261,Stable
2026-03-05 06:00:00,39.267633268262585,6.842405568899364,4.452705233425076,22.480024458182246,11.208275567954757,8.690939855110468,21.361303057968584,30.824882760310125,76.66691379742221,183.7461730087382,0.31067134866497087,Warning
2026-03-05 07:00:00,37.717994860412865,7.373549962120039,3.4420087197810014,26.21642732652697,12.617055499070295,9.129258685559364,23.40248442658745,28.927648574781895,76.07344271641074,203.2059301847321,0.19251539632672932,Stable
2026-03-05 08:00:00,38.41836960704202,6.715902843818529,2.276087854471234,20.501600449511987,9.171552392129934,7.030594580500318,22.3963552220072,29.772203091166215,79.89005859647176,199.44068207808292,0.17406772852827543,Stable
2026-03-05 09:00:00,35.40542080615431,7.029279269362463,5.117125461509316,27.169520765298024,12.098985893440979,7.9156055835197385,23.10771935375213,28.03767055009129,80.03250933353513,197.16140125477517,0.32693193638232276,Warning
2026-03-05 10:00:00,36.89526422183319,7.1287531358672505,3.6904570421984095,23.46285854541717,9.451487160913562,6.291764188317057,27.77094747725176,31.098507880981714,78.47814376073241,191.25863042563117,0.21485836881719322,Stable
2026-03-05 11:00:00,40.525942792612994,6.959159296438749,3.157084731459557,21.382898641653718,12.69848231815574,7.540464985424614,15.468847251512297,31.19427659699956,78.22337969236055,186.72604300214954,0.1867495935460099,Stable
2026-03-05 12:00:00,38.975578999402515,7.1783496742053545,4.1170959360812915,25.266027162244487,8.587564295773578,6.205466656263786,19.61747960261381,30.950551480559458,76.51222801011741,192.06739601806885,0.23422711163199203,Stable
2026-03-05 13:00:00,42.5695242447662,7.818063729121972,3.9267270902660103,26.961401647895503,4.770236381137757,3.2795904267005906,27.0146763429444,32.7928091950969,81.63557905748547,171.12055681079337,0.2803436651063814,Stable
2026-03-05 14:00:00,42.55344396677767,7.065952394702967,4.38320376241483,20.75735542865036,9.340176511786996,6.35425281416426,26.487492668793934,32.97329286783321,73.3202624456846,189.48029402369426,0.26740178444072077,Stable
2026-03-05 15:00:00,36.522649694805104,6.97808642432033,2.9032391584900776,23.786938100929763,12.915926386821477,9.666355263723284,19.236560126849742,31.366173832899335,75.46233996320285,203.17503944609643,0.22056556967176782,Stable
2026-03-05 16:00:00,34.17477962269574,7.384292910826918,3.638855059580794,27.33839188653554,10.569936611880836,7.468686602791759,26.51865877636651,29.043224037610944,79.04887327526625,197.55947377329355,0.19602727093665845,Stable
2026-03-05 17:00:00,38.86736487700564,7.167083420360746,2.5105973273162974,21.189549083416164,8.469353542924312,5.515073594565441,29.97090130568899,32.378446314486695,73.14218368270961,198.80995284182097,0.21933663831949726,Stable
2026-03-05 18:00:00,38.22308760174358,7.503014015939185,3.8997507968059253,16.71121579788049,10.157802338569464,8.83690379030134,23.779380684905206,32.33561841832491,78.31291358040764,202.62571125704508,0.24505951538603446,Stable
2026-03-05 19:00:00,41.58105372585001,7.146112533549521,3.3827909727796093,17.317130771551227,11.442249676905105,8.329550602323032,19.464175400712513,32.070550173897814,78.0682761911745,204.90062072601526,0.2327736772760871,Stable
2026-03-05 20:00:00,41.60837698828128,7.03044150176811,3.610756941615109,22.90974567971515,9.328767122171058,6.25424832599514,27.93729415341411,32.905757636305445,80.03932686867505,198.22505463392255,0.24594706600165828,Stable
2026-03-05 21:00:00,40.55585685329314,6.6005570313335244,3.290237707119647,18.40790861847431,14.752780170684758,10.226023082787771,31.75370443936893,30.35748886572252,70.25756702922862,187.02857564268132,0.17199636381118033,Stable
2026-03-05 22:00:00,42.984654231203535,6.646474285732713,3.211758384558729,23.26139052411877,8.465164086961025,6.098957183107389,20.01236863452196,34.1916805963817,81.46763584576959,180.88398699833223,0.19854451865862716,Stable
2026-03-05 23:00:00,39.071634779338,6.586004366680411,2.7488266194889643,33.3247142558634,11.505021444089497,8.287774183728578,24.17663433277515,30.65433561559126,76.518239799374,169.35103460027773,0.1887797069714307,Stable
2026-03-06 00:00:00,43.12722676160364,7.206214966559587,3.992822661013175,18.10700806155659,11.023874472963598,8.836947617171386,28.90570035699159,32.727767200915295,78.45371957432769,192.37340474028258,0.2755941036945988,Stable
2026-03-06 01:00:00,38.76495705543161,6.718570145637111,,23.586975742611497,8.100345150603886,5.877864405974306,24.519114217334337,29.825502375961513,79.58501012227855,187.00945050109902,0.3094253083540226,Warning
2026-03-06 02:00:00,38.89038657801348,7.451561662457427,2.982498730817436,35.66152277135692,8.651119465304655,7.198046723703691,16.137166501463618,30.754184651138036,80.30147395233399,191.11819886643445,0.14900901198875013,Stable
2026-03-06 03:00:00,,7.108469038159667,3.815155378728321,27.04065041487855,11.536197294958729,8.147055623485391,25.995379734536094,33.70888408359869,79.23689220514322,195.22443602915925,0.2637713712118265,Stable
2026-03-06 04:00:00,39.82381433006261,7.031627662651532,3.724137718495182,23.161383562622003,9.789575775208483,7.375994852019416,19.595361136546956,31.59345256375703,77.70036908953549,202.3630199865581,0.19457189596509705,Stable
2026-03-06 05:00:00,40.321595000083974,6.863720578942785,3.406073358511644,24.215586827403808,10.176143453454545,8.000574659545633,18.28174830452694,32.93027620991982,78.53411856878724,203.95114614789298,0.14762352287577307,Stable
2026-03-06 06:00:00,38.54544716087773,7.274232449515657,2.2550531999764623,27.14681254196639,6.228065292591285,4.955879425950079,16.225134040563923,32.22109367843303,84.8963564455507,189.0241526247448,0.15797936518055297,Stable
2026-03-06 07:00:00,41.22976360632738,6.874740610528124,2.4238019866670557,33.4788596531372,10.811997310324204,8.672875775284783,29.35683281924556,31.823712688236558,76.8549272776514,196.22496916270205,0.1914725700032081,Stable
2026-03-06 08:00:00,44.071832520693825,,2.814263536636322,22.345731962613787,10.074593688165136,7.2037309651327694,20.24379906442158,33.59773143700889,75.11191589829023,190.13868791678465,0.14591185826329287,Stable
2026-03-06 09:00:00,39.585924142020616,7.432737977769497,1.795746457321051,21.211948585558588,9.372179954717692,6.8388618185126,25.500012811115422,31.687098944887477,80.3179278556723,184.8329418340367,0.13454425314912954,Stable
2026-03-06 10:00:00,40.4585404992194,7.199293925017006,4.456023047429211,18.105956336098863,10.221783726118153,6.0679754518073645,26.60529493760731,29.842709251659727,81.36541030040529,190.4112123734847,0.2016507436831868,Stable
2026-03-06 11:00:00,35.08270669125558,7.034219760090483,3.675777421884785,25.51548016254902,8.6815645857515,6.243950088072443,24.7281854541684,31.02273675519873,82.5403941962924,207.89627527062194,0.233563411981095,Stable
2026-03-06 12:00:00,40.54270043060402,7.2796012357254405,3.3775292137006585,17.971563150910434,8.316194992233052,6.569951883466637,25.33456850988287,32.65360718021985,81.47127442358914,212.63264040200394,0.1533307636117614,Stable
2026-03-06 13:00:00,40.39067115962455,7.102500924470995,1.7573231355491283,22.681086875891026,9.016228936721781,7.026581689972037,25.714716393297735,32.470860983833425,73.12337710304885,199.24183184084893,0.19721781742339928,Stable
2026-03-06 14:00:00,36.66438386480223,7.207243682126471,2.0320968587346995,20.456582794448238,8.571593643363405,6.216490074537731,24.621439589904274,30.118372609616927,77.83882453914582,192.6913278673757,0.17044735585087026,Stable
2026-03-06 15:00:00,43.89846475135485,6.871282587334872,3.3982439588597813,30.37061755117053,13.8610591220864,11.413926134254734,20.579282185577892,31.130742675391108,72.67743965876659,211.0063362415217,0.15393754208407304,Stable
2026-03-06 16:00:00,39.16913240885347,7.679711610494974,4.877867474112983,22.45801806316597,11.323741457687179,,20.177982770317847,31.301517674230993,76.78842952188312,192.23878695912788,0.25738818448578693,Stable
2026-03-06 17:00:00,38.74370634729085,6.937706409050657,2.8760168530951886,26.98465164002808,7.563062152056598,5.2231438210769205,23.52758305120833,31.55916789049972,84.65759993404508,192.47288398328973,0.17518750914069703,Stable
2026-03-06 18:00:00,38.395226498470315,7.5356845715459935,4.047848510809328,16.979539991557186,13.572592004521685,9.558512910961227,23.432261783779424,30.343302271603307,71.72605391158532,196.85248137243786,0.21907846688367755,Stable
2026-03-06 19:00:00,35.229912997531926,7.047116722194747,3.0400731942437793,25.657534772264228,8.634286777127375,5.76998667660781,25.931938795919585,31.235540474583587,84.9712184443637,204.7484617731083,0.17200927202781977,Stable
2026-03-06 20:00:00,37.58922607576959,7.325987192383389,3.44142944446665,18.984198470696256,9.558910734928569,7.305222856743298,28.95742530224322,31.10896192645942,77.48526935688582,196.2474576080212,0.22239561244562925,Stable
2026-03-06 21:00:00,42.8678464061086,7.305582579727318,4.311012886669698,22.871757500350704,11.29483438986264,8.424438590363101,25.547574122562708,32.90136646721779,74.78791232645375,206.95153550131985,0.27463406589662154,Stable
2026-03-06 22:00:00,39.679339109659814,7.421118491442012,3.140536277375092,36.05601287128112,5.5600229122047695,4.245349209288929,20.351023263972777,32.93722981952536,84.5529888685747,197.02183662778347,0.18404280390096484,Stable
2026-03-06 23:00:00,38.12284744466015,6.864625361994039,2.8824213189609,29.66087188620442,9.025948306118062,6.383237170637911,14.184798833712227,31.780597770260695,81.28481236094224,182.6160172809133,0.16701961991054334,Stable
2026-03-07 00:00:00,42.091991469145626,7.401177912358081,4.4635529155935725,24.357937085843467,8.353332298065665,6.071251918420163,20.539782573543043,31.472940196116827,81.27153497949367,176.45958342873067,0.2220896496917255,Stable
2026-03-07 01:00:00,42.77815872616974,7.617003158255203,3.4341683658351965,40.994709548915985,9.910160159088269,6.0470506017947985,17.949793373130635,32.097649924266086,76.16620117389672,166.32446916625258,0.1725016450449911,Stable
2026-03-07 02:00:00,39.968723575275504,7.02756596581228,4.218403817939622,20.42412654813341,10.240099366530885,7.68716482419846,20.713325089376404,30.93474263095322,79.0149709528168,176.63432794882837,0.2712831500814593,Stable
2026-03-07 03:00:00,37.61163529154919,7.109717698799794,2.886063329961485,30.826081910376807,9.345481269335297,6.873005979793925,25.09024644989345,30.521869959626525,76.07062437091307,172.5130122529759,0.14734209977759313,Stable
2026-03-07 04:00:00,38.27284517221833,6.953434940105557,4.455005656720732,17.33662771576443,9.252705403642024,6.194417741438982,24.379757285274042,30.751787302450982,,183.53216444748344,0.2525868727032315,Stable
2026-03-07 05:00:00,37.490515263229646,7.002997849388172,3.605220455900958,23.780386211760263,11.63026274527089,8.423146101243619,32.361799276221944,31.098815186379564,76.13256184446846,186.36863100004777,0.2963232136380256,Stable
2026-03-07 06:00:00,36.45397411731231,7.579198383701097,3.726090719660994,18.261051249097196,10.102971860668076,7.231892024916766,26.173866984369837,30.4435203553696,75.84711913957916,180.76191226974757,0.18330376959735262,Stable
2026-03-07 07:00:00,37.92299123707933,6.818814332683543,3.498721983571881,26.286379575454372,9.582850020103885,7.92537303107792,32.59125277491616,32.011824213696194,81.0490205995927,194.38135395972898,0.2169105153997876,Stable
2026-03-07 08:00:00,39.43313907990652,6.836206729881783,3.020893763502624,25.279851267893783,9.795741182920278,6.579192180721975,27.21812731795467,32.669247893476935,76.75883998730572,198.52170494986518,0.21266898267450107,Stable
2026-03-07 09:00:00,35.794445040824854,7.551052262196025,3.398737892128771,23.46167600408209,13.171777995060436,9.855498899132206,28.885680344872657,29.86388702219434,74.27708145923681,204.93191239509227,0.19372021333156403,Stable
2026-03-07 10:00:00,36.6445521164338,7.274873559248741,3.0680573215079754,30.460285125631533,9.845347953968211,6.59645933808556,22.384939777705686,31.771962353520095,75.95415634184674,196.5419309630362,0.1556119350559924,Stable
2026-03-07 11:00:00,39.888688102140314,7.693703669731907,4.1196595469835895,22.164505134986047,8.471102990068589,5.923985995742176,19.164708225018188,31.449882762632505,82.12292153848557,180.48885558763925,0.23772309365879254,Stable
2026-03-07 12:00:00,40.5634083159082,6.973877181408761,3.247707124698503,26.63425873903662,5.682001822777882,4.234370049598083,21.979680491396042,32.094217154121324,80.6526807413479,174.20116480928755,0.1819991073261929,Stable
2026-03-07 13:00:00,43.03967865032222,7.135358718426519,2.2776195791545755,29.102774701356694,6.632125251930093,4.764353213312498,23.946587111949004,31.63809313346559,84.2229025049318,177.0305230671323,0.19081037252165972,Stable
2026-03-07 14:00:00,36.540457738338105,,2.1404321987580373,17.583893955519084,8.565948209840478,6.250319738160363,21.173285021977406,29.87713447504751,82.10541075336515,183.44425018758162,0.17639253341004807,Stable
2026-03-07 15:00:00,38.66525215091491,7.140124327221354,2.1049613857596814,21.257928291628083,9.283246312091705,6.946650578457715,19.494859089881167,30.07305097166837,77.60190131054517,181.18550091834854,0.2895929627571907,Stable
2026-03-07 16:00:00,40.21375659972266,6.603252924760395,3.863478068165456,25.26930483657917,8.388757080779522,5.89601336523361,25.875769615893418,31.588331441173054,79.685412439873,178.6059231272606,0.210779010854677,Stable
2026-03-07 17:00:00,40.243640993066975,7.291787275863402,2.536371766469917,28.150767097141593,10.202287954091618,7.943787671285849,19.475712752112365,32.75131611531804,76.6134396044885,176.33785054911385,0.2132129004724145,Stable
2026-03-07 18:00:00,38.3108387859223,7.190572743377854,3.625064331878925,32.10618882960767,8.362983910983383,5.964468535237361,17.099286233466614,28.822171608422945,81.00132107715905,180.99680132163343,0.20472765132836448,Stable
2026-03-07 19:00:00,41.4056168826108,7.083884694509543,3.50243088811856,23.9206010063604,7.67102145972914,5.558686413452676,18.95061248746082,31.85515850890937,79.84280026194861,175.41128781743785,0.20595853056628596,Stable
2026-03-07 20:00:00,41.48242961660793,6.9906979891120935,3.351468553817667,23.41764478675058,10.725287670714826,8.04259420434633,22.945400302815383,32.82760742621285,76.23101066985326,183.39997596365527,0.24852191059821815,Stable
2026-03-07 21:00:00,38.663621132003556,6.8494688835369315,3.728803902536777,20.63701984893168,12.238788993756026,9.087117381439711,19.540864015059647,31.17490054209915,75.87665891434409,188.17528446651866,0.16859110613786996,Stable
2026-03-07 22:00:00,39.26089341837222,7.303759615369173,3.5187276528178946,26.649920460885166,7.285664804506904,5.576684886665772,22.973595435066706,31.975953635481293,76.7587957866784,177.21221678889958,0.21312917864530426,Stable
2026-03-07 23:00:00,35.69242015407765,6.7720948040030455,1.3677026929142875,23.51441213150954,9.987431727415624,7.464936478605136,26.701999373756443,30.427927951671773,77.82294766057169,191.65221573389445,0.15628575929193111,Stable
2026-03-08 00:00:00,37.47117029039768,7.243330855373788,3.1572810693636324,23.62983868587141,5.689990683692364,4.300476104299564,26.58499371088508,31.083005847633064,83.9340392416561,193.8167154264362,0.17108132042543264,Stable
2026-03-08 01:00:00,35.99051612732003,7.680846390546648,3.7188273505475733,24.530557470557458,6.550923738545681,4.664942350158037,21.0262834090981,29.234531175123404,81.79421221210724,164.80771177018013,0.20549398667702357,Stable
2026-03-08 02:00:00,34.07061549865803,7.515946016820403,4.630212108066249,27.758140310451694,8.322468344045655,5.586187141456707,18.132262858324726,28.3185590235169,82.0566730702665,164.03067660197755,0.2261404230557716,Stable
2026-03-08 03:00:00,41.09385715207525,6.678564176052217,4.664843212436873,22.181347234103693,11.769820864754386,7.66780125329814,21.409694406828567,32.21400921869992,75.28693391559366,165.4682278366417,0.22076787340695983,Stable
2026-03-08 04:00:00,40.24366155630942,6.949713343103875,2.3776371148110576,21.139209555455476,7.942587940589051,5.068252271731415,26.950401644025977,29.8504058183354,78.90918527859532,176.00387158673794,0.19631260806751794,Stable
2026-03-08 05:00:00,36.61815604025066,7.2180062073554945,3.13770602551542,27.158620930670516,7.867799050468902,6.506276184621559,28.001383030700556,30.43428090490896,77.33890343959068,187.82889346993062,0.17191663442428942,Stable
2026-03-08 06:00:00,37.83140144295863,7.080321061835981,2.2254138897190017,10.0,9.572174563788899,5.822729496810492,25.588004644650088,29.264518571469353,77.41346317733928,191.41038154571257,0.16983352489811235,Stable
2026-03-08 07:00:00,35.11423428407513,6.7081663988809215,4.539913806332562,21.981609131691574,9.574167222299701,7.617732034080533,29.40646222947939,29.182456563134554,83.34056434011121,191.34897794623095,0.2983193782512261,Stable
2026-03-08 08:00:00,38.000993481960855,7.2078884664125775,4.159642156111413,19.24345250296318,7.92973705449066,5.430697901910904,31.78140953828718,30.610837823839177,80.75912135847547,195.70302053452866,0.2615400297498226,Stable
2026-03-08 09:00:00,36.50718234634172,7.097195269367436,3.662940915147381,31.016291115083945,13.472443134526477,10.71401770731893,21.825474323417126,29.88784150469727,73.06371632597798,197.2888660618149,0.18012408622898896,Stable
2026-03-08 10:00:00,40.363466549049505,7.636011114409058,3.5245711459451576,22.795336187285518,8.969273253769254,5.461034390300953,30.689534642939204,31.15967525183662,76.51537190106308,177.67436761951978,0.32289593340244915,Warning
2026-03-08 11:00:00,37.833257525523585,7.029095963267115,4.435473325262105,22.196419423663844,9.72716996483616,6.97506016555806,22.827527156437153,31.190833873207943,74.27650322074903,185.2532501525034,0.29526765233520313,Stable
2026-03-08 12:00:00,40.99672497138264,7.427040947891445,4.308493896070104,24.756887573733632,8.696440924579116,7.043867927752067,28.589319137670287,30.973404143969347,77.22757515190258,186.0882652033405,0.33515126340852425,Warning
2026-03-08 13:00:00,38.322797452325624,6.745215247123607,4.268533522492091,22.023137857675433,10.37994312430236,7.9845275894929,27.18857610902743,30.81423899965002,79.51804064704424,183.64851308087395,0.24156263336858,Stable
2026-03-08 14:00:00,39.0605205611635,6.812157396588978,3.7425098948366946,22.986759209232325,11.969915119408235,8.516000895623282,15.10323711336319,32.35972798035316,74.96250544748686,169.24602962870827,0.23179840268577614,Stable
2026-03-08 15:00:00,34.616143999840894,7.302065348746657,3.138078775364378,25.485552052115814,12.827327393909146,7.993172669443479,19.651977892829443,29.12275452453122,72.77724323573443,183.31882429123448,0.13743542859015992,Stable
2026-03-08 16:00:00,38.78080650221487,7.403444618570065,3.975343624013168,22.88979782746866,7.97546864947224,5.241981497991145,18.50420437660339,30.27439748162417,77.90407189044217,190.2778111808243,0.22486976795578836,Stable
2026-03-08 17:00:00,41.425446375121304,6.83193003669917,4.012031428941336,22.853912738639814,11.701590352602425,9.43619862188924,15.980788357683505,31.63500957066894,77.9221116472474,185.4904360648826,0.21748667510311223,Stable
2026-03-08 18:00:00,40.27436385046222,7.1067416738154945,3.25702189780603,19.949211631443458,10.599361639102035,7.53452160290969,27.95691742528045,31.72772133738847,77.1974806724439,191.6091094894414,0.29910023814099984,Stable
2026-03-08 19:00:00,40.915361026594525,6.713157831411857,3.136563310874319,19.231081297397346,11.449073218920155,8.312595881774207,33.3094733480403,28.43769769376568,74.98291574555458,179.00680535431692,0.17023743571297212,Stable
2026-03-08 20:00:00,40.561171374770446,7.049258448634466,4.249984952168657,25.303184487951402,9.316241454614405,6.946137744163315,22.84047372885426,29.70159646982961,77.91278762149918,191.13471044963012,0.23156178324170673,Stable
2026-03-08 21:00:00,39.022810101731295,7.334338379974755,4.648087081577205,26.53300254892911,9.12591845343564,6.00799237867403,27.843704994148705,31.637865631165326,84.38878936043292,193.50519832632654,0.21038541193932075,Stable
2026-03-08 22:00:00,37.912566320087095,6.978211620241879,2.8379531643139253,17.859216781080253,11.371429291427987,8.555874314205436,30.680813929608348,30.548621187701233,79.67762839408613,202.7582176383822,0.2008725087072065,Stable
2026-03-08 23:00:00,39.04257041626806,7.030270282335735,3.202467493414019,28.799707076904237,11.409385012112574,8.065535557162434,24.937492650822417,30.103176977297355,80.26217831206203,212.9400374443589,0.1404838364718591,Stable
2026-03-09 00:00:00,35.860686319077914,6.783657288477105,3.6631998073410235,28.820238199123736,12.631441127723772,9.42499594271588,23.88609120788232,29.536724679929286,70.98829900820193,216.65628654398066,0.23385854412971896,Stable
2026-03-09 01:00:00,39.598217694918944,6.91845964418502,3.7649492483114577,29.873445691393115,9.89709511090098,6.9102230592852765,22.894404325160586,29.26564108185397,77.72514919450667,219.04876463186406,0.1391282367234466,Stable
2026-03-09 02:00:00,38.722714160205236,7.592271056540015,3.008225230569029,26.499445423702987,9.286170744730486,5.975452305227946,26.419014969922383,29.999513116518067,77.10185650739231,203.6557648228304,0.17155811527445358,Stable
2026-03-09 03:00:00,37.790380826814946,,4.812640472758033,28.18541050144498,4.580292840011592,3.235951749097271,27.936123225146613,29.277463005097882,84.77930764957301,199.59944344061321,0.19690353943689307,Stable
2026-03-09 04:00:00,38.8290220575172,6.819353825337832,3.716571449158878,35.92512922289161,6.277478924009332,4.803795353777295,26.078122077176314,29.455114721975566,84.37203827212117,186.11870142626515,0.16551971969267182,Stable
2026-03-09 05:00:00,40.97134174961962,7.011863854022962,3.7985375563529145,23.492391995613534,8.711496789633214,6.548199582482692,25.9235838411759,29.5256819828815,80.10456874266688,191.78693168377248,0.21097639046622374,Stable
2026-03-09 06:00:00,36.88402240855213,6.652720266073362,4.719163061133815,19.771542495552218,7.297882137507569,5.33986910071261,23.769586944564203,28.542111704177113,78.52094275584378,173.30946820020876,0.261638902321716,Stable
2026-03-09 07:00:00,37.69200797445726,6.81603528620074,3.0632037810665573,17.32970058389269,11.128261130866493,8.673336143996185,16.831704637172507,29.91808871620003,75.21920552414042,157.7522344592635,0.17108000350437524,Stable
2026-03-09 08:00:00,43.717126746496135,7.480895126933007,,33.77836965116158,6.879958076842092,4.945329891189708,28.039723749404686,32.699687499850974,82.67146908849006,161.18417626271125,0.20386407785557276,Stable
2026-03-09 09:00:00,36.927718564638745,7.06010492117175,2.460008328233778,33.843936293493286,8.497391343299425,6.229396783103594,18.219186961733186,26.992617732656477,81.30279158972414,174.29049504260968,0.22129220368742458,Stable
2026-03-09 10:00:00,36.793635142338644,7.629404449308337,3.2707371458098162,20.37700129032885,8.575947013723022,6.034146276362212,26.787235389386197,29.435594823106086,79.77643391737048,174.6611227898164,0.21629557516167436,Stable
2026-03-09 11:00:00,36.06609617425769,7.073302605221104,2.2833043570484777,21.363395936607215,11.909486166798892,9.320530472621295,27.400814924968294,28.05572327693965,76.41499113167502,187.2848437128311,0.15037902742042478,Stable
2026-03-09 12:00:00,37.97218475092055,7.089925965066381,3.9608870156448788,23.38004481234414,8.28352250196071,6.179790007107263,18.868055529791732,29.581422919042947,79.84178383746067,180.4769286990674,0.23113269442818613,Stable
2026-03-09 13:00:00,37.58806351085225,7.279450364391794,3.7149975625524942,31.121284360729916,10.404824236095976,7.276793873972847,21.264896442276804,28.86443762164228,78.2679171582721,194.0037437770499,0.18279169860461666,Stable
2026-03-09 14:00:00,34.92908759032639,6.351675476978567,3.192198019721095,18.56348900759845,9.891412255045434,6.4106575566218895,33.54663548125385,29.642287292204617,79.89849018288409,172.96849796728495,0.23516948275997215,Stable
2026-03-09 15:00:00,34.97268108733008,7.1573830106230005,3.324682219136614,15.166902375555624,11.30657697089456,8.940934322500294,23.642329929587785,30.0576503029332,78.26883729719677,181.1177842360728,0.20896555918311932,Stable
2026-03-09 16:00:00,35.021660501996045,7.0862837833429335,3.971099811391743,35.837572382810805,11.20043010423296,7.7179523031562765,18.509038460544666,28.79644054600095,76.85853348047557,193.65086403418144,0.13692184119402256,Stable
2026-03-09 17:00:00,35.91254995644178,7.516090890184241,2.5481529348325767,26.561866434600375,9.433119774260911,6.923565976977329,27.603956578708683,29.842026842464467,78.44425668242074,188.32303291963348,0.21223177878986887,Stable
2026-03-09 18:00:00,32.30034787550467,7.370110230365812,3.5531259005893925,27.272066529592802,6.1074109747856395,5.248666133419807,20.522961574920686,25.587995903449674,81.67434325253997,196.86839435564494,0.23330712797450434,Stable
2026-03-09 19:00:00,39.49629150531928,6.7825663280468955,3.9246323548440585,23.974469974000034,9.036518226708742,6.995015362548852,15.35764189895657,30.226870221139272,77.01265516279186,186.7070364800516,0.2829711803144545,Stable
2026-03-09 20:00:00,36.347327172026,7.447798813215722,2.063294441944569,27.32892461859012,9.460088710935695,7.744153751012057,26.338962966209102,28.68518548467548,76.55734091573494,187.53830332438122,0.152198173253034,Stable
2026-03-09 21:00:00,37.83772958806767,7.026551932837321,3.9137035042765143,17.42897058329507,10.072018466305556,7.0544733127030135,19.875219828975922,29.444940378047292,79.28787222070223,195.2262763441567,0.24210984013616546,Stable
2026-03-09 22:00:00,32.15514686330463,6.846753096637107,2.1444531525538246,20.79539716569885,8.02488970955838,6.330865198608849,25.445347540000974,26.60375368338915,78.19293807445521,190.33831797158663,0.1430912606311074,Stable
2026-03-09 23:00:00,34.0631561851996,7.155188910243936,3.3118041371113507,25.525789422613027,11.781802236817226,8.617997116921359,20.34289482853936,26.986440591041497,78.25303243296533,205.1187054601342,0.18577169137639865,Stable
2026-03-10 00:00:00,37.24847420509123,7.0432245804141305,2.5274566719285803,13.64554553549879,9.527238836629985,7.146676534972448,27.18241887421358,28.073958881601545,78.34440438578095,195.39857403749392,0.19491644436851222,Stable
2026-03-10 01:00:00,36.98349451384124,7.530770287927987,4.473434934467511,23.487411930928854,7.659005304375748,6.442343929165353,24.825742460726712,27.793589597487635,82.38998284171215,191.3794977469086,0.24206859878796522,Stable
2026-03-10 02:00:00,34.61953063383555,7.195374167977539,2.532159209385739,23.179178148327964,8.583544322516639,6.1344400724341215,12.348561349684585,28.06867829021137,81.00885268637037,176.23245784616674,0.19016109992873878,Stable
2026-03-10 03:00:00,37.26848385313798,7.157584497848081,2.162357581025963,23.486548840248194,13.35708530793366,9.764817360708905,25.719056433170646,28.945159080378875,76.75023950399654,197.35129562439585,0.18245687773513505,Stable
2026-03-10 04:00:00,37.837726364209715,7.352181183199523,3.5000141061972365,22.244590960895096,10.828755785892996,7.367053725113776,22.696209022063243,25.440030657245053,75.98032982285233,193.20127946609261,0.19556198827124488,Stable
2026-03-10 05:00:00,36.606070776635505,7.406004053065959,3.0897227649843826,20.020540370627515,11.596913111128808,9.032438666590012,30.375229389858625,28.641266635146785,77.4253355150688,199.58336425167226,0.23935432424182146,Stable
2026-03-10 06:00:00,34.01049679583194,7.319409426403244,2.27154607850205,15.889840748645401,7.416826060573172,5.18558905379753,25.778435320571333,27.39687068811683,82.42789391329774,192.13491291640537,0.17574387275672512,Stable
2026-03-10 07:00:00,34.70900337475518,7.497449772388187,3.794361399366137,25.72373523583706,8.122340615632398,6.386182778575629,27.402710296888568,27.056528153479498,75.99934263586903,198.9034127928028,0.22432247252434453,Stable
2026-03-10 08:00:00,33.63412709881446,7.2704310756158605,1.9063757031627404,23.499380066018784,8.13715538823751,5.201715410028013,20.802566395405837,25.44977288376079,84.11707823063463,195.16648382840734,0.1272280054399046,Stable
2026-03-10 09:00:00,35.43041384180681,7.146942410123476,2.622819270562656,18.12359226715661,9.868787475177244,7.502006446123818,20.444695121319164,27.73275060318791,83.79609514010794,197.27455235838565,0.19901665090354573,Stable
2026-03-10 10:00:00,32.08339616185321,7.4469681773846474,2.9685862971844115,25.312667064168853,9.151996337828882,6.35694799372751,23.884578010227457,24.14610556320621,81.21622439841566,200.14257593620823,0.15961614620608366,Stable
2026-03-10 11:00:00,32.84814423516935,7.074549080777,4.001666794116355,23.52524902463647,8.521011177485958,6.562699352919335,22.377227429427677,27.73503782904303,81.49369072783902,197.44303202296655,0.2644764270801364,Stable
2026-03-10 12:00:00,31.155119846124844,7.109309024576505,4.371601275259864,22.694880241689425,8.771860814993092,6.396916740207552,30.021040734945366,25.080380796296748,80.70003567865571,204.34971517635196,0.21607967515170273,Stable
2026-03-10 13:00:00,34.550367855975345,7.5820415368431355,4.22708668549568,14.215525565962748,7.911929626649861,5.542752617307922,23.310064235745028,26.84903833011834,79.27948701913333,196.48939237606544,0.2712409086501841,Stable
2026-03-10 14:00:00,34.22539506833266,7.554138755827465,3.285044657153325,28.413837561539466,9.140321426197179,6.4781042879490585,18.488302125073222,26.555931008377534,78.58425304563153,189.23816861081536,0.10823847435028765,Stable
2026-03-10 15:00:00,34.884134830865335,7.097710774061469,1.579518816403633,18.83474479945435,11.726431167667496,8.011833659743765,20.275885888401028,28.016513380585337,78.68458107073383,205.44335965072548,0.2015965895102168,Stable
2026-03-10 16:00:00,33.958902875944474,6.973005558354427,3.693139765913919,25.31635127420621,6.473721296900492,5.024114790602029,28.34272988076302,26.312930048097346,,196.0115918634753,0.2043414408252573,Stable
2026-03-10 17:00:00,33.73076840184514,7.509688580058379,4.50293030441846,20.958657782836536,10.19295886727046,6.852980517791714,23.24734195081683,25.608738691016725,75.15524884990673,200.91028509611093,0.2840129340042282,Stable
2026-03-10 18:00:00,35.5271627906207,7.324117140216259,4.325342805860176,23.056367412260073,12.260185389759247,8.769841485176276,23.006797044226076,25.74833587757165,74.74649163838451,200.5184969449145,0.23275317242234106,Stable
2026-03-10 19:00:00,35.60003986745414,7.188362751175261,3.74721175730779,30.761462458749556,9.133625802868865,6.840977738428088,28.770844061480084,27.79846333790624,80.50700713436991,200.07090962788743,0.1631773203415517,Stable
2026-03-10 20:00:00,35.627727708921,7.009875641146815,2.5078729267461606,27.658091004016867,8.442247941708208,6.912024643450379,19.883565650105062,26.829521298324494,77.3929116626063,204.958136821458,0.14944035643316728,Stable
2026-03-10 21:00:00,32.55521049067658,,3.0060197472786885,30.65019973144735,11.348462971901178,8.27857410395274,13.941706657077013,25.63841109354442,76.08799686080543,200.04125398673318,0.16277265739093977,Stable
2026-03-10 22:00:00,34.87709129427168,7.093921631231443,4.850360799059256,26.651927473107868,7.531556246262313,5.39757954301593,20.16210009139511,25.732899847074712,80.20175474360767,203.12751960242085,0.2881034454648987,Stable
2026-03-10 23:00:00,32.803243509323195,6.9139853097195605,2.3374528490018998,26.980717921703903,9.454616940122538,7.04416157200183,25.089400898458535,24.051782914098478,76.01570996329133,204.53832349795945,0.1790406375972309,Stable
2026-03-11 00:00:00,36.046274696228444,7.136131852004426,2.5391190788872104,16.094304998869113,7.420311799228546,4.570611309270246,22.877198158478596,26.314640689868803,74.48026840880716,187.88406035469188,0.14786374538848557,Stable
2026-03-11 01:00:00,33.080031173249736,7.174318732779089,4.106913663373963,23.412375030667228,5.75979805995144,3.8249349387871363,16.97806670962005,23.653110248360765,79.67392059150156,182.25594233322096,0.30229964321111746,Warning
2026-03-11 02:00:00,35.76129954112481,6.994889381262335,3.076630566395854,23.875455340756957,9.196031470410409,6.523249455885278,28.572267891081978,26.583828295362512,79.45618482288133,178.8859641756676,0.1921287988189616,Stable
2026-03-11 03:00:00,33.556357717677884,7.353071192810664,2.5136836583465336,31.118324101759878,6.973209873466033,4.817000613955094,24.73573625738002,25.753192534993445,82.24214879722766,183.4556893252536,0.13541755136520126,Stable
2026-03-11 04:00:00,36.8706565172102,7.460873069847077,4.545978384042262,22.46885336046536,9.476658973341664,6.08358073699612,25.750566126210714,28.380778063121262,79.75924848631185,180.67611034200505,0.2849656734790027,Stable
2026-03-11 05:00:00,34.24131998775475,7.371571354223515,3.745791983608855,26.32429754528061,11.730059248761412,9.116341943624343,25.888246169025166,24.114302130851694,77.79387173834644,202.2143190074429,0.22189350560384943,Stable
2026-03-11 06:00:00,31.925613940823016,7.022650452140081,3.1136491267171165,26.12878671542376,13.208510813359247,9.83091787016829,18.156640893675473,25.229763079628604,73.22550193529713,200.46392003180497,0.16986383101159103,Stable
2026-03-11 07:00:00,34.17306812036028,7.311630021172744,2.5406688730753633,30.788375801403635,9.687058567886417,7.146284426157645,25.362955123932707,27.429883677754006,76.21141861964561,192.20636901444163,0.14719661024329772,Stable
2026-03-11 08:00:00,34.983961710601584,7.1218291912888105,4.935554922894953,24.331279588469332,11.538431663951199,7.9826387936703895,28.083542024409027,26.62109891470086,77.39921334817593,203.25889257677656,0.31432510044290735,Warning
2026-03-11 09:00:00,33.10656509261521,6.753991126001533,3.3816611359400444,29.138934743465732,10.297925300213267,7.562452524226473,29.131396036667944,24.276005712084302,77.17269952419439,196.80669122348763,0.24627738507947505,Stable
2026-03-11 10:00:00,31.6525965322378,7.288364225979368,4.44799604685212,16.475674329312376,8.733772772249882,6.622773781228489,27.245684962558286,25.30080953076581,81.53392378411537,186.6459447834685,0.19524424147165248,Stable
2026-03-11 11:00:00,32.80609430679339,7.1409168594679455,4.07022515845708,16.92990283528029,5.65044729213821,4.04250355778472,26.309083463664113,24.955619433620008,83.30298661870566,186.651674575881,0.2826676323449692,Stable
2026-03-11 12:00:00,33.025347792567665,7.826193440579406,3.0093238287525743,13.583278276877365,12.752984654164237,9.621508059498382,16.181604308533135,25.21334534102523,78.45656675291798,162.91602203737298,0.19428182583105247,Stable
2026-03-11 13:00:00,27.528429323858788,7.508035841717996,3.0152941637576642,28.929924875666668,7.4017956214377545,5.079235569267059,23.932794062501383,23.958989555065727,79.43436361774826,158.55373402587216,0.22039592532597443,Stable
2026-03-11 14:00:00,32.17409407069932,7.299122043941667,4.48473617345044,28.36833468894368,12.265541822835539,9.019609590767258,19.69541542753599,24.61328204921684,78.40329380243406,172.81048506675992,0.2934471638168155,Stable
2026-03-11 15:00:00,30.411903945601694,7.16976774036069,4.496887999464983,29.48413786949641,10.573615258524502,8.383157688968087,29.769755468758614,22.726539611298627,82.5130744843213,176.57331444214591,0.16409489500468247,Stable
2026-03-11 16:00:00,32.4101987210522,7.145842231416244,1.9923130179094493,21.613190821469036,7.547974429505282,6.021480260596979,29.086707715696726,24.730784606698236,80.58638197451378,179.81697645414974,0.20934278948939553,Stable
2026-03-11 17:00:00,35.86564429003187,6.818966966982729,3.8123351957366443,22.182261712326667,10.123996723637907,8.129745367396353,19.72262035175913,25.033815740877326,79.12426996871402,181.65928029779394,0.27407764238355103,Stable
2026-03-11 18:00:00,29.71518815273033,6.6130835763840246,3.3090888964572853,24.394761786688445,13.76582212257066,10.265259770063645,23.79309817332293,24.146784749748083,71.90785715568313,172.93849561541782,0.19732663212011436,Stable
2026-03-11 19:00:00,28.759043548079358,6.855683449457161,2.6250076277961205,32.218496514738284,12.571305161727542,9.198911345124825,25.118292495781983,22.408288690488583,77.6638361529783,190.60715935413546,0.1373634167278872,Stable
2026-03-11 20:00:00,28.235644446079846,7.086639234912279,3.596309571037898,33.469140638110254,8.474573887731102,5.977257722394381,28.05356065870065,25.460036042718514,82.34807153607966,193.7121660147315,0.2736711623698457,Stable
2026-03-11 21:00:00,31.6776504011922,6.510449002101484,2.387802406760204,28.969042449206814,8.076038483630636,5.092655688178792,16.45971787559646,24.63948373354048,78.68782855620283,166.3856576864504,0.11145457584957212,Stable
2026-03-11 22:00:00,30.46863343498522,6.9475898981636295,3.0501584840154248,26.655098624017505,9.700416074632145,6.363768969626247,14.056699587730655,23.25992054323722,79.76498285305495,152.79230367521365,0.20150321107029207,Stable
2026-03-11 23:00:00,30.70439884966345,7.03066835072516,2.8011447004225243,31.676913488500627,9.168972542060327,6.608600927411199,24.171668298783697,23.72435320233196,79.53220930505118,163.63411065652687,0.20098203284850955,Stable
2026-03-12 00:00:00,32.40643107950469,7.039680565024072,3.025156551883001,23.720787714252207,11.89947477128546,8.61574492127499,12.608624299310563,22.19107640053717,77.07748845440418,165.37735284597736,0.1911879622241112,Stable
2026-03-12 01:00:00,32.41431989152381,,3.3463911297535067,23.045292347588525,10.979178272843608,8.867577800861325,24.71357584415429,22.693084846849885,79.05087107906957,175.5650949528701,0.2190128626783164,Stable
2026-03-12 02:00:00,31.366525759926866,7.004376131973207,2.638325003570885,24.354889396930943,6.115516796943155,4.9065644505851616,26.66493498112234,23.210812311392257,83.18173197555555,178.2717369956869,0.17171561767430732,Stable
2026-03-12 03:00:00,32.52260530147364,7.582690271874681,4.579884271654973,20.10642815290211,10.417350510847823,7.211340701300124,29.56235958747498,25.26383140855336,77.23517992372007,178.38779291998677,0.2917772840506525,Stable
2026-03-12 04:00:00,33.009193481103345,7.285400678817369,3.769962425045594,24.124953178141936,9.141818078265263,7.0849813620196995,21.198442869348032,22.95681414488962,80.94142281031009,180.29564239187692,0.1945138852069168,Stable
2026-03-12 05:00:00,32.38842135045514,6.943115782468518,4.745922271286541,19.4129597810803,9.574216272056134,6.737962051865759,24.725317407608202,24.427937070126845,81.2054239517554,179.9998350971872,0.2585865849605156,Stable
2026-03-12 06:00:00,29.3136134313441,7.08086261925865,,30.125039094497893,9.997886028521318,7.673816422741253,26.931794278471457,22.950153509181014,76.61662788642869,177.33891950673447,0.1994740242779603,Stable
2026-03-12 07:00:00,28.39863358361827,7.0920722660173645,2.9884075282771683,27.71843695516509,11.897458010553203,9.21257026187897,18.70925996213539,23.83113093858737,76.09804417183035,178.5633743444175,0.14510651722972268,Stable
2026-03-12 08:00:00,30.419778359100178,6.884972478552758,4.718811710869771,32.147811987739125,11.455585927092041,9.145167278421189,28.11906508988219,23.302407346891542,72.1226820598557,198.8303481609157,0.28396032389383347,Stable
2026-03-12 09:00:00,33.96857058607671,6.88464353903172,2.966455195094511,16.853585985429053,8.000514518625408,5.623598581412167,25.234540463524425,24.459283351731493,81.45848060020262,197.2125963800028,0.09705057320288976,Stable
2026-03-12 10:00:00,35.26351600279148,7.382946725691479,3.2662809835081563,34.50848473461036,9.38277606462066,7.372860666881653,21.275491511823855,22.710438623705294,81.67501787604002,197.14487926591025,0.17491158223962897,Stable
2026-03-12 11:00:00,29.530076738133047,6.982460374295291,3.940035557872986,17.137622931032798,8.602957214285576,5.394013120159908,24.636212575015183,21.406856045754093,78.75380471699127,193.1731991866041,0.2745074198449456,Stable
2026-03-12 12:00:00,28.047615994463,6.793485011631356,2.471705643777041,19.00845962458397,6.136308062186805,4.916973715929161,23.372994816691172,21.57832702470361,82.19728233239994,170.31956135856018,0.19723289667033267,Stable
2026-03-12 13:00:00,28.172373526747556,7.087920703660556,3.9334710135952373,21.895892265684548,9.28125898479782,6.762548791313783,27.51033277611539,22.542303943315982,78.16825167784233,165.63926608604933,0.2266457829496897,Stable
2026-03-12 14:00:00,30.730617620962327,7.133042730876154,3.837510299623452,31.538603459849323,13.189508855118191,9.625637088801847,22.377929594338802,21.62670782835113,73.85075058519215,181.9222972853202,0.196449908774612,Stable
2026-03-12 15:00:00,28.034773038653363,6.547642817225726,4.351993988528374,26.12786748614287,6.075913212500506,3.754555838974818,25.021907220204866,23.5640051434219,82.50451500461598,160.25810076451822,0.31395947022023507,Warning
2026-03-12 16:00:00,,7.088591019811186,4.067533377257606,23.78085374739214,9.451876412679866,6.697820574991527,21.205807718310094,22.460163883257227,76.58751723975068,177.879030716796,0.2500680643283769,Stable
2026-03-12 17:00:00,35.452551340952816,7.343034381617513,4.374983764658178,21.036862826774197,9.38772370918065,7.552905943040069,19.779707225887204,25.817128128426994,78.02408394971077,184.08587964853575,0.22109506711416474,Stable
2026-03-12 18:00:00,29.704611135071588,7.226344227946113,3.317183574618692,18.1203242466965,10.07547094352864,7.118636550648884,24.77189756359432,20.83205222860586,75.66315173620666,183.49542426411844,0.22637201964557066,Stable
2026-03-12 19:00:00,30.673265476955102,7.724342632254592,,30.663136618465053,7.574550085212139,5.826650330136586,19.964545498416438,23.11258882083222,81.89814137941205,171.91794204665987,0.18768459034301818,Stable
2026-03-12 20:00:00,30.596710281793648,7.45031065504741,4.982489060562521,28.9931963052432,6.649778818400092,4.866976655030789,27.602611311519706,21.466828974700018,81.94831648226916,159.02890947185938,0.2960807511938498,Stable
2026-03-12 21:00:00,30.52354984703208,7.505701526930238,2.254978288358525,31.76225188546175,6.742804686410748,5.316342796082677,26.665046394797056,22.181673104775477,80.17910052012694,151.11452942297896,0.13824967726585452,Stable
2026-03-12 22:00:00,29.341844835538332,7.884024062056011,2.3301151908446442,26.98409063490562,12.161867516662957,9.006258802410867,20.55698494645251,22.898092519259514,75.93082934739304,140.19969369353714,0.21119130841527753,Stable
2026-03-12 23:00:00,31.59466835465136,7.312283753296887,3.8238460303816235,11.789487707222326,7.534628051276286,5.114131545892393,24.96201194342932,19.893843709901308,79.91355880928285,150.16836228741056,0.2653070311000376,Stable
2026-03-13 00:00:00,30.22230098737799,7.145659658221156,4.618739536133012,18.77708533659274,8.500875616693655,6.232032611619419,20.536350448496925,22.925659746599024,82.35886230973793,154.13360693488096,0.3064231986326438,Warning
2026-03-13 01:00:00,34.43493253576114,7.372647282160773,3.542163134435624,27.324356529233544,13.709265197225948,11.215096488386592,16.780592373892457,24.883427934861324,73.18820401441548,178.78741870319905,0.21315535090691298,Stable
2026-03-13 02:00:00,25.178358863418794,6.943413798649401,4.1494777747766545,23.1514148738199,8.031488686447087,6.0828124358826345,21.312486746488336,22.015587428810225,81.55612372713261,169.68738620960417,0.3682958858510158,Warning
2026-03-13 03:00:00,33.38551474005393,7.130152169458591,1.903147954396031,22.205790165359367,10.184799195901853,7.369674388879388,23.773574268272803,22.83257297449207,76.05218259082741,176.2634841530883,0.18579805807053393,Stable
2026-03-13 04:00:00,34.650654509436215,6.918636259938072,3.025341278364147,19.483866175552357,11.627623353251014,9.930756720940074,26.346339262110902,23.713127020127054,78.40797264769874,198.3592289870366,0.1551915001480458,Stable
2026-03-13 05:00:00,30.309900223749807,7.211435676117606,1.9945391446425556,29.737947837072703,11.531440373958485,9.153159944494956,24.672659687116525,22.250232649496528,79.06182362605053,211.51282467585267,0.14633703183019933,Stable
2026-03-13 06:00:00,30.832471712940766,6.91746545535445,3.985308218671495,27.28096318707154,6.836847285912638,,28.084535767627028,21.71492964346525,83.87441844557371,202.74216504351267,0.23947091833291365,Stable
2026-03-13 07:00:00,28.76469306778356,6.907660020038719,2.2395765050582392,27.505956114540613,8.073295104597003,,19.584752228625415,19.647662704568436,83.60424712324973,190.60056519829774,0.1489833026487933,Stable
2026-03-13 08:00:00,29.83000206880262,7.215772522069541,2.4416358654755146,21.831988756074715,10.10472795250397,7.782308419032446,22.30485725439528,23.11556920808407,78.6263845476936,187.36241749732363,0.19289948416368538,Stable
2026-03-13 09:00:00,31.274035787726845,7.061440796581441,3.785518903721052,25.881438794499047,13.358034914766584,10.311738579309983,31.399650157948464,22.179791176848163,77.73683183939151,204.26244572628096,0.23575900891247228,Stable
2026-03-13 10:00:00,27.453712721636993,6.56029408199931,4.196368264013297,18.311175369017594,7.9769786827176095,4.8655195069960495,15.310139761721288,21.070973661382105,84.08347119808344,190.7039259156873,0.34196790892525614,Warning
2026-03-13 11:00:00,29.192594304981725,6.692444062032615,3.2807739188280873,24.350860095769033,8.512774031777846,6.399235193720904,21.966205623333025,22.410108152272375,76.68209505851088,169.16606167788265,0.16975956792747937,Stable
2026-03-13 12:00:00,31.78506487510495,6.77876538239079,3.827629378081382,12.360352107034455,10.33914884280201,7.456135890949834,19.17827723506808,21.53117858868035,76.15275580279,167.2224982829192,0.23691890682429942,Stable
2026-03-13 13:00:00,31.521614939125293,6.852767866288087,3.803341125154819,17.159419304327226,10.739316454696754,7.544501956471684,23.120707180856645,21.57229955772489,73.52143177151045,181.68973451371426,0.23102952692942288,Stable
2026-03-13 14:00:00,29.49744564027812,7.216038532254018,3.2384298554181457,23.388440778739945,10.860508008605473,7.811430698301466,22.044986306537474,22.910196644509703,79.79235230320644,193.15181983039693,0.21737525642745775,Stable
2026-03-13 15:00:00,27.087099504288982,7.1613028771800575,2.5789708878353133,36.87559073137466,7.8072882703304,5.031237681174215,26.709699471405372,20.554252191291063,76.42138106119874,185.2072685368238,0.19056047724774314,Stable
2026-03-13 16:00:00,30.10499415522786,7.398278224075775,3.823668555163482,15.996284632875678,8.435903726131189,5.3209162813842985,25.14984296734277,23.396187360143205,75.11449042266707,186.28109373267588,0.24851249211625573,Stable
2026-03-13 17:00:00,29.908002984027053,7.310784510423695,3.859821768081312,18.782097037300687,9.931002399603937,7.930477769144496,18.12472092640374,20.442723851096073,75.32551589815816,189.2337061890767,0.30073160186045034,Warning
2026-03-13 18:00:00,27.30672029012544,7.400132827731144,4.070518302317694,26.083873983464052,12.024622625256562,9.083624552079407,21.35327067069411,21.306689851746235,71.62959734843236,169.42851383992038,0.32250195774999457,Warning
2026-03-13 19:00:00,33.10632795105189,7.270350933608554,3.634049818059173,33.847114530073014,9.023031835763145,5.389315551691554,23.99947327893441,24.392902672979982,79.65736323880043,184.01281647244443,0.25741283480795424,Stable
2026-03-13 20:00:00,32.916778585420346,7.158710206545617,2.523625064890505,26.01086248494037,9.45539619983236,6.602692294744956,27.327213978175564,23.423084964151755,75.83324718670272,179.8684231966867,0.16865416928290716,Stable
2026-03-13 21:00:00,29.997245939246632,7.407818487840543,3.917755121026885,28.51070926152078,7.448143125721181,5.7978606254731195,34.94830328105967,22.17373683983283,76.32614959426937,172.8659151070617,0.2221385461785067,Stable
2026-03-13 22:00:00,30.935920815161122,7.357435581687228,3.398964189828744,23.311981246617613,13.226453663784485,9.451613331906147,27.162581050299377,20.915793421431268,74.66886303595258,187.07415546975,0.1794100487328502,Stable
2026-03-13 23:00:00,28.789968646643473,7.205306702915117,3.037946916757493,22.446892055303117,9.80852589428342,7.831865385858226,19.443750357527314,21.398588985623057,78.2342541768342,184.1153357498288,0.1965619005789838,Stable
2026-03-14 00:00:00,29.68469262001152,7.4559001238408396,3.1790231221047156,25.410921760338784,11.655509559113483,9.181468545366938,23.577696350703615,22.11240382199935,71.67003269717127,186.35539402696875,0.23418277211018648,Stable
2026-03-14 01:00:00,28.107240907772955,6.443179292099049,2.8823071162072154,21.70855304686948,9.559794416135201,6.265306510409483,24.81439287765214,22.061733370036666,76.65595265018848,165.5928194116856,0.26114874176060776,Stable
2026-03-14 02:00:00,31.935723775362295,7.018670311240673,4.0666328341408216,28.621346693588727,9.670534130486825,6.983258782825243,21.662741083454154,21.901369080121885,78.14286898958068,181.4681770025016,0.2445504785032401,Stable
2026-03-14 03:00:00,28.435561511216072,7.014378669617515,2.3364139498149847,16.96864050527208,6.499382218295878,4.584372275166545,26.11616012670545,21.96860240517381,80.6085595980294,168.14511335922077,0.193929199957287,Stable
2026-03-14 04:00:00,30.44456210034719,7.42275120569484,2.6548855488951864,29.44993516283417,5.198476260614866,3.3976819441048955,13.77880310219781,21.745018464917074,81.97781567175329,161.44032556566012,0.15594647344959547,Stable
2026-03-14 05:00:00,28.127410089706427,7.539990599146215,3.1534203364962288,25.19656506151376,12.003810423671919,7.802655777803812,26.489173295976,20.270042223958296,78.94440702316835,146.38158375784136,0.2939703947541875,Stable
2026-03-14 06:00:00,27.274667284502726,6.693949776341126,4.61031313617925,23.926395656995684,9.65611642852484,6.620897908630597,21.856256599062874,21.38023341072605,83.71024555228409,144.41946234979872,0.2882305122442313,Stable
2026-03-14 07:00:00,29.88050006723812,7.495126808761797,4.190710411819636,16.785077199067892,9.912856245973236,6.886947979871495,23.50632645737014,23.09870635488476,77.30389753907227,154.6732437852513,0.3233747178672804,Warning
2026-03-14 08:00:00,31.12749326482171,6.771995347912644,2.169369397564581,20.10105664001065,7.001892495599179,5.22045446663698,30.59575322561925,20.36174878674024,77.69340367295143,151.58847944949306,0.2087893127772393,Stable
2026-03-14 09:00:00,30.183671365644006,6.780459731242969,4.4135103165643645,30.993257365665894,7.693871644412753,6.05839874419661,18.323172709759852,21.780356280375045,79.71967060905271,159.41163467652862,0.22903734362659553,Stable
2026-03-14 10:00:00,27.01136973720053,7.034400003348337,4.412065162737763,23.95700500983317,11.624604002269969,8.814361478156602,25.227236753717236,21.029670419934213,76.86112875627884,172.38580599454662,0.26140267688614793,Stable
2026-03-14 11:00:00,30.76468210923922,7.010902187802876,2.5194937554830177,26.391992329364104,12.980287541682873,10.0113125147463,27.57264710552901,22.154025534541837,74.88651609639253,180.6052282265884,0.15666878300207854,Stable
2026-03-14 12:00:00,29.270322585060967,6.663643161679274,1.508906297052666,20.602339933423266,8.257451972454897,5.906852827823508,24.766514062288355,21.562550648250056,81.26927582310608,159.31811287792425,0.22976830373038185,Stable
2026-03-14 13:00:00,38.71985415536831,7.281965832577918,3.345833783239568,24.854726818872745,10.842966576726111,8.274972704779866,16.736134625159206,23.811761350879944,82.68680654876442,176.81438673166866,0.1618950828165326,Stable
2026-03-14 14:00:00,31.228484992276083,7.290232678923449,4.241818306974866,18.139239759400102,9.88004986536321,7.131809029786517,30.07678482285597,22.658237309591538,73.83714799193599,189.36235120209867,0.31384370784144666,Warning
2026-03-14 15:00:00,27.72783929496469,7.395131646925828,4.5934464773501515,25.499411271439435,9.258942119844548,6.534211549063915,23.0489067731714,20.489088989097418,77.47335871257094,170.5400903699871,0.2979001827339308,Stable
2026-03-14 16:00:00,33.72316036575018,6.978632507662198,2.7468795517290623,26.853204486351025,13.203918040356639,11.016564268852882,21.626066174648873,22.883104530175974,78.64893990304712,196.0588684673667,0.19214062744738702,Stable
2026-03-14 17:00:00,25.481813086541784,7.088916839807714,4.713984328497224,26.60307363592509,8.593596707954497,5.171831218858329,22.602827030131863,21.163885421127475,78.1012893913809,177.741960857922,0.3475311713849496,Warning
2026-03-14 18:00:00,29.607002959580875,7.0914803938272595,1.729050703137474,20.48207584754919,11.981425274034972,7.511973400091109,22.280341240474876,21.41836264681868,77.99230848990108,174.77235734366832,0.260849850637418,Stable
2026-03-14 19:00:00,34.49493753762859,7.57263872361117,3.1239620396280343,23.289745079497493,10.262846634084097,7.707895431478009,18.64419147262601,22.506080548266443,79.31440510928505,180.80583003069395,0.17612721175755264,Stable
2026-03-14 20:00:00,29.32718491834679,6.306411460862698,3.0870919980881895,27.685970729908156,9.466221355270362,6.772380603192747,24.742277637347932,21.5595834870663,81.62597828676414,170.18011085277737,0.21245777158088602,Stable
2026-03-14 21:00:00,27.776125202017113,6.832055582283051,4.264252768693227,23.94281202360951,12.244034346066156,7.97044835702711,21.312451464386996,23.242727291313273,80.53931501433266,169.18297168671754,0.24171840643269302,Stable
2026-03-14 22:00:00,28.47310307800122,7.101551435981703,4.373726849454835,23.56347308829945,10.080268996846057,6.773904453586345,27.018997224674234,21.264939006822416,78.75241277090525,175.45944316709821,0.2897716401664202,Stable
2026-03-14 23:00:00,32.38512608584891,6.796040334223659,4.115667741575046,34.51733804312778,9.307144940175439,6.321018975906867,26.32917972126831,21.476090003930835,74.32828059627481,186.07578918031402,0.2491813903489925,Stable
2026-03-15 00:00:00,30.209211538908043,7.027670299964087,2.387087463440579,20.24505440566938,12.258884345964066,9.550633344903895,31.315512352937144,21.457072346266504,73.99009771337563,189.62767597205962,0.20689132843204067,Stable
2026-03-15 01:00:00,27.9155393458132,7.064698849816425,4.046964273849191,30.402092340444913,11.998524507543785,9.559015385375025,23.047650854822937,21.593251564838237,81.46660765894026,186.89476306052424,0.3348002191718192,Warning
2026-03-15 02:00:00,30.24926396258985,6.915847889538108,3.781781476445119,19.226596682475346,11.903926642307752,9.763314236493514,20.385376120298325,23.6197495769479,72.56057883422982,186.69740413449708,0.2620099266048803,Stable
2026-03-15 03:00:00,29.965968865918104,7.118051299308748,2.1465742110403068,28.273905428857073,4.0,2.5704175311139457,17.386159491812784,23.08536940821773,85.24201642297643,169.0737020435305,0.1629290843245089,Stable
2026-03-15 04:00:00,33.13662009502649,7.275881797772187,1.8497396283987346,28.540762790619866,10.380353251476821,6.797140487254868,33.87004523733666,24.414224326918497,71.33337368835271,174.94036203876416,0.17949535016825577,Stable
2026-03-15 05:00:00,35.79270887197324,7.033845395391319,4.178491967515582,22.448174224714773,9.92423438613994,6.461078952568154,26.9794859843226,25.116316606095932,74.69769765913628,180.76736098019813,0.19344450032898503,Stable
2026-03-15 06:00:00,31.297345646352856,6.9731054744887535,3.2649255242655664,18.912615735689467,9.430273491829029,,20.88411035469094,21.192499620754514,80.78706971167075,177.39593318732582,0.17591721590611706,Stable
2026-03-15 07:00:00,31.461458252997822,7.053585823336915,2.4361134306588434,15.147833980982913,10.719559267945357,8.071263690295359,31.619197901702112,22.549433888779564,77.37034303287903,184.87205943396705,0.14362555046495226,Stable
2026-03-15 08:00:00,26.427115751651698,7.097917822939235,3.2438710534684234,21.92443245537332,10.021113745009055,7.359615734734313,30.102730727487145,21.090405271766667,77.03778169152024,183.78727476591465,0.2497431107318569,Stable
2026-03-15 09:00:00,26.95110112641745,6.6127105217063615,3.673030810834902,27.63109323976162,10.855614834654363,8.061700665344281,17.919251238951883,21.606966154404333,75.10849510445836,170.05231350050516,0.25726530297950695,Stable
2026-03-15 10:00:00,30.890067480403907,7.229235097029157,3.3378616549993394,19.611859214502108,8.964076384490015,6.515782695948882,20.609363062122128,21.823563437976382,74.04456726642226,172.7271901694453,0.25418678572688747,Stable
2026-03-15 11:00:00,26.661013429447067,6.9737196557548975,2.236010385155435,25.48474290461864,12.496361260352986,8.35178293738669,23.404538196778336,21.351955625312854,,176.30727107820658,0.221741286100438,Stable
2026-03-15 12:00:00,28.949319456736706,7.453229820947094,4.814167677673082,17.617851010445772,11.057888383545652,8.384361928688607,19.18461706799117,21.400453498873915,76.23424319231043,169.44862555777175,0.28155597194568943,Stable
2026-03-15 13:00:00,31.14133984676903,7.265494973179893,4.153163476740919,23.83055903948018,10.58505318102968,7.618723093175674,23.565392416901158,22.533038954396677,73.61028388268619,185.00150659716627,0.30407394520093756,Warning
2026-03-15 14:00:00,27.01566444957328,7.427618593181503,3.1484669112448995,19.264780479006347,10.487410467413728,6.963455098952166,27.203828758979046,21.290852440298657,77.58806238136198,158.2613722173873,0.14084374235692296,Stable
2026-03-15 15:00:00,29.75893565407504,6.816918937759826,3.178679008073284,24.610097490527863,11.814562614987128,8.997801933358822,17.820326137549678,23.807460322792764,77.6385574235382,159.72774542984476,0.2108494501139698,Stable
2026-03-15 16:00:00,29.55460049413431,6.99601174046752,3.669615546034882,22.49460265196234,11.543375573870978,8.156337705914526,25.318502465882716,21.742842623269947,75.95494020081559,181.31630339815644,0.24928709300865193,Stable
2026-03-15 17:00:00,35.27140057265169,6.752111623511925,2.5527839531947514,19.048169318812,9.274455892907424,6.886391007901552,29.258240889447173,26.264099997603587,79.01552581537362,170.9671060107345,0.18590192694086666,Stable
2026-03-15 18:00:00,32.52368090463344,6.902546461499789,3.6420073274027263,21.7056326105553,11.480620761646593,8.301937046533592,25.80099107671735,22.400643363805923,76.61469627707201,179.91595573476573,0.23636778251381002,Stable
2026-03-15 19:00:00,,7.450589518862405,2.4019506723544257,20.329215688790036,9.84810448008409,,23.65972640348959,23.079615729427076,76.38490849834547,192.21577449193148,0.19018476896534772,Stable
2026-03-15 20:00:00,29.638175484841256,7.516497361818298,3.3470993373661253,18.430376498812937,13.333853583000657,9.895172263042646,20.99354208190685,21.490862294856868,74.80179545024892,186.32013324537542,0.24769376016808853,Stable
2026-03-15 21:00:00,31.653441347285185,6.778522677454751,2.523571375107356,30.413729126447087,11.695455622093931,7.969242414323476,27.73878842444708,25.145830854399282,78.14258670621592,188.41191403801463,0.14293331560156616,Stable
2026-03-15 22:00:00,30.354512690854776,6.97168225287116,2.561437013254964,23.199125677745375,8.248781362876613,6.167697775301023,18.703859495783842,24.496326682543813,82.33782782043734,194.5872679167623,0.14410038135286252,Stable
2026-03-15 23:00:00,30.543015825832217,7.078665211833294,4.634291960213657,13.988872754631673,14.161421378900531,10.614096913305815,25.09256314992805,23.564770002490512,75.81540196757283,209.2959074318208,0.2832175607595019,Stable
2026-03-16 00:00:00,30.46884767294288,7.263969579706738,3.4444194207134156,21.883595962026572,5.295920328020341,4.014960667492825,24.11482079873992,21.648976502981746,81.01633459388988,190.88971106126357,0.1867776801842235,Stable
2026-03-16 01:00:00,32.24896255170429,6.607253126209781,3.5555548640508756,29.573558569091322,10.774709481338084,8.479406349843169,29.06524961794369,23.575715138449603,78.81582189758637,176.67582082065616,0.17120591608351615,Stable
2026-03-16 02:00:00,25.836258581849485,6.651159977172036,1.8914651041890078,21.193206833713116,8.107505341109428,5.643804294362837,21.377630575189993,22.03606255329973,81.05616072723193,151.27372097754636,0.290368378028114,Stable
2026-03-16 03:00:00,31.625189148224145,7.237095320284272,2.952248681109214,32.488719390668145,13.26436058734604,10.170268903387376,21.760188846480972,25.196543204759152,72.96136743154098,177.24504567541945,0.20927958895388765,Stable
2026-03-16 04:00:00,34.88275714617788,6.554269200702981,3.7459090890282605,20.716689725192055,10.005612130590574,6.354914980041577,18.411608082158594,24.473742042965565,76.83360602556083,170.22234572486258,0.27084286803696445,Stable
2026-03-16 05:00:00,31.83769310567522,6.974896726281116,3.5456021994606286,27.517040279082277,7.912409069825758,5.723843329232732,25.96777923570184,23.67926301006694,81.7868236867931,176.99667043018457,0.23084028297799664,Stable
2026-03-16 06:00:00,25.870113283732515,7.145385706396475,1.7844776339847208,30.183192922955058,8.967010575560833,6.410459425113023,22.09282870635488,20.704131109938487,,162.8027008096725,0.2196645213307539,Stable
2026-03-16 07:00:00,35.223370097594064,7.216386471581273,3.5553534374928106,27.250969861557166,8.072137082668817,6.535456350396249,20.12066710228567,22.51172773439776,75.39868317237993,167.72797837152714,0.23242702505148938,Stable
2026-03-16 08:00:00,32.524282088115406,7.060318933247727,3.6749191026622667,18.12753012679485,8.888446042859842,6.412138764910218,20.549326799952233,24.582165552744936,83.21170705306339,164.8659494097281,0.23028147314130573,Stable
2026-03-16 09:00:00,34.04696684424373,6.997588118666691,4.362821498649025,20.28765711539218,8.84270476822099,6.750869070528284,26.41697473408309,25.27829892561691,82.06769442154945,173.57625304789616,0.32496076197405477,Warning
2026-03-16 10:00:00,34.01981954367648,7.336479840720614,2.9085766607962427,30.850354951932907,7.997688262597891,5.063353839957055,19.036677751246213,25.220770031586213,80.50010798781719,176.1220485502716,0.1255720313995552,Stable
2026-03-16 11:00:00,29.31200911441426,7.179857659382412,1.7184484598982468,20.976942718340112,10.040127623165247,7.135049947724029,19.436253157591427,22.04720004673463,77.35808081843976,171.6434678566968,0.23185863964652723,Stable
2026-03-16 12:00:00,30.933081969728867,6.918835345853591,2.6524219361461334,29.878382569511025,10.282448326813464,7.027541440421232,28.033626414828223,24.388229333371658,78.69363529623439,187.00163664988153,0.12604475457608888,Stable
2026-03-16 13:00:00,37.557966862642374,7.110562411071026,2.577201220848582,22.84857639092528,7.507387217448065,6.50254679973945,23.252457408767373,25.314616892510497,78.89119938090451,182.89885952330346,0.2013866008311498,Stable
2026-03-16 14:00:00,32.18290027908122,7.207287326343733,3.9525316583349808,25.707186596095756,6.183462473912004,4.287156406059526,28.299502886929382,22.176488539845717,81.37229997622133,182.601154965234,0.16303014855142622,Stable
2026-03-16 15:00:00,33.87221241793135,7.581106427606387,1.3624475587035114,18.06946361489524,10.121912904299144,7.429791261653661,22.382898831108754,24.228338015713998,74.19051971710341,171.9696195037512,0.14618591641912831,Stable
2026-03-16 16:00:00,33.79116340371506,7.320170627121642,3.0637326549455333,21.95866212643751,10.563841102239067,7.785145971078801,23.994933452715156,24.638585020278644,73.08235150509003,178.8474571655472,0.14257653372476448,Stable
2026-03-16 17:00:00,30.0153696806328,7.440075919667104,4.469346605182941,20.62346809780139,10.960433523922468,7.042941059459301,24.703346723712976,24.022004461356172,82.87033306284225,181.3943184279877,0.2956063530697647,Stable
2026-03-16 18:00:00,32.78911143773857,6.929029929036103,3.405409347125226,26.127998252790867,10.602348763188255,7.43296799848735,30.242788202160707,22.234051054258025,77.55533928283246,193.95934012565695,0.20539936111413462,Stable
2026-03-16 19:00:00,30.454019201088144,6.953228786248599,4.072237612132318,25.465987898579414,12.64543355147398,9.512681134752246,29.876427717946214,24.140284517111642,75.86378900103193,200.93422163655592,0.33244355962389194,Warning
2026-03-16 20:00:00,32.78013787941632,7.034093602012362,2.1686512498366843,27.313249481228173,11.494135773862526,8.44491080579537,29.18956667186551,24.21356428311503,76.4290322433603,206.68188702609132,0.16205139871407867,Stable
2026-03-16 21:00:00,29.2257819490993,7.059799658941314,2.198507865095258,22.547387484536635,14.859656392831152,8.967466753418224,21.170315085290735,24.504561760028437,71.07090855846661,207.83278480357757,0.23386251388609414,Stable
2026-03-16 22:00:00,28.00096987949282,6.81775301181519,4.477931843383925,20.34884964352711,15.70129439366589,10.972307429988986,19.559266937775522,24.08268758078786,71.53105033192594,186.3958572943788,0.311987450484348,Warning
2026-03-16 23:00:00,,7.454461415435909,3.4759115243179397,25.913645427721537,5.983794824710573,4.7041315276482285,27.42356158377408,24.304507453358063,82.2441769102103,179.33200901695128,0.2249259351309661,Stable
2026-03-17 00:00:00,31.248185913732218,7.3473384585724615,3.477455771656858,19.85205548496483,5.105722737528309,3.892359273005107,30.195418660353678,24.866384448122034,82.40268156859177,172.7619621313762,0.2232585224435257,Stable
2026-03-17 01:00:00,29.545170437339245,7.014410198835578,2.5613853789197525,30.39211263211294,9.485217404306571,7.559640818270503,29.232684294534316,25.52350557993379,76.63427577645723,179.9659696072159,0.21939916467969287,Stable
2026-03-17 02:00:00,33.7875898592481,7.279678981723879,3.4755862967126734,24.427388067054437,10.508464859760643,7.101509125106658,24.05872165800039,24.70637085335395,78.69025712329947,181.7382924138149,0.16526573074344084,Stable
2026-03-17 03:00:00,36.89996011360661,7.162411765641075,2.540546823744928,23.36932445147522,9.348229981988556,7.482801200609716,27.275138451933675,24.659798571505032,79.12268174768181,175.47545755513715,0.09135387389424365,Stable
2026-03-17 04:00:00,36.121564752183616,7.301551834660785,4.290152836679238,27.310878113751055,10.90716089211552,7.935588536014306,27.354244438883082,25.34244423502349,78.07510853724372,183.23670119001738,0.2532628139727641,Stable
2026-03-17 05:00:00,30.492650620423866,6.723594005412823,5.445873032401129,24.61817750284142,8.95951584920325,7.325051420212498,24.67024256120732,23.007286390955212,80.80309618084634,164.88742243486138,0.265339579237792,Stable
2026-03-17 06:00:00,33.98378445760382,7.059214899504718,3.7629557902489967,16.709741415824016,8.112098473171754,5.923306209623092,24.865681311316497,25.966093844209922,79.46159174608258,164.70611409212026,0.26860754181556157,Stable
2026-03-17 07:00:00,35.25013067373884,7.083749212186377,2.9237902109038423,19.69285050305283,8.414218280297911,5.194844530058244,24.44187901561262,25.474718160171008,79.16356186899839,175.55917628980453,0.16110834739225988,Stable
2026-03-17 08:00:00,35.84947610718383,7.274619787891262,1.4997562521290062,30.288543519323074,9.099663261871592,7.067790365403769,20.45356560024494,25.605220067514015,82.60646814375853,191.2380879296828,0.12193923752760236,Stable
2026-03-17 09:00:00,34.10601894379143,6.924037471669003,2.1366519140932443,25.419421739222912,11.1870246881203,7.8936401067516435,20.91276403099821,26.79309038144283,74.4529372896069,200.36881136899882,0.2674272630442144,Stable
2026-03-17 10:00:00,31.448210319810297,6.400019397256928,4.566146373270352,16.592160988182794,8.52651860666834,6.047922499873674,20.843293373206627,23.379854888361148,74.78940202277074,187.2415315651984,0.28360984766951597,Stable
2026-03-17 11:00:00,32.039265139668565,6.797124079048782,2.628106117546695,26.76056033357583,8.92206259416659,5.80005174150656,16.803434504478734,23.43803552613949,80.46678416097711,171.6600979566742,0.16381638046638852,Stable
2026-03-17 12:00:00,35.32670968992505,7.082906564000946,3.121873838735116,22.203705900651258,10.640433688088708,8.716866433196104,24.642869673067846,26.21895704936739,75.78619107472562,185.9113894842544,0.2125787640773116,Stable
2026-03-17 13:00:00,33.69978439048014,7.1178875831409325,3.8914944809343837,20.62750023745609,9.102407204909621,6.383877130243979,23.817419822230985,25.965937274502675,76.20421540185676,192.8940127012625,0.25789541724222526,Stable
2026-03-17 14:00:00,34.0229082924766,7.571449474334996,4.511717349521344,19.27563637183077,11.73342110129078,9.581828093757824,27.428838610576662,26.263078782614087,78.47967394144027,197.57346287965876,0.3114999787504329,Warning
2026-03-17 15:00:00,36.34864644839446,7.2631690033842675,3.2503098091271214,29.999647356593435,7.660987535529878,5.410814734220817,29.673227773406005,25.588981788885683,79.97709150507222,196.38132357170633,0.12605106699163468,Stable
2026-03-17 16:00:00,37.44472171065227,7.122828478184816,3.096499847750474,15.17250813997325,7.227272487069026,4.9071302099626815,29.95932464180938,27.025680305766492,77.61381736885136,186.56528268731861,0.2044821415943884,Stable
2026-03-17 17:00:00,36.387593897895194,7.090930442501197,3.453715771383013,20.812339627802547,10.109258068036684,,30.383094562393882,27.432772751023016,82.72810722948721,188.80107960022542,0.19485610790678098,Stable
2026-03-17 18:00:00,38.41795666829094,7.409171347007514,2.929271637520587,25.600633829556212,10.308576924529593,7.483682425334556,20.593135377199467,26.979738528245083,73.66470741447691,203.5991225235193,0.142527186043057,Stable
2026-03-17 19:00:00,33.39860583822448,6.934769073395917,2.9696355975302837,32.89181534451748,7.770081011833174,5.644991358040324,17.556183249057764,26.171497362677318,80.01322300732659,200.75175408886295,0.1519826603253952,Stable
2026-03-17 20:00:00,35.28689563843423,7.060720539432632,3.708910088150405,27.769290981751595,12.18719080265485,8.037581192985614,28.188346101294446,24.040948741175473,71.08961726022717,209.31162731867545,0.1389957350605166,Stable
2026-03-17 21:00:00,36.66410220270404,6.795007726361275,3.5389686383758647,20.76987692233599,13.349873619540451,9.409400974984544,30.21960047190405,27.57907131563294,75.32677196509012,218.11542462398964,0.24743572058219276,Stable
2026-03-17 22:00:00,42.750028307774,7.497293693634685,4.998703979918938,32.64676727053407,8.244291574318568,6.212718984421418,31.001966012446914,28.207976063344827,78.15293667515537,192.6030407441204,0.2549660460705139,Stable
2026-03-17 23:00:00,33.21639818270209,7.209899702360452,3.729136612476572,18.224383001475136,12.474601345462382,8.215087594789729,26.18248294361569,27.601362036267048,77.57358569286103,199.32640055438338,0.2053681748685937,Stable
2026-03-18 00:00:00,32.479671801945116,6.901893477118895,4.263359161070371,26.32668082677577,4.735735655998555,3.316673304053972,15.014832235783679,25.858362306379796,83.22079837823468,178.5849341110251,0.23525187553780008,Stable
2026-03-18 01:00:00,36.6461489288024,7.067952597110874,2.5965361174576516,27.438923228761073,11.65222453343605,8.236671413295792,25.645242585451168,27.8085532724013,79.72429491408101,199.7161126182128,0.1583969970376919,Stable
2026-03-18 02:00:00,36.913170536290906,,3.7938679675227034,20.594422083997795,7.7844744577431655,5.7111127252511515,26.499483905592346,28.11870243033292,79.14124074874702,210.16629135541572,0.2661552421559235,Stable
2026-03-18 03:00:00,40.94296552382266,7.029798704437763,2.8577639900492056,28.487965259441268,11.452145363944279,9.291993383185464,29.634337595663652,29.04268755547262,72.53649374569092,219.45757769686824,0.12344976474389167,Stable
2026-03-18 04:00:00,32.87001706044366,6.950348225920472,3.696589947472418,22.430549355295202,7.5774480280866685,5.40652870032105,30.43332912292455,26.206766427042723,81.0163421044805,207.57967477920147,0.20633731428707594,Stable
2026-03-18 05:00:00,36.8821036699464,6.916803367924387,3.9163859485861305,28.475712137589824,9.363024930746409,6.479423579017263,28.093350315234005,27.072266632558634,78.00558136810561,211.34890999257584,0.2066921466872602,Stable
2026-03-18 06:00:00,38.651476464423354,7.194909331787512,3.4374016330011052,15.802022537068956,7.879768806916321,,21.35724495766865,28.32655045505936,75.57208148964004,211.6892142354881,0.1684848919572141,Stable
2026-03-18 07:00:00,36.99369623740425,6.999744801821008,5.205494291106095,26.67488045114437,9.072238604435839,6.4065863324470325,19.36897208451304,27.58440057296296,76.28931070534989,209.79251627615676,0.2946581088568584,Stable
2026-03-18 08:00:00,32.338254418186565,6.972947834266431,4.470984826831339,22.939466636531975,13.15984805786089,9.468692298479672,26.40282518317338,26.26024710203521,72.9973208284479,219.2894199580096,0.23503713924337413,Stable
2026-03-18 09:00:00,38.99945101310676,6.725902708584486,4.2829339996218225,30.74851891483911,9.284124406813188,6.59468485541835,20.434132003084954,28.18393340259836,82.60433406918864,208.7196067179764,0.18189969432788577,Stable
2026-03-18 10:00:00,38.924587926530435,7.121739361427607,3.97321464427751,24.780096351145247,13.720603247851672,9.807181224414284,30.638116980790667,28.46593806389961,76.04801125107328,211.00514671077724,0.2439957841173671,Stable
2026-03-18 11:00:00,37.16119023608533,7.049257437138265,4.722520613297533,31.246147668600596,8.728374877814327,6.409040708418161,16.329484781916353,27.962021196504576,,214.8611978150264,0.30206818464532076,Warning
2026-03-18 12:00:00,36.613330836250064,7.00993846238025,2.3222730268980882,27.53806382516526,12.483529407613604,9.745189912413377,26.550989755776,28.204635461832154,76.69364491706699,229.0817240719896,0.1667016427085869,Stable
2026-03-18 13:00:00,36.16729143740896,7.155655789696841,4.427712338492932,24.362457704759212,6.248614786974394,4.700328795868435,25.437907386341198,27.715075417320218,76.65273551337549,215.426604063278,0.24882361720256277,Stable
2026-03-18 14:00:00,37.72607070340134,7.309440633566051,2.6565667660003576,28.938346548071475,8.926981889243617,7.045533471441458,23.069549996109767,29.883542287880093,77.66075283288637,217.0966679445829,0.1585982471352841,Stable
2026-03-18 15:00:00,36.39410347807981,7.296438332143331,2.9767456606999527,28.970292322635608,8.427780029349286,6.636215842190827,19.836976765628663,27.11253320957453,80.57470841817161,221.6358069882585,0.14456673234864068,Stable
2026-03-18 16:00:00,,7.2547639802519335,3.8210443330462507,27.35955002245607,12.575411201594283,9.324294743843115,14.722006639006217,27.57198156026441,75.83802956439439,223.4947362095088,0.25281794963971616,Stable
2026-03-18 17:00:00,34.675923453198266,7.032612321981998,4.324915124133042,13.538493126874084,9.870497572072148,7.409754478889758,21.608570912672924,28.372973403903547,76.78111206316882,216.5294899316753,0.2573750515738483,Stable
2026-03-18 18:00:00,35.399973707988934,6.941240465936452,2.5348175262385286,20.08719754617801,5.323833660705009,4.211048702403397,21.68752568444706,29.497156997644115,82.5803960089675,205.443919544931,0.10660524633198477,Stable
2026-03-18 19:00:00,33.2236858118634,6.807703620429717,3.0155913417417017,31.920529232529617,6.879740690552875,4.601744715445224,29.00281496481805,26.727758319167982,81.96553057122716,192.98984609479285,0.19832065934216772,Stable
2026-03-18 20:00:00,35.4782566938422,6.933916177945337,3.4731490543759826,18.72027072282367,7.474675501241199,6.483545609772407,20.477149627739433,27.033992208743292,80.50193284833759,193.12518528676844,0.24239692884891756,Stable
2026-03-18 21:00:00,34.18842861581849,7.105502026638239,3.2602254964782142,29.412305750329033,11.368100588224337,7.978221866591139,26.037467761037064,26.2423402886889,78.78440930408435,195.1024763250677,0.19323055620739346,Stable
2026-03-18 22:00:00,37.238302467763276,6.8798398859373044,4.04052404592639,28.532263283898345,11.110014967312551,7.895853521898347,18.18492088451192,28.807614881185774,77.68674030740655,195.9659735645377,0.12515567287468982,Stable
2026-03-18 23:00:00,36.50828200089772,7.126895998952883,5.97694571198839,21.37123819208985,8.89920113407776,5.903244548825396,26.161116873376145,27.506655733805502,80.37890004199645,199.2603067960014,0.34411295084646115,Warning
2026-03-19 00:00:00,35.21221504736278,6.829672130184678,3.71449053139441,15.023841864416378,8.402980412764855,5.587828246688722,13.930348415168995,28.46685689919654,83.88090655781035,183.52128645751836,0.25543286026050144,Stable
2026-03-19 01:00:00,40.7324141105906,6.634922271078033,2.848602671378263,22.155437010260368,10.932776481700106,8.566616153481357,33.42883280068813,29.801093773899897,79.13598935071256,174.06169880763252,0.20118756679633357,Stable
2026-03-19 02:00:00,35.780695094027216,7.329433713842143,2.427618752020753,35.39007521816506,7.240953815136079,6.1900063421655345,23.365196129409664,28.316116748122166,85.11144230081635,189.45708923798918,0.15113987847647142,Stable
2026-03-19 03:00:00,36.574562420481186,6.967163913297563,3.156059564810796,20.683613538953228,10.415337955900705,7.278256847715882,12.0,29.441416390044203,75.90487612854884,167.30337791666346,0.22231726956717596,Stable
2026-03-19 04:00:00,37.84671369406489,,2.6948125854784073,21.028713277003646,10.245035993740466,7.674581143684347,20.770127359980556,28.88194121939998,73.77392932414567,173.06305525934832,0.189094439920702,Stable
2026-03-19 05:00:00,34.45126812787983,6.793722800436717,3.7506623439815674,20.012087948450866,8.950820813866471,6.642486140230544,20.059519951113604,30.124288532629972,78.69847720935626,182.24595960761468,0.2689262719780097,Stable
2026-03-19 06:00:00,36.3827539819507,7.218450072924512,3.73901622683817,31.073922382747597,10.29535593009143,8.081992887263795,21.048818406601644,29.963822881396542,77.14065316571511,183.5020160412826,0.20121771399703822,Stable
2026-03-19 07:00:00,38.600702912774004,7.48497415921103,3.0526238466062825,23.78542144187447,9.704188706149369,8.268253067169738,22.359113718905206,28.63855731539034,81.94434667482402,185.94987488472043,0.18734402477579748,Stable
2026-03-19 08:00:00,33.866128757055755,6.987139318918279,4.888716260337837,21.870468855254305,10.494838989513081,8.539162874442086,21.018222810034835,29.34097261517998,74.68004992884482,204.83862854382673,0.31714536567842244,Warning
2026-03-19 09:00:00,41.10471850795864,7.039642255094477,2.848414510570079,32.067370085976755,6.831795383039813,4.897534704053251,20.326145653193045,30.86957011409233,80.97100721581033,195.41041607807585,0.13693378655497782,Stable
2026-03-19 10:00:00,41.18435123471468,7.40005691516894,3.3104266990763693,27.897470439677683,10.729003961057403,8.144196144762324,18.785926716005203,30.16207810199641,78.28394445404982,198.19927356206037,0.14637860627919158,Stable
2026-03-19 11:00:00,35.34691142088925,6.593075202779672,3.879371999417363,20.403548791448703,11.553202659004544,8.832922315706115,27.698052407698892,28.08582209653675,76.69705360095635,178.1188129083497,0.2376231540756245,Stable
2026-03-19 12:00:00,39.20387598971386,7.650723220015546,4.069041170327371,18.8820804446911,10.14190284112889,7.3923824264115465,29.40511026856311,30.620250454861235,77.42927304077438,183.4128022511578,0.2693733906878104,Stable
2026-03-19 13:00:00,38.840642790047575,7.784348084651383,4.358182391157399,30.790849824399867,10.702431701983,7.167670153430966,22.854417795436703,28.602468620345523,78.19398943103286,169.02312833671238,0.27303343621503073,Stable
2026-03-19 14:00:00,38.73507074267,6.342225491762377,3.721372359244929,25.08394081870858,9.280161365180476,6.366815325420404,23.92063507485476,31.66864911875704,81.41758271209946,146.71881259151797,0.2566450817089816,Stable
2026-03-19 15:00:00,41.006853999437226,7.072699095903308,4.188184525590998,17.254679900719438,11.282665132526086,8.948827750224147,18.931511129133398,31.27130295838486,80.55669854553057,164.39037651289064,0.2434388790751134,Stable
2026-03-19 16:00:00,37.11579872304508,6.898694831076522,2.9011688709790455,16.084421565532256,9.630494255959709,7.693050102491627,24.319593142513913,30.458096313306427,78.45152376268051,178.0100677841279,0.17762554110013948,Stable
2026-03-19 17:00:00,37.41063632990796,7.025863904146674,4.088561470262786,19.41980642400121,7.2041174350907795,5.176762045656608,25.034836929692187,30.365840916574314,78.7562681809228,188.46145476724394,0.22048127253250063,Stable
2026-03-19 18:00:00,36.39363616929206,6.982852180507541,4.0785468626173,18.80257705948485,11.14043230976652,8.292470433193982,23.012706256287792,29.99230909794201,80.69590292546688,199.90834272775592,0.250174400084129,Stable
2026-03-19 19:00:00,39.80769623128102,7.32729254757422,4.534665006065151,14.769615145492818,6.231707504984455,4.959501365384099,25.78233739996252,31.122401832891416,79.07420887817682,193.7132750367328,0.2110585009710586,Stable
2026-03-19 20:00:00,40.24322239594133,7.068480426048962,2.148673005828593,19.50246506675752,10.065559488576767,6.404365342282096,25.38918951922961,29.92728429081023,82.41088761921107,198.48705664558827,0.18136392560741954,Stable
2026-03-19 21:00:00,38.34972181665187,6.844945980024011,2.7196126632991993,20.40459719178073,8.73155429990604,6.15968036215936,19.256372749092392,30.717947680886198,82.62878411239079,196.75015543877075,0.28432979633239186,Stable
2026-03-19 22:00:00,37.00111455525677,7.051788154837364,4.0173557270254765,22.68659355807715,8.603748500590576,7.235605588435997,29.368713811780307,31.54361287508158,83.1197484779816,193.12815104512242,0.18212737809149077,Stable
2026-03-19 23:00:00,35.71870161460452,7.244139586349474,1.4114766400889522,33.46455022563856,9.84397749985241,7.348154388203331,23.065591830766913,29.884115259178152,79.8694996400803,187.00092876744762,0.15369010814422535,Stable
2026-03-20 00:00:00,38.66798774623181,6.768558028225721,3.7690046303412625,23.665783639508632,8.081423618364012,5.397527196861991,31.540072208626434,29.878788903490726,74.63735128129144,176.58806795198947,0.2364881119083608,Stable
2026-03-20 01:00:00,40.932079364739124,6.639054567088405,4.1948533186985255,24.162125811278926,10.524412028255664,7.750708775592008,25.891892652386517,29.24384653795058,74.87778589405548,178.72382355415962,0.2652538493861834,Stable
2026-03-20 02:00:00,38.24494314176016,7.657967984233889,2.96771856433717,27.546276818994713,9.613593265244004,7.558004731817219,32.86919908667325,29.457493143131362,79.15362728648864,166.47591115128878,0.13957208719501862,Stable
2026-03-20 03:00:00,,6.920120529681638,3.077357499916066,23.8134096446672,8.265412097175604,4.876102902905342,29.28871126187901,28.597454668663012,78.04547040644707,167.66892158959877,0.200097798914537,Stable
2026-03-20 04:00:00,41.25523661493888,7.061541163662533,2.594396989570072,27.00076481943354,12.176359140092638,9.006800740445916,25.02235332663388,31.722868681238314,75.03544116406263,188.7548876867562,0.1469822350548205,Stable
2026-03-20 05:00:00,40.59317943467971,6.988617286368839,3.0088396602014473,26.403074384758668,9.909565220598996,7.031006963556365,20.746019100211694,33.0721767058532,79.62245523146582,194.94505633928682,0.11931642587330382,Stable
2026-03-20 06:00:00,39.90855258121985,7.253464557142999,3.0305736235286815,25.612942827996218,10.761601866848963,6.884090207144293,20.842946363537273,32.66512301594826,76.81346242057944,186.57284032733583,0.20692358863020774,Stable
2026-03-20 07:00:00,35.13858584313103,7.596381178465492,2.8878690441508588,38.83233042209479,12.333177458988843,9.058792830755602,26.398654282421347,29.05550405452156,72.61927103020031,193.1893683022439,0.16169938827444758,Stable
2026-03-20 08:00:00,42.74441858939696,7.262381475684199,2.8467413666616275,29.55562922022176,12.300357071588746,8.886929105147116,24.64406737705913,31.92752090090425,77.91378971125766,188.92271328047133,0.1264262929430945,Stable
2026-03-20 09:00:00,35.73549455142901,6.674857758688802,3.196746411333705,19.591390076466347,10.659570907712377,7.767363216298338,21.349381938040114,32.81391038642033,78.62768603017194,176.1650148479391,0.17944070126700104,Stable
2026-03-20 10:00:00,40.20339955550118,6.7124454404376115,3.187671763257909,26.85111093094582,8.894683597980391,6.3227472850564395,27.748769764245186,30.607681154942643,78.4828265445707,175.29645373588997,0.1624441616270207,Stable
2026-03-20 11:00:00,38.397339069357365,6.988289862908463,4.805598924895793,21.041315966701397,6.640592424925577,4.474606717601743,24.174470986602145,31.32482894495244,83.13757303533612,174.03794620644797,0.22379326097288688,Stable
2026-03-20 12:00:00,36.01893233376881,7.024894704130685,3.1043611426622424,27.23125382029927,9.913381400959492,6.443557578304348,27.77554416885327,28.839613796672033,78.32423625678447,187.2760506229758,0.1980830375288048,Stable
2026-03-20 13:00:00,42.9985335051866,6.617853644526951,3.658112662143894,18.12406291445865,11.689168631634772,8.089045585970972,19.610384699842992,31.61390319295097,79.63923434940334,185.30317404407404,0.2528719751061778,Stable
2026-03-20 14:00:00,36.63274791392622,7.329415457648843,2.9673377751427736,19.461102759580104,10.20862963878657,7.934747899256277,28.49762250603676,30.06101009832632,78.1693900751072,202.8143573449893,0.17248814346371777,Stable
2026-03-20 15:00:00,38.2588822391582,6.795830243793185,2.957803168118907,26.719537812450636,4.0,2.971275464619884,26.25448006206276,31.61902054721502,87.3098191664517,194.33933102244134,0.17033204751846892,Stable
2026-03-20 16:00:00,37.28610556525109,7.518124437395211,2.121722096700533,29.988345567990127,11.240124309652934,8.16252732084257,29.389063490078566,29.546894043090155,72.07574373690903,189.1579908889348,0.16757563216195398,Stable
2026-03-20 17:00:00,40.939031373295336,7.609777127217601,2.22147531414168,27.513221743765065,11.362998309551484,7.645170161360219,28.398437253223523,32.11133660167086,77.78504924847809,182.26201011787091,0.18119003810988207,Stable
2026-03-20 18:00:00,39.8438579941875,7.03048901086299,2.49475129026025,29.27058667267609,8.897555612547373,6.312234507140808,23.61770969681439,32.72756955877324,78.10778989575053,180.88774699901094,0.11227591580614606,Stable
2026-03-20 19:00:00,35.44753536888321,7.222912339317092,3.537772626070053,26.86909279381923,11.476723350507045,8.843316480835197,23.25581456710508,30.595253229954977,74.37564917863419,199.17158841815782,0.21427819913292195,Stable
2026-03-20 20:00:00,36.47493648147062,6.755054777816423,4.207130241463439,25.86248049516166,10.755930828786752,8.150447562817705,32.02363946665924,30.206332843234154,80.14032061972607,191.31575329984116,0.19987098165761452,Stable
2026-03-20 21:00:00,39.580296500452235,7.274629371414152,2.0600016048283614,22.481533628707815,8.128986415435941,5.720807211126829,22.692441887781186,29.017628787523194,82.09373216425486,190.29984833711367,0.2055468602700077,Stable
2026-03-20 22:00:00,39.467565755276794,6.960506121438376,2.988192398988387,29.065009043583984,12.04260223243537,7.061455373829923,27.367951644770297,31.318012177005773,70.94120604483345,201.867117102804,0.12404505672279376,Stable
2026-03-20 23:00:00,39.87344799038435,6.79557410995526,2.3748319679872387,30.124396164133206,6.965046153787773,4.825964723268339,22.283758535146163,30.971273422976708,82.8236929345034,198.77802439153808,0.11560267132512016,Stable
2026-03-21 00:00:00,37.315214580545735,7.018986203289164,3.2017921793998374,24.684421543351124,9.38551065792213,6.602254380607618,15.62152613938058,29.83805699489181,80.09985945809271,200.32616390800416,0.1835222039848104,Stable
2026-03-21 01:00:00,38.95260905236378,6.969590557646498,4.206827120280363,24.41536979110671,9.18599537445583,6.2474797212194115,18.47697405987321,32.27160444471032,77.00632585890003,192.74870724244502,0.23970906935686104,Stable
2026-03-21 02:00:00,42.57045702298901,7.008955367158949,3.0648381987940185,32.957029058611184,7.849123695622438,5.551491567159923,25.826643981878927,31.215318123238188,78.06261643696965,199.5206631665603,0.15596494964183957,Stable
2026-03-21 03:00:00,38.11390726848308,7.36591037278858,3.3643622708502274,24.897891100918887,10.10758773529793,7.832473410122596,27.15509264822297,30.490290982585243,73.91597420320605,203.54384057403323,0.1648868876667535,Stable
2026-03-21 04:00:00,38.25342227353871,6.880113874061994,4.491421297294235,25.378429351829844,12.120737799146116,8.82327526438484,25.841460341490723,31.140162032592965,75.03543245776147,213.64938828735808,0.262949453735556,Stable
2026-03-21 05:00:00,43.30654986770048,7.585806439936685,3.743425697880932,27.421129538764475,11.995483743722776,9.409656689880498,29.15677275627076,33.11426513498981,75.56079741051082,198.1716452995792,0.22376424949618287,Stable
2026-03-21 06:00:00,39.12912322402903,6.728983302808901,2.8299311081373983,24.510968720229233,10.947328429483832,7.083354299674781,25.76067069855358,32.5738439417638,79.04516352141245,196.69279632182108,0.21994536007976867,Stable
2026-03-21 07:00:00,38.52501631451592,7.5523204764900065,3.519186464376794,20.898298386284523,6.108154986239409,4.356467319885173,20.51144382149662,31.714471002063913,82.56529592501198,173.0782167671756,0.22317316938183576,Stable
2026-03-21 08:00:00,40.6526610977199,6.815377025866125,2.779338241448282,26.88982787761761,6.828095398245761,4.256319103350741,26.674359816631938,32.6321677296861,78.52213431349341,166.56382954514427,0.1494750044944203,Stable
2026-03-21 09:00:00,38.51397821187032,7.099716294889747,3.715361509552,24.806224949888392,9.832338239517536,6.946922914117444,24.763235824184832,30.51343800369396,78.76484757284457,170.5760113320269,0.1637841376618475,Stable
2026-03-21 10:00:00,40.48043590043933,6.962745088226154,3.7865051155545695,34.21124878237248,9.431529917832918,6.342598613478553,21.409988977727075,31.9612132046329,77.9333565336573,182.3054738875287,0.13553549155253675,Stable
2026-03-21 11:00:00,44.29687218734467,7.0037559719694,2.3746302246261606,28.94224275146188,8.50384034500337,6.807059776390659,26.126336856600876,32.11353400855369,77.15909412083552,180.88660494834284,0.1722098988329533,Stable
2026-03-21 12:00:00,40.05835515794304,7.324380026179553,3.5313620630393303,22.022588567784993,13.310646394909664,10.016716108128318,24.357165747078508,31.385858665238295,70.71558549565938,196.3635026703861,0.240957948703206,Stable
2026-03-21 13:00:00,35.72755312473696,7.519951503224067,3.31182005650306,28.64530109595188,9.711720306342283,7.631621535720283,21.277497521006936,32.48366105023856,79.85028803122148,202.01698616993036,0.1536156113187302,Stable
2026-03-21 14:00:00,39.68716727575954,7.4333469173875795,3.8085080478790836,26.5393291736549,10.584825482381637,7.476971153042123,23.19960401896659,31.03456938889642,78.53116739131704,204.01661492318962,0.22578442555774625,Stable
2026-03-21 15:00:00,40.66713981904644,6.986640226944282,4.02351028826435,31.547131509727564,11.475787761896893,7.733711300913554,30.361052109939635,32.59137983006724,77.91613480880537,205.64922281407695,0.2035944934217433,Stable
2026-03-21 16:00:00,40.73575544008124,7.151591462273275,3.758087203093454,22.377728935854805,9.609916899344919,6.459440521965052,30.213995172313414,32.648855391378326,76.56947201692567,209.18262901347128,0.24662961942816852,Stable
2026-03-21 17:00:00,36.983479867733685,6.881018195372858,3.1726049849651856,25.943380741797622,14.682124335824739,10.932297453965989,24.846648626717435,28.49158524894134,73.74557531942968,220.68256912320547,0.2119174963428218,Stable
2026-03-21 18:00:00,41.367260325060954,6.822365912479085,4.099997515648,24.50453175453754,7.619255395128593,6.320620988631673,24.257702210492784,33.424616900410555,76.94233423720328,213.61181391692696,0.15866623915689634,Stable
2026-03-21 19:00:00,36.23645924536537,6.779035746395972,2.7452029177673114,25.292397115291497,8.287856820211756,6.238112575284693,17.551293057312716,28.34168343147615,77.24568615015855,191.80447325336877,0.21202487965471006,Stable
2026-03-21 20:00:00,40.48678328755517,6.9774794740444435,,20.574005254980253,7.614348563434986,5.401525784645791,31.737143010148277,31.2606948680136,80.46998193593585,180.4340080193481,0.19103226317646613,Stable
2026-03-21 21:00:00,40.14583933999399,7.1698895766841835,1.0035349865793997,27.879558339565882,12.625316572854608,9.085400048870277,28.66353849315585,33.23000093438299,76.03056600295083,194.82325188231147,0.14502187803919792,Stable
2026-03-21 22:00:00,37.72161466185551,6.564691755269578,3.3473942861971335,27.089821379247486,11.104171748437293,8.086929342083698,27.38378206816947,31.61698733313386,72.8237835117143,178.57306001073735,0.17585157070000199,Stable
2026-03-21 23:00:00,44.2825383042065,7.087020963277385,2.7838401703799236,31.426118084608976,8.411696174562815,7.07815078831698,13.763711773092123,30.234975398961716,76.94444203968058,157.18466490933275,0.15306642755332212,Stable
2026-03-22 00:00:00,37.24538644270449,7.524487034873866,3.698315857056513,24.949870740066096,7.772247250090439,6.20107558565842,24.18415192795108,30.67710133026696,79.31427065970146,157.417690719363,0.19956731892249996,Stable
2026-03-22 01:00:00,41.41586722927575,7.414135099340755,1.9215794544667242,22.940802458759325,12.269781001205207,9.1323703336417,23.427920812564103,33.215581404355596,78.12651583107053,179.99440265891732,0.15003689719672247,Stable
2026-03-22 02:00:00,,6.936148458572533,2.914616086825375,28.946471889720186,10.223375430677718,7.524764775094321,27.072669472352693,29.669721118845125,75.74386768715674,186.66192593592845,0.13733699421816142,Stable
2026-03-22 03:00:00,41.55401039759434,6.708875585400819,3.7527024293983637,21.02897809200158,12.320835937232676,9.19706585472994,21.97036133904392,33.321073567491496,76.03060226975502,182.27063134306007,0.1920332048185064,Stable
2026-03-22 04:00:00,38.02299669973785,7.228752485810151,2.6276228902382646,30.424922675419793,9.379701298436887,7.102170645391739,22.957304025959164,31.889447801116525,,187.30793971032756,0.20417267234791922,Stable
2026-03-22 05:00:00,37.62756766893076,6.4511200899419,3.7069425614596465,30.414209987068514,10.523070644867198,7.442695452031836,26.787358225296163,30.51251355463078,76.85269979082412,168.38006991583407,0.20727571783458656,Stable
2026-03-22 06:00:00,41.32013199459817,7.410843152447149,2.9822330536989696,31.286394505672042,10.100455310488005,6.904425383898663,20.518897348100946,31.230002663055924,78.56959478491059,181.63653873573142,0.2365855014452828,Stable
2026-03-22 07:00:00,39.63798268733409,7.040195511792692,3.3753937676650017,26.883114923397468,8.251777331251862,6.492268297893663,21.41680792465806,30.69396355057794,76.38593065733878,182.56343958443225,0.20006146620165638,Stable
2026-03-22 08:00:00,42.074357748407316,7.612764089761672,3.8463685048126415,22.56751808701117,9.211711682381981,6.735686949819979,24.869969878924326,32.93753869925768,77.14882032121315,176.91135000080362,0.25468925601314996,Stable
2026-03-22 09:00:00,37.21655644809352,6.616449664038589,4.114597767336485,25.545938631526813,7.131393311403311,5.578033480394096,30.023185665073083,32.75896612487725,,166.32826976246784,0.20221278301271456,Stable
2026-03-22 10:00:00,41.47138796215208,7.357080943058193,3.4693693084904553,26.900344475396032,10.488213647454486,8.605985518655428,27.63811381750506,29.79759762249405,81.27369860753953,183.7784056321265,0.18810442274642225,Stable
2026-03-22 11:00:00,36.971615751013374,7.071857525692024,2.789492278840941,22.19929177406062,11.02249749269372,8.362039272736366,28.83931831019624,31.35537837289712,79.08480437049855,201.417673449167,0.18245288496914164,Stable
2026-03-22 12:00:00,41.83865157659535,7.007305851187817,3.0564708532152625,31.665581444626078,11.480322400210639,8.607029219940102,24.284925627968807,30.78152994800762,79.27065807467348,216.7068144395033,0.13347394490253922,Stable
2026-03-22 13:00:00,43.3888887790507,6.716443829740599,3.8777165223152186,27.900420837842717,10.833089786342011,9.814924119062535,30.727851107023387,33.34580104708773,72.60213307355858,204.59554167586856,0.20120912134936283,Stable
2026-03-22 14:00:00,39.30295152496989,7.2668094138792805,2.634059812388045,20.538885223389975,9.24357972699395,6.853061589052169,16.16467908974411,30.14828604140053,76.38468055977214,199.58445742678686,0.19770774358309848,Stable
2026-03-22 15:00:00,39.95691326386611,7.28931846773752,3.2664500525198457,34.41436838232889,12.60394129015397,8.444891805098086,33.10007648280607,33.666882825682876,74.61830478565075,207.35695620895,0.1762109730999414,Stable
2026-03-22 16:00:00,39.977031719170824,7.599835784550449,3.1105869262288937,25.486946375850884,11.28461697545909,8.063226845495885,33.682915388310164,31.673852029531776,82.75448784057602,186.7609316559668,0.13782540129261675,Stable
2026-03-22 17:00:00,37.34824262253134,7.382254073600966,3.3224786625107763,19.529484785750068,12.277092603314209,10.010037329767954,26.054773572916005,30.29008544382106,74.94019746041968,198.6043063159791,0.21274783131342376,Stable
2026-03-22 18:00:00,38.898969777389354,6.933709307892394,2.643038103062967,20.84872938626363,12.4025734089407,,27.745181868459806,30.840890634378766,77.45968734011724,193.53901119873362,0.2023487638435337,Stable
2026-03-22 19:00:00,38.159766483872204,6.818918476587095,2.0110417358409163,32.43891798582672,9.248800689386218,,23.829000611976248,30.659511002043324,79.6971293812509,196.4767191160281,0.13308302405898942,Stable
2026-03-22 20:00:00,33.98115503473355,6.716822398613731,3.7905569619697324,34.12492458108411,10.275758913786474,8.126619638327707,23.056942366169984,30.058376047878365,78.61454973804155,196.93642907474933,0.1697860729652485,Stable
2026-03-22 21:00:00,41.91038368411671,7.512502816779051,4.123098567616486,30.04742526740459,11.049130366994955,7.900800713984178,21.251083310860484,31.666815382147533,76.89204307416202,198.5077514052198,0.2405046160209664,Stable
2026-03-22 22:00:00,37.88106603769448,6.882111200402197,2.0558687818763826,31.596543242935677,7.20171642493115,5.213585250983095,23.779445926810094,30.0432803507932,77.79820149950355,188.0156974558752,0.08,Stable
2026-03-22 23:00:00,35.893156204184244,7.514464363311966,3.6766946206946622,31.083077293993057,7.246053655242401,5.717393605897948,26.501700640225668,28.86275700318872,74.0010365610438,189.17396008615825,0.19750228726359087,Stable
2026-03-23 00:00:00,37.864020382470116,7.2470201714413784,4.212387186133882,27.78458076382033,6.901376708009845,4.765917083746531,25.8894773122354,30.984674848129654,84.30322949707947,189.85319057096925,0.2891788926932779,Stable
2026-03-23 01:00:00,37.95355273689976,7.192372806846309,3.846933285071742,26.64520893905463,9.283799822960221,6.0272922558917905,32.93971382261057,29.236633584166224,77.17495571139594,196.22844651284504,0.12343583839983806,Stable
2026-03-23 02:00:00,36.66842587527663,7.014076872483116,3.08749736599295,27.69931597238304,8.833365881576803,5.773587506388087,24.451235456111483,30.45593855186558,74.49885113099555,198.05851348327133,0.1980616438412926,Stable
2026-03-23 03:00:00,33.71443605697745,7.28498841564063,2.6923777226869317,28.680077215716473,6.628658743409523,5.051024203951304,17.30027147394736,30.224787173925534,82.4662438090978,193.0632093869463,0.18234434550627204,Stable
2026-03-23 04:00:00,,7.095668186405695,3.4607335595124917,21.29200996736801,9.798716455397356,7.292716917596845,31.399397795505372,30.226151562318158,79.24825706727523,192.53224580675834,0.15508478939559284,Stable
2026-03-23 05:00:00,42.66560700458715,6.996620278388733,3.5858387941351606,28.65979364656055,9.308762166566815,6.440814848978261,18.50570574783104,33.62740100867351,80.61096861213659,199.6349061993855,0.2123196977435657,Stable
2026-03-23 06:00:00,38.84805762834141,7.294881340261496,3.471855633366924,32.293084236485086,11.864480340153985,7.9049053261253315,21.48274083522559,31.24732127769667,78.92480891434194,192.9698731608839,0.21363036761384838,Stable
2026-03-23 07:00:00,37.13041045403394,7.059687809418083,3.2648990274118255,23.968137858354844,13.525958158264917,9.672662613210088,25.222844136079065,31.42621620441396,72.17657591853605,214.99896904909812,0.14820905039123797,Stable
2026-03-23 08:00:00,37.1288833833974,6.876466261953128,2.588011206907932,23.433761073391015,10.412900680828466,8.240857595563266,25.87728787018451,28.95101230161883,75.39964505250067,207.06075708700726,0.15496947221016855,Stable
2026-03-23 09:00:00,35.31857923461324,7.267951497128982,,27.38273154619333,8.10673895726753,5.545252750593277,17.495527564812516,30.247643971240414,79.09650287173879,211.40376822528899,0.20722457319866722,Stable
2026-03-23 10:00:00,37.18481628146758,7.082084016424002,3.753140870810143,21.75171224795932,10.793448754694138,7.485822059194243,20.64087493631871,31.2392774748429,79.26065170544376,201.63932153236735,0.2559636907263828,Stable
2026-03-23 11:00:00,36.19741870688964,7.236894803292185,3.5506165940962537,18.41590691686247,9.518605846640947,6.325316462715644,17.336478924273592,29.698814579897963,73.22479666882808,200.77443873096973,0.19380887506297992,Stable
2026-03-23 12:00:00,41.65197376083991,6.972919239660827,3.483245233803443,30.73859520052589,9.019749492437004,6.402148657379336,26.79770878495152,31.964095619056796,79.30076634779114,203.69770116968115,0.1811769802873431,Stable
2026-03-23 13:00:00,36.65098525999765,6.761446034689332,4.659437115809579,22.745243699882835,7.776797757640376,5.821666819607525,29.325209481162986,29.37620716087148,82.55350680356129,194.21684859637875,0.2518559994235099,Stable
2026-03-23 14:00:00,37.523961951068905,7.585820709503997,2.931715911569953,25.092242893601046,8.571559921555986,7.254405197296075,18.50172880089069,30.419694774621824,81.65558119598936,180.31884005711035,0.1803275610892881,Stable
2026-03-23 15:00:00,41.9122331170948,7.5330511950138,4.361076323092492,21.949374794959674,9.144417977452346,6.7849568084945195,28.480469788715393,30.002848086272312,80.62698598464098,177.65962156642237,0.29928785678705394,Stable
2026-03-23 16:00:00,39.54989755606816,7.347459789153349,2.849481648083622,31.383774074564997,11.108192784330898,8.076186061791683,28.188504349460985,30.84497256169073,79.54930851628296,184.5306924315495,0.16000934328899463,Stable
2026-03-23 17:00:00,38.49778550310293,6.991413008095203,4.231712929717321,29.265880791420074,10.522051160815732,8.180489818814877,21.034181445398236,29.819796482153283,70.60999207289503,181.11454705409568,0.215390062803814,Stable
2026-03-23 18:00:00,37.46344420763321,7.015910967514899,4.3250256625604075,23.7963022942315,13.151152285856991,10.103923189700186,15.07839433859478,30.202845698050762,78.88251943807369,195.09804876529245,0.24785462275596104,Stable
2026-03-23 19:00:00,36.99030668902776,7.48705168485101,3.180211597448588,19.10051317618624,10.848676147692943,7.574856557410629,19.17934791362372,30.18305002430132,77.97733623624049,201.48034069250573,0.16885667362871298,Stable
2026-03-23 20:00:00,33.14978885848122,7.000927589481124,4.645722290545625,23.265350975708998,10.348589849124721,8.864739742799605,21.321340858910435,29.522601738515522,80.9880383300703,199.0768914874293,0.23369825396436728,Stable
2026-03-23 21:00:00,40.85991302711133,6.922884309822757,,27.850763499748567,8.887539269054852,6.475984726353738,30.93751881064137,30.92243196326422,76.1758745386617,203.15456789354076,0.249103153278918,Stable
2026-03-23 22:00:00,39.4584672473631,7.624225709178207,2.742045669144574,25.943178520398828,7.425074036306579,5.516834780473663,23.467638412427007,30.561847835850344,76.19035885222179,189.67267987250156,0.23492636351880333,Stable
2026-03-23 23:00:00,37.74560484545221,7.086650249148115,3.119382554208093,25.545490222259936,8.360213116293712,6.356472117903784,19.46927410804363,30.10393683187904,84.1057310962204,186.51758406782585,0.11346696701908633,Stable
2026-03-24 00:00:00,37.352810669152326,7.595159091983876,4.249571729579989,26.05849379734906,8.100322674476146,6.067327830369334,24.66531849728373,29.627264072824836,77.58337273897507,187.64798132460228,0.2658383596991844,Stable
2026-03-24 01:00:00,40.504564360962746,6.708450265006799,4.092298526407487,28.793981157490798,4.378186364136388,3.5633921858759323,18.17093548110488,31.032275836440636,82.8446913742809,174.8830046071198,0.25680504221199096,Stable
2026-03-24 02:00:00,34.6156990773879,7.24509176717966,2.606469698965532,24.790703979674777,7.482736434851657,5.2196203585878225,26.31453022592857,29.725119223547612,81.83590016630457,170.42578952891446,0.1318305602519948,Stable
2026-03-24 03:00:00,36.39112685296364,7.679903127780652,3.2955570158571272,27.250067252297512,12.704419522731946,9.821609172079048,19.600511733277063,29.570889516071247,77.22779712798935,172.18529851928895,0.17443226035983453,Stable
2026-03-24 04:00:00,35.721883649602304,7.108330208504481,3.5526422370823836,20.06540396127451,10.237200425917987,7.565815919675458,20.253643169142407,29.994489375387367,80.45884031124272,179.83376061429084,0.19034864774900115,Stable
2026-03-24 05:00:00,,7.026078742165017,3.019296558193293,37.769253884876626,8.746952289309807,,25.689714217943514,31.833850331615913,79.8115131291672,186.10415470782323,0.201617268301567,Stable
2026-03-24 06:00:00,37.86908580678441,6.773029463072442,5.168349792531039,23.580703403418728,10.296959644280042,7.395027232690739,31.87605157260999,28.117774743077806,75.06726729807237,188.55708720302766,0.35823835561703926,Warning
2026-03-24 07:00:00,34.17209323020535,7.403056055241869,3.575247807553994,26.017965039419888,5.593190948541251,3.975232692530511,33.890044021061534,30.577478512476077,84.1733906327193,172.54417878067773,0.17279855483763487,Stable
2026-03-24 08:00:00,32.280983308313594,6.884364136860607,3.3536408568227127,27.832327623931054,10.064195432924848,7.752087851714642,19.32060522399206,27.308506561593543,79.74219470807549,180.26934285870666,0.13476102590342376,Stable
2026-03-24 09:00:00,37.50224551038824,7.073453603370803,4.293138283193567,22.946047437997297,12.054984526294966,9.037496878805895,21.315271529781064,29.766936857103214,71.4074282457395,190.8624095375072,0.2758164920627877,Stable
2026-03-24 10:00:00,38.37658250452908,6.754339361658069,3.1260898488708735,25.039123971247314,9.25776810582124,6.340495523629548,26.319895282668114,31.321462928673935,82.28894399831213,188.50742910803558,0.20307762446888467,Stable
2026-03-24 11:00:00,35.293435351576306,7.535930488027281,4.155570707962992,24.978376373283876,5.956020947502863,4.788692514757621,29.259552067389173,29.94219976773008,75.82629002109641,182.0951258742651,0.2860077811443461,Stable
2026-03-24 12:00:00,41.37380803709103,7.423367887003191,2.1492007033127614,20.429809537133114,8.672118930446606,6.680029282249445,14.261623396855246,29.484283561790054,81.91392016103802,185.13777311193135,0.1487530119514277,Stable
2026-03-24 13:00:00,37.15513438715394,7.091156270220323,3.059759465315825,27.192947127698194,12.05852398996624,8.753508897056458,24.393015685078346,28.530054559188784,74.35620108988921,190.72337997162995,0.19319105206219012,Stable
2026-03-24 14:00:00,38.11189098616023,6.77683829803566,4.186802813782935,16.753890808706345,10.017259313795337,7.054627713495746,21.807856605462472,29.16225834043405,79.7465143894135,195.46819882690414,0.225479492647744,Stable
2026-03-24 15:00:00,35.36027451712965,7.530053973787937,4.577648290442253,33.763542212083074,6.663379810412867,4.997716097263017,15.3419046043636,28.74430441559408,82.61210570283514,174.56138627569334,0.26103172326149193,Stable
2026-03-24 16:00:00,37.46932774812073,6.997539116426799,2.820028215245505,28.964854424891964,14.23525835836774,10.90885838093326,17.982744990034334,28.02477945376473,73.67193526936792,199.759034695861,0.1596505559510901,Stable
2026-03-24 17:00:00,35.77982356548597,6.790542644571095,2.7326337728360137,28.19561178826688,6.992382967509734,4.491388479493006,21.445014931615738,28.54068908744999,82.13533363094106,186.25840351833347,0.2335050271368303,Stable
2026-03-24 18:00:00,36.47993969898556,6.6066069565076875,3.825584822777844,16.31678943783379,9.01415083677357,6.766584558461254,24.26466758992105,29.046626046400558,78.76972752469138,177.9741389610882,0.24994701937814506,Stable
2026-03-24 19:00:00,37.02940500076743,6.919129763069742,2.9327245788117153,21.0373566335349,7.425227998695593,5.686911648635062,28.53646287118865,27.80740108111691,82.35964906772972,192.04508944585382,0.17226586329565774,Stable
2026-03-24 20:00:00,32.42150909618043,,3.1985665616834544,31.94672560402527,7.427995970172798,4.461368228593184,25.594566517869293,27.679504226301027,86.03518343511566,176.38620254869602,0.17324002947569975,Stable
2026-03-24 21:00:00,38.127298799270505,6.925610165773609,4.057303768552869,45.0,8.595697768529687,6.367610656680374,28.263927467254437,26.93324307956854,76.05120475488312,177.17053920846863,0.16877257829528325,Stable
2026-03-24 22:00:00,37.317212557121884,7.30843444543536,2.991923363789491,30.973462325285155,10.772300319692155,8.275318834403356,24.120259511312682,28.95243412767413,69.25733386046241,191.83038016065703,0.11642616123524409,Stable
2026-03-24 23:00:00,39.617429707917395,6.994887954086934,1.9259306863482357,30.184717051254754,12.081062890439203,9.205145419568343,20.82774323878351,29.055541290356544,74.87975144219601,192.17885267405103,0.2247090910740101,Stable
2026-03-25 00:00:00,34.44548048348623,7.1995941469918385,2.424186673295589,27.624871140570942,8.72766365593508,6.756386932630811,23.173125207582416,28.596319996723867,78.06227159427985,196.2364667481114,0.2208732715152777,Stable
2026-03-25 01:00:00,35.546985245622686,6.897466295330974,3.4074666892902106,20.76251402144915,7.479712891630151,5.3254346875247665,27.12982806361145,29.393315493679072,79.5763666698749,199.1813689147067,0.19988565335359004,Stable
2026-03-25 02:00:00,33.93316907245029,7.118247338581984,2.0024326386453364,29.97587041600165,10.457278633319616,7.035710878624242,28.646529761970523,28.256969515649914,75.22662398186135,208.39466296485648,0.18089666646465621,Stable
2026-03-25 03:00:00,37.03861304736757,7.637852230184086,3.1771296870270094,19.493963314515355,10.515927157858375,6.6356979089778765,23.33456392000269,28.53801770203789,79.6651582651456,178.0672579570166,0.27122349988726757,Stable
2026-03-25 04:00:00,36.47993596356947,7.002423898152468,2.355927612817006,18.94707417430073,9.9807526711069,7.885516001323994,19.818981319276325,28.347969359732975,74.56592368918888,177.08077956144584,0.22504774101172115,Stable
2026-03-25 05:00:00,34.86016126686361,7.207640242533504,,18.63235337280755,10.051479625813466,7.7262567936005775,25.510461717692564,27.788984905325965,79.07545813849067,181.44281094809133,0.2608263091276565,Stable
2026-03-25 06:00:00,33.148910485166475,6.661652376308837,5.023856946074254,29.878613232507966,9.274867107312637,7.3667198635772175,26.150914337289993,27.177048870937035,80.32129693732996,178.12861395653388,0.27248804687355493,Stable
2026-03-25 07:00:00,35.85278658408799,7.5256297142767234,2.6063521732434487,24.71292972536249,9.696301709111763,6.6915848308106405,29.54723588723903,30.385979123549674,79.09486305848976,179.95669603835952,0.11940884002747307,Stable
2026-03-25 08:00:00,35.004431910497416,6.966382143895437,3.5925690100284386,25.504290499521904,9.136697742752858,7.073731925757489,20.94556707168178,27.101399711438727,80.08116044681195,181.27937028373697,0.2316005599752848,Stable
2026-03-25 09:00:00,33.82806822308676,7.39414942197382,2.6796972010023605,24.922980314746578,11.640487454074245,7.535499209194079,20.99491235580441,26.759241782263963,78.73268068524442,174.84344706538323,0.2200253318438301,Stable
2026-03-25 10:00:00,34.622281552509605,7.065509517187506,3.1680132984591163,19.371417294008875,13.956919001411755,9.521101056616665,27.40272088892809,27.993495537226128,74.17699420423048,197.6282393619187,0.23360127592252777,Stable
2026-03-25 11:00:00,38.783336666784564,7.271242222205825,4.752601995966854,21.64634546991298,9.859306303414385,7.265606239556628,22.166548930459008,27.68915769452134,77.27445216227149,194.80652960191858,0.30401187916472,Warning
2026-03-25 12:00:00,33.45066517331111,7.2878834796190795,3.049983589205136,21.897868968732737,9.486855504057278,7.2714510403961485,21.97642117794403,25.615316529696578,79.72907059250488,190.1054038077101,0.19846313150004669,Stable
2026-03-25 13:00:00,39.10241093835298,6.973316704936439,3.185471903322165,17.973642763873197,10.011722731380136,8.233096983905945,29.643629415631096,28.56232507049913,79.48919286264984,187.50125508928167,0.15755782522066525,Stable
2026-03-25 14:00:00,33.949554345349284,7.4057338020133185,2.693103049579227,22.478949523498244,8.184156398033416,5.866374468442139,17.830474771734725,27.016058710714677,82.04004615501346,184.5311355596449,0.1952561938505447,Stable
2026-03-25 15:00:00,34.19947023778189,6.887484238081932,4.259642033248648,19.593467718018807,11.029956742209642,7.5266634128628,33.2529141289898,25.709917670184574,72.68906135806417,184.13845211683176,0.23099742581735172,Stable
2026-03-25 16:00:00,36.272553920268514,7.317821581607712,1.0,27.88837814433496,10.382352818162257,7.055398579254936,21.24314064101478,28.383505952781185,77.15881838012635,183.31425234288866,0.18463693399798622,Stable
2026-03-25 17:00:00,32.22647386574348,6.990742517633371,3.0679020088512843,28.30485531983412,8.659059583914619,5.993528050019104,27.900277812603203,27.621718484779723,76.67751969752531,183.02271699462332,0.1400513624599487,Stable
2026-03-25 18:00:00,36.124115057167664,7.197876225616977,3.365585429398406,18.53180438680055,11.304133638084956,9.632890660463753,23.510401521335815,25.267438444639836,78.09827842844511,199.53779007972355,0.22002753169161499,Stable
2026-03-25 19:00:00,36.56124580741548,6.970641959340806,2.904192002611814,23.516841178759996,9.537979536690775,7.359772521863994,25.221130281924612,28.83155302148031,80.27879339165364,197.91978777123347,0.22408724065939886,Stable
2026-03-25 20:00:00,36.896460885138026,7.113993272917846,4.047659130798375,34.28029940658352,7.55988672305125,5.981301119876386,22.81746075107207,27.403624445872108,79.75408157405604,202.52841394402574,0.21423254089578223,Stable
2026-03-25 21:00:00,33.01102346724084,6.799085763526305,4.301520462977855,20.096185511608535,10.20320889084592,7.314229397583135,27.85459493414838,26.51508091216396,75.973621154258,201.9618717836163,0.26849613763170604,Stable
2026-03-25 22:00:00,36.02027876797817,7.169315955712862,2.3409703653403637,27.133189088975328,9.973985006798653,7.280104638619083,22.437042566911952,28.349967531137697,79.51842383051658,211.08819048256146,0.19780406132492867,Stable
2026-03-25 23:00:00,32.813711733485974,7.112372593788684,4.970114990328104,25.52760967001442,11.42083629222125,8.776450692934741,21.421740876697044,26.547416453332684,76.24605791529635,223.4716661838657,0.33995791503003586,Warning
2026-03-26 00:00:00,36.70930129080258,6.948757004859707,2.332555881734863,30.464437789204535,11.163093900149697,7.838513201814395,32.16003821641496,26.23730432527579,80.40307275515855,217.43428155782576,0.15357411689638098,Stable
2026-03-26 01:00:00,34.016423490982405,7.084592169410716,4.366473011256881,26.47733420678703,9.281547338742476,,24.132222136561612,25.393604796081053,83.15083529663126,212.08350471050522,0.2602371242544415,Stable
2026-03-26 02:00:00,35.53349465190247,7.137521253327014,3.5123707739017704,22.84352261038125,8.555826127172939,5.928257167889886,20.959369975412066,26.799387598540694,81.94595149441429,201.99717701392547,0.2592183475589909,Stable
2026-03-26 03:00:00,37.30492740603084,6.927420025085768,3.022224177164639,25.333820607364427,9.503487500115599,6.703645104764976,17.293710345396455,26.58855911182089,79.07815601500467,192.84495674743195,0.19775241744439573,Stable
2026-03-26 04:00:00,36.26269418446673,7.063947598795692,3.092974802743123,25.40684971976868,10.226617759337312,7.492979669481218,32.39510113966191,25.950011590668687,82.3373194561193,203.3512505552553,0.10545880337233601,Stable
2026-03-26 05:00:00,34.43117309647838,6.818445456549422,3.3748654070047643,24.54152408858588,10.467508755530098,7.168212204829876,21.516335805951368,24.900488024205814,78.13429197091939,198.34763175277257,0.17301435778929034,Stable
2026-03-26 06:00:00,31.077350228519702,7.756805250909082,3.556313396397836,18.404442723379912,10.102824416272236,7.533967571587626,33.27827207325517,25.920804922594627,76.69919085768875,186.84253789700338,0.25793270254881273,Stable
2026-03-26 07:00:00,32.20655575441204,7.396553224858291,2.709884236471356,31.21544303798946,9.318476113056462,6.948340313428367,25.79484458135797,25.597913993445403,76.99317279585335,188.9529693270834,0.1436855859863778,Stable
2026-03-26 08:00:00,29.99090116950016,7.176466349576834,3.224545031741207,30.332167939321625,11.493634040046448,8.27704084255989,24.642983401361032,23.998677441522865,74.74761205382576,210.31047860724226,0.2392332691977183,Stable
2026-03-26 09:00:00,33.20532846929514,7.428191619693474,2.821995382804304,19.779054865650714,8.151396211813447,5.579546812360111,24.76429715547599,23.750261082043536,79.8326794198489,196.54302840382846,0.2509347896319012,Stable
2026-03-26 10:00:00,34.45395273339269,6.545809306528541,2.488712854694595,23.496371839081235,14.458806904309645,10.63839926527458,33.97177922674513,26.112648849892587,74.69891013609603,174.44187654081392,0.16482773615230756,Stable
2026-03-26 11:00:00,27.449666743554147,6.383849673406478,2.787016223156577,23.87457165322892,11.026140760307518,7.742889572034947,14.135016437606122,22.230691610815335,73.4359668909777,150.29656881057562,0.1966327300188697,Stable
2026-03-26 12:00:00,33.14094264297739,6.988198502710026,2.5375190254784203,19.217405997502087,7.245029193659979,5.307437996923347,24.964536837783772,25.518431068999845,79.63265598742086,172.73512034856148,0.1693710447241077,Stable
2026-03-26 13:00:00,29.629507005609035,6.714002039791409,3.0848838154371108,15.666018661188664,9.870458661872831,7.801581020653166,22.80658376611474,24.617731677046592,78.66166887299566,159.55972971091583,0.20065939926132143,Stable
2026-03-26 14:00:00,34.57504312609655,7.033750453154467,3.7243561791013113,21.64703674043832,11.045367036064263,7.301962845607626,23.041079767126217,26.681356102236073,78.56369863683794,180.62325799007658,0.27479517176953483,Stable
2026-03-26 15:00:00,29.129141757758667,7.1575838593665715,3.4905327656334717,23.21798829874404,8.80126178896058,7.47703932945624,24.671903334638568,24.439886765733036,79.13393133083987,186.83241569335286,0.1968337244647901,Stable
2026-03-26 16:00:00,34.8022562497934,7.357716059535371,4.880758582495488,17.793833333179904,6.509711904846586,4.726123767651649,22.80185632726743,25.744601263024176,82.10155842972426,179.849512629791,0.3140656682935083,Warning
2026-03-26 17:00:00,33.15462694273506,6.7812860844029395,1.7421602397100622,25.884888820427395,7.421872116802209,5.586080658563965,24.846588002347374,24.398701690666908,77.48182186572143,177.6206790488554,0.22265651193161648,Stable
2026-03-26 18:00:00,36.749800849124675,7.21189659212482,3.7520057246606413,30.8142815165817,10.584185888691103,7.288257120187833,23.893901420302257,24.933903862430913,75.13634726711507,188.8143759771849,0.22560432401306957,Stable
2026-03-26 19:00:00,35.30041694855645,7.104029114082625,3.404815178893264,29.21058073082634,5.990767054863257,4.749609732687491,18.08898819816908,25.604670369561767,81.85707835192656,191.50333036877154,0.19598155118683927,Stable
2026-03-26 20:00:00,31.243307090396197,7.197302606781263,4.011752756778975,24.366571734206406,6.601310856307956,4.773345459390469,25.716147170148957,24.089135602041203,82.67506693166703,179.81359405620782,0.2321876708683616,Stable
2026-03-26 21:00:00,35.40064251240361,6.954463853788992,3.9373489032328064,15.797941517394015,10.573669493867852,7.4895785093121265,27.222245032648114,25.764502325854636,78.0045887365868,197.857848598359,0.29888802242475904,Stable
2026-03-26 22:00:00,28.506025718352973,7.4872778391613934,3.276256187398617,28.578511703295238,9.054901566306341,6.323460390686673,21.560704721213625,23.301353480243332,76.82303746728853,186.42278566997257,0.20878535107541588,Stable
2026-03-26 23:00:00,30.84825424862863,7.071017578439676,3.5294884636425667,25.731960845322792,8.108439220790405,5.799422811196174,32.405532352008315,24.773199455990802,79.30015579533911,183.80742001136545,0.24315507517771057,Stable
2026-03-27 00:00:00,34.11980249068597,7.596771022581055,2.8419480903111363,27.121755546090103,8.510535705354933,6.408510855516772,30.010072855488424,25.45351742653575,83.2690601518371,182.98915701179413,0.16802087973108704,Stable
2026-03-27 01:00:00,28.749343471949278,6.878691176968977,3.8602599845158405,34.68051400151257,6.558372374311361,4.849946460515241,27.79778534627027,25.065842797445132,82.80227320718004,182.91966880649215,0.16130327333148556,Stable
2026-03-27 02:00:00,34.427465970163844,7.307991655187554,1.990842960907974,20.875941852346735,10.468906860909891,7.619351177625451,27.743193348126063,26.50178754003161,77.12476053069909,191.82019556712646,0.1743063549145644,Stable
2026-03-27 03:00:00,29.17448489546873,7.083292825443052,3.982619828986988,10.625920334389786,7.886912889965109,5.448845878346116,24.135436286744493,23.21501147970557,77.54849520573578,192.17478496021982,0.25713003674414414,Stable
2026-03-27 04:00:00,30.60870874722586,7.008232123333306,3.382619916822917,19.732727110951213,8.42849563083226,5.796238170969469,29.13617447130489,22.406094636919335,77.78807657631755,182.1486245234497,0.21158999949783458,Stable
2026-03-27 05:00:00,28.64320483758671,7.277048295330912,3.0347034716266834,27.430225341339106,10.193570273174355,7.182918808155638,31.068395754279457,22.798677553681237,77.82290563241082,182.8012300326225,0.1792619829849869,Stable
2026-03-27 06:00:00,33.564604354951875,7.0162314258269145,3.225600100414955,25.134629508740204,8.986744929091568,6.787824721460281,27.636108057653768,24.716108080041497,79.70312281740844,194.59027471087262,0.20641391364752826,Stable
2026-03-27 07:00:00,32.49234829547889,6.354649705595948,3.280602824058714,18.92181935200659,8.090693380731327,6.200903955560944,21.433724961844355,24.453693448144108,81.32321523202258,166.80385256057318,0.23464759250450887,Stable
2026-03-27 08:00:00,34.71316625915675,6.242396925511193,4.372977820360376,17.90141308411785,5.5211231505521425,4.272451754115943,23.821433527710298,23.912434425394093,83.4488408104199,139.09823715489347,0.2602469736275944,Stable
2026-03-27 09:00:00,30.390138823229265,7.456278204879533,5.825120247436384,23.226954920913023,10.23485169173563,7.4706159958870595,26.581515148392405,22.37666975502602,76.83955740259266,152.10211041070258,0.3432148251613311,Warning
2026-03-27 10:00:00,31.04263582100429,7.4444723682063145,4.314903118112786,18.769526650590972,9.657985935216804,7.254073703395051,27.769852068207648,24.57992143092722,77.06425181630175,159.8820570528859,0.23131972672214296,Stable
2026-03-27 11:00:00,29.632715507779707,7.6284554649516645,2.9760056605826826,27.603167091272628,8.465225084633254,6.1011857894948305,23.65135253455402,22.126487219434274,84.65224712109091,138.4771372222412,0.2052782237263069,Stable
2026-03-27 12:00:00,30.235860570383927,7.09509209048099,3.872336368213959,22.942865556868654,7.425201789066307,4.7088670272553665,21.449361538018177,24.92433336441739,79.18362990611398,153.49666780523563,0.2911068190805882,Stable
2026-03-27 13:00:00,35.71328256664283,6.73806225544059,3.9049968745431127,21.86441057834144,9.52552495730705,6.840508337585168,31.128931443200244,26.901008057231955,75.24521580444821,161.76583937271644,0.28454130713068554,Stable
2026-03-27 14:00:00,33.031057300136595,6.982516524057719,2.7061294581645847,21.20861798538497,10.460943521051536,7.420543885727834,19.17456128466469,23.851356807506047,73.44226278381737,177.46179103780602,0.1611444833063525,Stable
2026-03-27 15:00:00,36.9903340657425,7.103198864301167,2.4544005270844886,26.31561363290297,9.695517762648608,6.523653498767963,19.764007099651867,24.05194199235687,77.42151001952712,180.3252403972033,0.23680245050466062,Stable
2026-03-27 16:00:00,29.458786241873543,6.8180292972001695,3.3525393033124087,25.21304611880018,12.776131040984305,8.927875031146542,18.027924857243637,22.702458223082353,77.57382851068276,180.2106274099012,0.2075621345262735,Stable
2026-03-27 17:00:00,28.528820729685407,7.561600922432683,4.005780702026076,26.009786349312968,10.909549005210057,8.045029026044821,19.754021311690543,21.06440987703577,,176.3317883804293,0.23075129942399028,Stable
2026-03-27 18:00:00,29.305776651534593,7.727060806300246,2.1911437992989287,25.900647219029057,9.285433820651917,6.19961884737391,29.613051947035515,22.457293700411025,82.40835253420623,160.83640265770455,0.1588627654693418,Stable
2026-03-27 19:00:00,30.238332906108738,7.233918596204449,2.8593265992591954,24.63902231701647,10.976557512193128,7.5837782155805025,29.763747404309413,21.814105503846292,77.00523862496048,177.97654070552423,0.15444076665809098,Stable
2026-03-27 20:00:00,30.098726301867647,7.096958150924505,3.8294887817428047,19.83434708270955,9.597324556782157,7.823111417845593,23.666795094906735,21.33534523290842,81.1765706100847,177.1104101725689,0.2563706168364854,Stable
2026-03-27 21:00:00,32.97916792262468,6.737409246027158,3.431292709952935,21.34809936634369,9.590385509045309,6.1555999878393,26.23341478000551,25.0859176114817,76.51531165963578,172.4160356454731,0.2012364882520547,Stable
2026-03-27 22:00:00,33.46768712377228,,4.462205215449247,23.026625474305316,12.092727594622044,8.705856686476311,23.952729400692377,23.295035290026213,74.05173058557847,177.28166967501534,0.243015161710825,Stable
2026-03-27 23:00:00,30.138975831997648,7.121365907037733,2.341474409442742,35.32597619044161,7.703884243718962,5.129654318873193,18.6361042832117,23.372934839507202,80.52373001460597,175.30005273409978,0.12935807232419838,Stable
2026-03-28 00:00:00,32.46975026392639,7.0190339684450285,5.164123700087091,18.25581839791594,9.546619296109917,6.574374616481624,33.98148153453495,22.49740216814497,79.65976736975232,170.9456937186002,0.26247008108638703,Stable
2026-03-28 01:00:00,31.689923011256862,7.23472874482887,2.246505667322815,22.905117483415548,11.87942000529921,8.54278140579594,30.186329842814896,22.612927303974697,75.67318688828591,174.2525507585401,0.1516651266821818,Stable
2026-03-28 02:00:00,31.907155692124007,6.936000771883028,1.8781272108788045,25.491335300552443,10.117981116349782,6.836551004150969,25.594887323983688,23.9312155319219,78.61318251035217,176.5979277880417,0.208945201798068,Stable
2026-03-28 03:00:00,30.059711327302324,7.141125048474109,3.3558154153770197,23.483336233637537,8.761894029262443,6.672762199121035,20.148495349234786,22.689584608816613,80.70932085436314,187.3977245800894,0.2783797547858965,Stable
2026-03-28 04:00:00,36.174457602842864,6.696109281763214,2.549155803815493,30.36984770718869,6.08768046925166,4.8964022706990304,22.987795302735993,23.321122085380125,78.36105533131492,176.531871759649,0.22744109925037476,Stable
2026-03-28 05:00:00,28.772245947555227,7.404384412990681,3.3709332519663406,23.45751034748567,4.9593061156125815,3.8498711384235267,20.88408501861014,22.406263249039384,82.18835026141457,171.7483064335539,0.2578333002607746,Stable
2026-03-28 06:00:00,30.7852218651907,7.070764908482011,3.344704840784,23.827293004246954,13.652362379521495,10.735585964057206,24.43912008417811,22.18935551125387,73.05093129782912,185.56295668442797,0.18892123906412314,Stable
2026-03-28 07:00:00,27.37097824764603,7.424464240977523,3.2531693409194267,29.073142568081586,10.117023642501623,6.61769224234362,25.39465428569707,20.871416388130296,76.7076709634462,176.97557337358134,0.20146198786425099,Stable
2026-03-28 08:00:00,31.71874616872752,7.043681870204346,2.7681917258524154,34.05355831459188,8.331853721827475,5.970865446054388,22.46493527785337,20.147504671484906,,185.56309442219663,0.17413048365674955,Stable
2026-03-28 09:00:00,31.942999364695304,7.061864081540485,3.724492114434768,32.03749186974164,10.198913778259682,7.707402352153955,17.45514261191849,22.169346707096896,76.53911263278466,197.40948147599,0.18236850649098557,Stable
2026-03-28 10:00:00,29.1580731222385,6.760551120078252,3.1619971639246227,24.316730579454283,7.6046517233932995,5.915776449830522,33.594265435721475,22.514772879920788,75.3826541860771,167.92387644927618,0.23090608000141072,Stable
2026-03-28 11:00:00,29.89391581251494,7.31273195244508,,24.752428941337982,8.837597445207468,7.303694671043402,25.06887036074108,20.868725825652483,78.57110592520672,185.81580619991237,0.3317242356130222,Warning
2026-03-28 12:00:00,30.852567993546078,6.854764812873534,3.26472081060377,25.23359622392102,7.6181192140140706,6.009150934174434,26.054664000874922,22.337176550992968,77.72086570784015,191.58382422139152,0.2083364095937052,Stable
2026-03-28 13:00:00,29.377633896449233,6.963801735504216,2.6765144328500576,25.734997042312926,6.673452830870991,5.20066766642833,22.099157762662564,22.41088342039871,82.56737712208538,183.60537928716485,0.2771950394561188,Stable
2026-03-28 14:00:00,29.244712095707946,7.10029321210311,2.1342170861174607,20.763259428260927,5.290030108324156,4.627970974357779,16.97094998101854,19.7283836612516,84.72421237131014,173.59960954940297,0.16811753827786352,Stable
2026-03-28 15:00:00,29.966655473881318,7.13394277143302,3.270917926413721,29.682968994277196,6.304685215542332,4.635816121707161,23.625147610959736,21.188044691672495,76.25824263439925,180.58612460040712,0.20845577836315615,Stable
2026-03-28 16:00:00,31.178306200193617,6.622292856739027,2.448096571478033,26.03304563861393,11.54257552787492,8.242573798303184,22.545500959558947,22.746908772421712,74.52184429702427,174.5928029856023,0.1956973078805211,Stable
2026-03-28 17:00:00,30.612226069638012,7.035374357663355,2.3875286094964165,24.77571905592343,7.526236077579937,5.56756839655788,27.192904713238097,22.69606549212267,81.35719648096808,172.2037818852887,0.15227099920167395,Stable
2026-03-28 18:00:00,29.684110000583107,7.322664461220239,3.7955929818602403,18.644273117204637,10.569784223605758,7.183987423286811,28.077349080192764,20.822001015383805,73.90802793839033,173.7501380889035,0.2789824183932982,Stable
2026-03-28 19:00:00,30.831560240763864,6.994065350333307,2.066747454127456,25.311431042453062,11.413294779690428,8.374161027545906,27.44263265869217,22.372784917778944,78.5433574132601,192.65004561700607,0.23723527796712787,Stable
2026-03-28 20:00:00,31.50538642136228,7.03707510882027,4.459145033749684,15.533938483895973,9.533159370414916,6.053776695919164,28.44722551162717,23.387199755312245,81.09013196674063,189.40413287108,0.34342520428693324,Warning
2026-03-28 21:00:00,29.789864735668644,7.145473694235963,3.519787288296655,22.09175327983884,8.90286557535786,6.2398088458926475,32.116496133644695,23.07189656764377,78.69209533990905,187.63918162611026,0.24562806515906976,Stable
2026-03-28 22:00:00,33.393136783946424,7.06473107888684,3.367118026731279,22.184511467604008,9.766045841055327,7.06726388511002,25.75433282791,22.00560430242144,76.29917516014861,189.5219952320696,0.13376905887694876,Stable
2026-03-28 23:00:00,27.439520079086304,6.81145565933147,2.6239255445870606,26.434975965438095,8.666759266951772,6.779398590022171,28.946471193644253,21.5403599657834,73.55682166935995,185.30233578744608,0.2341883109046661,Stable
2026-03-29 00:00:00,30.18542629665818,7.089823085373267,3.9732792222572035,34.39925012472648,11.90781852411326,9.420394073755284,26.22237258226078,21.330153858898687,78.1272447127895,188.38962351218206,0.24063011369894743,Stable
2026-03-29 01:00:00,29.99116150506957,7.37834048760165,3.3978212998019535,27.859537328327185,13.253067748288984,8.97234093291052,15.449840700099372,22.631642989672436,79.75327469840191,197.12535027278471,0.2011685633139219,Stable
2026-03-29 02:00:00,33.809831355508365,6.805670734765214,2.8854275179443984,32.24201036317807,12.399623660741911,10.467537103196237,23.30465872790531,22.290736816609762,80.08950433509597,202.64317473029539,0.1621010703248625,Stable
2026-03-29 03:00:00,28.99274941290769,6.995145070943971,3.5498685224886914,28.226060865517884,5.196873530452865,3.836126978380382,20.095298218932975,22.79971448735537,82.31569267582087,185.7456274426564,0.2066045593750448,Stable
2026-03-29 04:00:00,28.721437805887646,6.713143229298178,2.137910908420465,30.625267448438077,8.625946482279772,6.410824758731948,25.041449988169624,22.19196432940831,76.64236397342549,177.3933723286092,0.18919389519228044,Stable
2026-03-29 05:00:00,29.067354058389796,7.363586946137296,2.173504651338146,34.285636764715534,9.508318277562312,6.0950873934260485,20.440454283088634,23.006990184913445,80.58574228825802,184.4679492024938,0.21282615863836862,Stable
2026-03-29 06:00:00,30.77714663267961,7.074139702085394,2.559860436024191,21.340815838488727,10.426115920845087,,26.725564005136516,22.13021653077839,77.25671213877484,189.00216968204975,0.2413098499427241,Stable
2026-03-29 07:00:00,,6.861944102590358,3.6621454507072855,21.014477829342482,6.045370924595904,4.762182363995289,28.414626441628176,22.952040655031062,83.14995838451264,163.80309973986633,0.21416880031563762,Stable
2026-03-29 08:00:00,30.093531756999266,7.125834368040089,3.3975562586454013,28.34405450238661,6.013112679262068,4.445721592335627,29.416065207090714,23.050588746514798,82.7437665789803,156.04995227229043,0.18446684831797017,Stable
2026-03-29 09:00:00,24.732104994584866,6.762991939829273,4.186734449166814,24.981607729688772,12.113579499250784,8.914744258624049,31.286677026859202,21.036836640293437,76.11892916119872,154.86478351368908,0.25947475943780796,Stable
2026-03-29 10:00:00,28.3114865587376,6.810621251191086,2.7100076108735673,26.101769164034803,8.381761362780441,6.223411455541291,16.457891621680982,19.83064385048142,82.18952314592589,155.55495035074932,0.27412999345771727,Stable
2026-03-29 11:00:00,30.851808011023987,6.691162611641501,3.8310008803610063,23.756665539463196,6.525187323093536,4.2454419318682985,18.60449984273932,23.85223772853651,84.13898284948301,145.1229235541831,0.269753327863798,Stable
2026-03-29 12:00:00,27.333034479091552,6.801301813483928,3.314597085703539,22.018706414876412,7.292718384554078,5.284934777182185,37.17516833804903,22.30914796695526,79.40056240366701,131.73720164482492,0.17925782403826784,Stable
2026-03-29 13:00:00,30.117585675154352,7.480054523519946,2.6927161039443033,33.10382334387513,10.28094928662443,8.301436492125408,28.542856739367945,19.946366869206237,75.41126953490951,149.1611437867456,0.17009493795410902,Stable
2026-03-29 14:00:00,26.535905700789844,6.894726867240872,3.688980753034689,19.500694430900428,7.854904627073007,6.2035595378493715,25.01001586971155,21.15123949755972,73.89730577405152,160.4856874378012,0.2663087332734178,Stable
2026-03-29 15:00:00,32.53351166535945,7.230543034342413,3.3504911063160754,28.43196129620772,9.9832512843681,7.219029075567064,24.14416879640353,22.93962428530302,77.15134531538241,174.40556343078677,0.1558730385300116,Stable
2026-03-29 16:00:00,28.282711173929023,6.865835602412342,2.9281606043909507,27.62114142865225,7.542545274506993,6.154730347778624,23.744129338072863,21.684792821904633,77.72414182921467,176.9756243407048,0.24079412922760476,Stable
2026-03-29 17:00:00,32.617579518138136,7.312669448813701,3.4314993153580686,17.10493351214878,6.011599745231959,3.972162019581235,15.29814049109061,21.414436762347286,83.03639255226076,175.2598180828318,0.2430290519099212,Stable
2026-03-29 18:00:00,33.21904826313819,6.8126970397392315,3.302852210546956,20.84609835003203,12.348760326442648,8.354635651784065,20.524519029194284,23.7199471852859,74.81157233644379,193.0400198002079,0.2112591312036358,Stable
2026-03-29 19:00:00,26.77749720715461,7.110983819773291,3.284733948611873,21.68654719525066,10.29637982257795,8.571728281740603,23.496685824729035,20.793592948902667,77.13504855167882,184.52337101342346,0.22562526840483357,Stable
2026-03-29 20:00:00,27.27130365430365,7.1147983667633055,3.0905551375669003,27.822920566582958,8.832498277523767,6.728495804047679,20.77863056042826,21.105468758724264,81.19741696185594,185.46715063936094,0.19290142390080176,Stable
2026-03-29 21:00:00,31.542345096746082,7.751785494199446,2.421288595829772,23.164824470347245,8.457276556636781,6.039435878321944,21.366888042527634,22.331294686297465,80.53586014344758,158.68820065788125,0.19435165079165398,Stable
2026-03-29 22:00:00,30.03725730568628,7.276519080634446,3.456074061921154,24.572050966945973,12.429800738150469,9.035936607438233,35.51429139891278,22.56201356710661,75.27847411200788,163.8532235391669,0.20417291839039609,Stable
2026-03-29 23:00:00,30.367684919637856,6.933986875987803,2.797964219708939,17.71176321507636,10.68306009105745,7.324682990564954,22.867561312951196,22.706369933680588,81.5330040987807,160.70816110017861,0.1991076361417432,Stable
2026-03-30 00:00:00,33.76746110116483,7.291813709822144,2.634753349266949,36.62955858357657,11.793626063271518,8.788758660655347,25.25154003720029,23.222983377620633,78.05174622756107,182.44040836816262,0.15909680939249582,Stable
2026-03-30 01:00:00,28.890596988820363,7.698688851735858,3.2194751169230447,25.355978093697484,8.3326146450216,6.173270593082885,25.091413282516747,22.387974735560277,78.62773322061804,172.65606246099082,0.17020013037954074,Stable
2026-03-30 02:00:00,30.94114858280272,6.643701894664397,3.9505199081291336,27.49500448648472,9.601333080359156,7.019473733405073,26.652567743803875,22.758561038451813,77.47053375476052,174.12870273373767,0.20805901160917267,Stable
2026-03-30 03:00:00,,6.864105028080756,3.539210130768236,22.296872557173888,10.304397831993064,6.864927998723544,21.85222755358454,21.8832999694604,79.66655140176702,168.63885472184384,0.21390723981897208,Stable
2026-03-30 04:00:00,31.91229880769572,7.033668683448277,3.001643343731808,21.736863364660746,8.399861781372318,6.25421441103318,29.61141561617407,22.29406383092452,80.10725246457639,170.0253212477834,0.23694843092905202,Stable
2026-03-30 05:00:00,30.054533099547246,6.983215296400253,2.9714904565991067,34.56342327476766,9.30893578199272,6.524417785241063,25.99602987123031,22.37375843458859,75.88816494217234,179.21551953078193,0.1934531980952738,Stable
2026-03-30 06:00:00,29.952324064141816,7.006828124467635,3.876859946641576,15.416391964966854,8.3327793202335,5.631052702817092,18.207760318239,22.530135825847132,81.90400277921168,186.34958561961236,0.2502557092880153,Stable
2026-03-30 07:00:00,27.750136554347968,6.734814965633891,1.6024481729145696,26.393235342153883,10.298118395004435,8.235104956814144,23.516232003466673,23.227767479389833,80.84496210548775,172.06562660456427,0.22997306379767107,Stable
2026-03-30 08:00:00,28.88449868888878,7.493107694994003,3.99802374189961,18.942480544460533,6.857211672298838,5.824067644910273,23.22533255697694,22.99698867421917,84.09626049771578,162.86044539131797,0.26956962205544993,Stable
2026-03-30 09:00:00,31.052070438733697,6.701669592426546,1.9944881688022456,22.974994228014975,10.643940038494115,8.90731849738074,23.018255451012198,22.41535198558423,81.21293246529204,167.16388638791432,0.23142709234966682,Stable
2026-03-30 10:00:00,29.148428001603108,7.0439404133057,2.338444068757765,21.809527661629897,10.121426403485822,7.750550608410442,26.29183561000388,21.42419237948758,83.05156892040665,188.1176675347568,0.22470615284327725,Stable
2026-03-30 11:00:00,30.660419725881038,7.392832565692995,3.014300626552581,20.07011158290376,9.093382942985356,6.505340872838752,26.85626335130649,22.510565568748586,83.2315146453219,187.70352322835245,0.24421133193746988,Stable
2026-03-30 12:00:00,32.50981681338005,7.0915482399991605,5.0275931071981335,25.177208648531636,10.399034291304167,7.551055376267084,26.324938872662937,22.431309594111926,78.45262016309515,194.4071962404205,0.2347012727461502,Stable
2026-03-30 13:00:00,28.359017329390074,6.825769633267225,4.6580645200107,12.159854263469672,8.770119072534046,6.597831831015794,25.525119111349035,22.733663547514624,78.70881123923851,175.05364185277998,0.28432285300468824,Stable
2026-03-30 14:00:00,32.71556303180543,6.7223708162152915,3.9298658168478515,23.422557590406512,8.159738517345426,5.768007970169963,24.385369684452787,25.18792363627073,75.26625724014923,174.01889509375013,0.2432822692457776,Stable
2026-03-30 15:00:00,30.328557042856133,7.035600225112221,3.6674067837215873,24.548550123250124,10.587452309577357,8.496796309922988,14.319568481494617,21.951135116033697,77.43971730402275,173.77420605553988,0.2442082398577653,Stable
2026-03-30 16:00:00,29.718968422080177,6.888031721561869,2.003292273990644,18.203617267969936,10.674028010308744,,27.50051683022178,23.12728829722921,78.62381213697114,162.68253151147374,0.29063759054126104,Stable
2026-03-30 17:00:00,34.80782693490001,7.1574647056768335,3.5175686221605242,32.56609360724692,8.485459522381932,6.056370254343622,26.197593427979147,23.94487270704517,79.62342274118646,176.6918722584942,0.1145312258503107,Stable
2026-03-30 18:00:00,32.640956108766524,6.707593678637229,2.9880838610800216,22.027708126013426,8.313895415513883,6.43544500662199,19.568574254979417,22.82378250554023,74.96555208780508,177.60395178835157,0.18582255557375602,Stable
2026-03-30 19:00:00,34.13659533954646,7.3276500063285335,2.7874979997829588,23.812578787675815,9.134053032479088,6.243273396555647,25.262620252784885,25.556328685368953,78.14939359565322,178.65155901408082,0.17593269413012042,Stable
2026-03-30 20:00:00,33.931724380407,7.13235386648605,3.5161023174809944,22.03890418042649,8.395988694371965,6.018175941250306,26.915723164861006,22.343260821749823,81.21734142776974,187.52379391152903,0.21717563595163825,Stable
2026-03-30 21:00:00,28.235263375734725,7.153154190418693,3.0466674929149757,24.59216939784707,12.550238219764537,9.5714440464577,29.270611793512774,23.23305393495501,72.88497419282568,189.82927388018874,0.2740584673320695,Stable
2026-03-30 22:00:00,29.91859777740499,7.503501497907204,4.051974659476638,31.540720467530246,10.132951428388413,8.243204634149556,26.29635649428249,21.934050339616352,78.2812766847046,190.52347951588985,0.2679831405587505,Stable
2026-03-30 23:00:00,31.253148960659352,6.977417260455877,1.9480339242904994,37.365079019617376,9.52920046709443,6.278155490424387,25.44720813067365,22.52047502279123,79.5498670351037,182.5189643553989,0.08743926139271584,Stable
2026-03-31 00:00:00,29.46280515801476,6.896771325474697,3.4562585667594865,28.728196018503294,7.634550052621942,4.99876671502764,28.26047542875334,23.291915251602603,83.16036904994242,177.92183126001856,0.26762127833226035,Stable
2026-03-31 01:00:00,32.662265674620855,6.946626184062875,2.7406770823644675,30.439968834858856,10.977978894073281,7.442722123734088,22.620569909126477,24.060836590985396,81.30353458791177,192.33424729042008,0.21014602803667082,Stable
2026-03-31 02:00:00,29.26826955789865,7.046092560533487,3.0927731283132296,33.58213740738541,8.276790200111169,5.342134454791849,25.854014488177736,23.481434545474404,78.77864464336217,190.0671838476614,0.18785135801844258,Stable
2026-03-31 03:00:00,34.044978321330504,7.074529829458427,,26.244355383832286,8.19450537783792,5.321095388186859,21.204990626082797,24.663863684781997,80.26488807663884,194.47007794871885,0.14566945304603432,Stable
2026-03-31 04:00:00,33.21018212115381,,2.5620191030424495,32.85125436805935,11.045229326153171,7.472137778906433,28.996335184295866,23.094512584895995,77.49244360524062,212.06553800815394,0.14632628934041758,Stable
2026-03-31 05:00:00,31.411204127967075,6.533536129150743,3.5231741044843488,28.962005661952016,10.274645441983795,8.197545160124285,16.756299985844976,22.866537325710418,79.34879170648712,187.83759629404867,0.22037834673325096,Stable
2026-03-31 06:00:00,30.86210138378543,6.942939879753869,3.2407463460930517,25.71993679655786,4.493104781728885,3.202845829267855,27.67531728367646,26.56769701391532,84.85040293237448,170.86694261246276,0.2311665924411651,Stable
2026-03-31 07:00:00,29.921277945518803,7.200751186560328,2.9045598511173334,26.75170517225734,9.184458472471382,6.720503669680169,24.079690328316033,23.85486498785087,82.37805542827805,184.1905276536481,0.12637995369241456,Stable
2026-03-31 08:00:00,31.707759039843175,7.138152325750977,3.04707063549181,15.892915183160879,9.75103924109524,6.605836325640461,28.34424298826832,22.578339033416853,72.42071893335266,193.562570957481,0.15927937724876706,Stable
2026-03-31 09:00:00,30.711989137068805,7.435875251551231,3.2840860816098054,26.460596302230748,8.82080768843768,6.746546591204706,20.48755033323916,22.669591850044075,80.2242450071198,190.8889209023183,0.23959938313952922,Stable
2026-03-31 10:00:00,25.045515031059054,7.647536232309861,2.8241226155775907,17.28126239776852,9.82072733137961,8.182306139951695,24.404926104673333,22.43352026644403,79.39780019118096,167.21394548561136,0.31196227934470133,Warning
2026-03-31 11:00:00,35.237325900599885,7.31261345600837,3.4053208564942086,16.87365424194446,5.8806239941819785,4.005765548080909,24.27283540379075,24.751665132863405,81.5313029244931,172.27188153262355,0.221188149458542,Stable
2026-03-31 12:00:00,31.52788716982438,7.487105779874303,3.191367533750443,25.964393445126124,4.0,3.2994446416364416,25.95247602022705,23.254574157316714,78.33997564376104,160.76881756820396,0.2305189938370992,Stable
2026-03-31 13:00:00,30.27153783761277,7.314696801833673,2.9415380971997793,19.42960702399973,7.549063523259458,5.662124826967133,19.285971222084086,23.90968716561286,80.29844619980645,173.75048480577672,0.21708400854209964,Stable
2026-03-31 14:00:00,33.736539281356514,7.578771791659667,4.592381675427237,24.964431243483112,10.0644942435343,7.356415540313478,26.86296789637959,23.746628086223183,76.15910384974076,176.58153796150225,0.30101355720191114,Warning
2026-03-31 15:00:00,31.412477121510996,7.618239017601555,3.7114299419212156,25.692172596749323,4.0,3.008027243111553,15.693476423674394,24.767557147324794,88.19488852480931,160.47624997502461,0.22833493974677305,Stable
2026-03-31 16:00:00,29.564618502755106,7.366326247818099,3.112965825532784,25.915248004085676,7.812907865520986,5.871235857381376,20.994710742971865,22.941522737963535,81.1253205590487,159.8813850309094,0.2204132628378584,Stable
2026-03-31 17:00:00,31.452385123852636,7.297786440998884,3.5093953231185315,20.479392964789493,5.6544780616012265,4.705321575732165,16.967714967873604,22.735679821824565,80.35680986966312,160.34146670010733,0.1742907967025636,Stable
2026-03-31 18:00:00,35.927232319833486,7.042534991857536,2.6298848974198688,29.493411912405993,9.014751654937305,6.838700046775974,27.726987298585318,24.365155401348897,73.85363583307483,174.02242432286113,0.1838289387183864,Stable
2026-03-31 19:00:00,36.13481671613006,7.088425561330105,3.0724212949160625,24.553823817669606,13.4157985159117,10.192799079710364,25.800588498790663,24.887642360184287,76.06074568963423,198.99200519849734,0.13269768998744957,Stable
2026-03-31 20:00:00,33.35628520768729,7.005405547221926,3.1599419121713144,27.20537840085581,9.065648010671797,6.4077587525516035,26.052173911044314,24.63686220987908,80.67472497368732,193.08363397103747,0.20011893242618073,Stable
2026-03-31 21:00:00,32.26340098509234,7.273950451050616,2.464904567567588,19.017801930265016,9.284994309338265,7.206541299861164,30.629352283118518,23.3386296673917,78.17556356277788,193.3331219048761,0.16776670182455375,Stable
2026-03-31 22:00:00,34.778901637851575,6.898302549539382,3.6905155359958135,24.108362216020065,11.178461881576464,7.57199291538777,22.57826248877189,25.195903773681927,78.33072682381255,186.14489977765894,0.22823341257873725,Stable
2026-03-31 23:00:00,29.050044817486004,7.046490261261625,3.0207904730403805,30.4864724163506,9.542613115621148,7.023317633937387,26.743135566356973,23.564012168224703,77.58671056322056,189.1995589108023,0.15279890066935525,Stable
2026-04-01 00:00:00,33.19357254976042,6.440552432150076,,29.850888159043507,9.070016459621321,8.059440627501383,24.297100562294137,23.905275875456457,81.59802172829909,164.84755040742365,0.1580281051527194,Stable
2026-04-01 01:00:00,30.00543963346758,7.582465170536302,2.9734601056574834,21.01353658537803,11.353291848290008,6.7242091041807415,23.611944503991264,23.473586569754637,79.12842024113631,162.43808944539944,0.221508958913293,Stable
2026-04-01 02:00:00,34.88059479746134,7.03826711687583,5.619317942982325,22.272209047125774,10.44377430102361,7.757876643225133,29.87981624435503,26.24363866386818,73.45891227046909,178.2626961261915,0.3507586587826711,Warning
2026-04-01 03:00:00,33.06402388531607,7.2275625224542415,2.90303863736949,20.056566349680907,10.077251523132905,7.506940299009978,33.368457135309185,25.518959140530743,74.43476886701431,184.2396513888336,0.22057881660474016,Stable
2026-04-01 04:00:00,34.56453074229091,7.508180274519193,1.848492284585629,21.717935408695592,9.22243969486507,6.616686418084625,22.058400017114636,25.562114088062483,83.85576461274374,183.81242929014874,0.14709466670694896,Stable
2026-04-01 05:00:00,34.64689262232225,7.18408216248353,2.2000510217808733,18.004662296467355,8.807870590545873,6.330669675936907,27.751738161839473,26.41068569230933,81.52262028452185,183.90302130744465,0.12897383023562084,Stable
2026-04-01 06:00:00,30.221678610213992,7.50441623658616,3.969476967021576,24.30912063795763,11.334341770463325,8.33105332099773,25.43602610691065,28.36773915185659,73.50970571696527,192.77857983041338,0.2173208558119983,Stable
2026-04-01 07:00:00,31.378395067500136,6.7523134125976165,4.402339518762347,28.16569199091422,8.827074760241654,6.321419728597092,25.49000590102699,23.020611644089776,75.24697514370108,185.11944846838915,0.21380971766309498,Stable
2026-04-01 08:00:00,33.54963129309262,7.771265445087356,2.8886521064703596,21.074735680994607,11.962505758712027,8.878678061998402,25.112299780650694,24.265325388494087,76.55692440531328,182.16569602135502,0.24692179051533386,Stable
2026-04-01 09:00:00,33.384065984785614,7.404390855576854,4.359212252226598,24.546968586694117,7.405707267421436,5.207555687091909,22.50114903842479,24.492209288108707,77.73850425289538,187.76829951507133,0.2995020869070734,Stable
2026-04-01 10:00:00,32.08623006275305,7.158576697896259,3.956192499881908,23.897507961843218,12.367567909011555,10.403989002428784,12.0,24.291401955170212,,188.96431818799888,0.19307085850865777,Stable
2026-04-01 11:00:00,35.38487517827453,7.499022213135125,3.257889901760433,30.275593657991095,10.444080166176835,,30.9066419606932,24.10055179441371,77.43772185982128,190.60576268913903,0.23640038147220563,Stable
2026-04-01 12:00:00,33.738556458095445,6.772782231922975,3.2046652871720984,21.942040815977894,7.562930153895987,5.757875233334116,20.873703355474206,25.11581019985212,80.21097387394222,180.4901575923342,0.24196396314290664,Stable
2026-04-01 13:00:00,32.973009977635904,7.0191878339445415,3.5356526698117396,22.123919461745743,10.517957269104613,7.291079685416203,22.91299284772226,24.09766337724969,80.29838843535161,199.0280830641268,0.1535076574129032,Stable
2026-04-01 14:00:00,36.13124384147551,7.504390110992666,4.05809186661523,20.769894358538192,8.19939420336544,6.406374183947783,23.008681949918603,26.04226005337437,84.38749639444832,185.65818055779886,0.20941594311005785,Stable
2026-04-01 15:00:00,34.510457509526574,6.577223149349409,3.6979709241962664,19.31245239960756,9.566856108694951,7.369738902354734,20.4728847303598,25.78527151013338,77.23584925922465,165.59134105255526,0.16972428931223665,Stable
2026-04-01 16:00:00,32.587835060858225,7.256928176988465,2.892393773650978,27.64592495723485,8.526745725709498,6.421145278407518,25.0810806389803,26.38387056768663,76.6466063647824,179.81040052701061,0.16285657472495782,Stable
2026-04-01 17:00:00,29.622991749385804,7.249009324756643,3.2693447147302668,24.324446018347608,9.234175671733842,6.219185506944926,23.80059404060062,26.49966657694505,79.7379397157251,175.7883369837193,0.21490229594887483,Stable
2026-04-01 18:00:00,33.74384392073274,7.6513832287102055,4.885947591041443,25.27404929911651,11.382861587619734,7.838441477176272,20.77558809526708,26.698085724768905,80.69583869848707,171.85289906954515,0.2843737623752182,Stable
2026-04-01 19:00:00,35.13266677835732,6.656772482477773,3.588410347972144,31.373205780976985,10.537023304293372,8.669225434657422,24.6718590749311,25.610775726595087,76.45493880485752,177.74287061109104,0.12128558834390005,Stable
2026-04-01 20:00:00,35.98271369941739,7.550696695968857,4.051994070161961,31.660403629639358,7.249269216461843,4.987562073438469,23.85128988168736,28.688906362252997,82.8766280135737,176.35918511337098,0.16703764080268244,Stable
2026-04-01 21:00:00,36.11212998102057,6.943348191918306,3.804913740436924,16.768828460825983,7.363807116683123,5.6351505930946475,28.17527357079646,26.50977323645711,78.54335390198159,177.49498520005565,0.23619540892338164,Stable
2026-04-01 22:00:00,32.37608078812445,6.97483735122468,3.605018307998277,28.239173365477836,10.041551220530668,6.808604285815356,17.968277455432204,24.078624436283903,78.01162719971964,186.14371779049435,0.21858920153668207,Stable
2026-04-01 23:00:00,35.77224102110814,6.757838771651257,3.4815241750113017,26.128234628555948,10.186374253791554,8.001000501867722,20.375748055986975,25.19610888058377,74.90877004045805,177.02248139407467,0.12956463248218195,Stable
2026-04-02 00:00:00,,6.79540142950926,4.073042968993734,22.692045004270316,8.151110041225804,5.642590808481608,27.26383924876832,24.395887925929454,79.87597010997231,177.484183204574,0.1995298368096497,Stable
2026-04-02 01:00:00,35.526207214429704,7.212986257287098,3.9389816764830123,26.638418435139712,12.682630965964075,8.586453996083176,21.121156754482996,26.590977561294327,75.02623158724693,194.93303588924883,0.2555469494295,Stable
2026-04-02 02:00:00,35.521591726195126,6.78854706386122,3.5979201085086614,16.36808382389607,11.126989874539191,7.686760094516027,19.934689818547124,26.509821597124404,78.393317373366,198.43790720501585,0.1756393962151396,Stable
2026-04-02 03:00:00,37.18299457166678,7.307279613422816,2.879678105839084,32.313211713882,8.248847269230412,5.7704056894944005,21.34369076546125,26.1797908264044,84.1963067524934,200.01585729062154,0.15227692709682808,Stable
2026-04-02 04:00:00,33.82772866409833,6.914369506848469,3.689169104161354,27.57472048535954,8.055489368368015,6.059798543862613,23.545595774897777,29.241003276766886,78.97227207935863,199.88296023012234,0.1583374698119982,Stable
2026-04-02 05:00:00,34.65589611900682,6.760350534362378,3.3497440476489375,20.674011275836705,9.044373572573505,6.636906976677447,23.562694787698312,27.572712668113134,73.95630355906226,189.98208523940838,0.23445148138726832,Stable
2026-04-02 06:00:00,37.5683502445126,6.952213439019229,3.168808066491193,22.07294889090238,8.836291177851681,5.918251069429987,23.0551870375395,27.871318033735594,78.65844909919939,192.79946039002687,0.12113136546609148,Stable
2026-04-02 07:00:00,37.060571554805954,7.194278013691766,5.409081981224551,16.4842676222628,12.012314987463554,8.750525982549322,19.371456831981074,25.968778595248658,76.73597907125752,196.02106932781092,0.3035404480112256,Warning
2026-04-02 08:00:00,34.45327721380066,7.022341086659314,2.245711519219129,23.43021375081873,11.469045945989773,7.651085680698629,27.47921517264089,25.9731341885165,77.03570427465206,207.58583241820273,0.21001794417391864,Stable
2026-04-02 09:00:00,34.71685660618961,7.109578833133183,4.118884644293112,22.586340113797085,9.570139027002782,7.324942829732132,29.96798893015955,27.302264935032582,78.03630394728408,210.1341352860296,0.26130305526527065,Stable
2026-04-02 10:00:00,37.06585743894314,7.294938089314103,2.7529967918096268,18.374448064381205,10.85581112177843,8.418460711639797,15.40307091125971,27.551620701594253,,203.77386411076006,0.16726495263636093,Stable
2026-04-02 11:00:00,34.93965546361325,7.403078006452745,3.498396617007547,28.88351116854889,11.145950452689098,8.121863458771069,17.009067221594133,25.20225011314988,77.19458589698044,195.13615914648656,0.16776280954935774,Stable
2026-04-02 12:00:00,34.5798167024831,7.013173313594959,5.326440639317639,31.38398594847238,9.616521456533068,7.163740506093245,28.512856386487442,27.299140059817713,78.12148788066827,207.46262089393625,0.27321377930613194,Stable
2026-04-02 13:00:00,36.27854134830005,6.807617835638675,2.678223253881953,24.86319754977761,10.30523735873818,8.515906288208935,31.064083532815825,27.61792672394496,75.7504973241844,207.17764908611207,0.13154599841139689,Stable
2026-04-02 14:00:00,37.78926938646491,7.121306454098304,2.857095508879552,23.47176558576816,10.688375108184564,7.709865234427469,14.418694627328685,27.428214861640974,72.94484817346245,206.80056379553412,0.1724679599556524,Stable
2026-04-02 15:00:00,38.576393595054284,7.2317818841091395,3.3868646971362995,27.17492301065897,10.475211447297768,7.1028827637107455,27.66946425575475,26.79547560850538,78.34786839349708,198.56275003238426,0.1852242044596368,Stable
2026-04-02 16:00:00,36.69423342107261,6.690996914327854,2.7645872817764787,24.901805187524786,7.942392343048418,6.050957179812679,31.37045948901951,27.209023502602022,80.67115240661997,179.6798428287332,0.1640284160041811,Stable
2026-04-02 17:00:00,35.817180310260035,6.850629676837876,4.063042263205226,19.589103918844067,8.144580485307875,5.438169317625289,20.11914480375235,27.728902516928848,77.2070931773717,188.97002833646224,0.27796815679958253,Stable
2026-04-02 18:00:00,36.026332175599336,6.898627669130376,2.999102922952529,21.736610067063694,8.922810676627899,6.41031410928716,31.10850522101945,28.13448252767515,78.96625842449255,194.31516271818256,0.14615777512107203,Stable
2026-04-02 19:00:00,37.950150578468765,7.041809787158294,3.8905072301120027,23.517819966259847,8.086671441906223,5.636859189110811,23.199025736039975,28.83535746408152,79.553699974276,188.63959471806345,0.1658183019845421,Stable
2026-04-02 20:00:00,37.25904559101188,6.8869105069845,2.403108151149948,26.24093297238348,6.5537988547286945,4.531295932900887,25.41586690757904,29.490391275970786,79.88494983424836,196.4258847018838,0.15272663389658106,Stable
2026-04-02 21:00:00,36.30283020539302,7.297971403027131,2.044876373384331,25.04668358938234,10.851903921898082,7.772623902186,20.7634500845381,27.92354920734824,75.16481929522882,202.82711106157018,0.17876335195465057,Stable
2026-04-02 22:00:00,33.69665082327033,6.650562703591643,3.2282612657852128,26.05184689993558,10.192816253738004,7.945239346732543,28.504628367096252,27.812403352332083,,190.6838503933116,0.18475321126760394,Stable
2026-04-02 23:00:00,39.56171336562653,6.657678764785561,2.2236191214718035,17.375860083580392,6.821266847414908,5.394338200363827,27.7550345292696,28.96759897264421,80.61420389870922,171.27990959998115,0.18267111167579686,Stable
2026-04-03 00:00:00,34.97725056867709,7.00651113277679,4.538701684574088,28.326088720424647,9.018166576544926,7.042658932541628,31.761192100784207,29.25762002297445,77.50434944488568,178.58473447387718,0.2079103681447742,Stable
2026-04-03 01:00:00,35.22108426764513,7.05081721484084,2.2526473821287514,25.01707942004256,9.131428365494745,6.834869336678619,30.48273316099601,28.085307788551155,76.714391570163,182.9335335637361,0.13744515248365874,Stable
2026-04-03 02:00:00,37.83127319203358,6.692699715599731,2.6217349842469764,37.76354527075077,9.863888857019878,7.060824052126746,23.95882480102244,29.63608667032995,77.81114847857378,187.96544357311123,0.12294865297543714,Stable
2026-04-03 03:00:00,41.925856780046296,6.930110324058681,3.7102149141059577,23.061828149117936,7.336155102704682,4.404037882053576,37.98770376831853,29.943883020269016,82.97505381946975,165.61226010498663,0.19908244358531066,Stable
2026-04-03 04:00:00,37.55328050353909,6.987707731122654,2.960227037453495,26.61729247554686,6.792011528011175,5.095512089208818,30.078566918131653,30.398646473243744,81.72458865752253,167.11059835569642,0.20660237820520805,Stable
2026-04-03 05:00:00,37.73027049136102,6.989876574833799,2.261209022599297,39.14609581104251,10.53944899206782,6.372538239509105,26.432322157705457,31.06230211928181,76.86774595299559,170.84223121915863,0.13978098909177944,Stable
2026-04-03 06:00:00,34.86610674497095,7.142526815321001,,25.970458147515895,6.432075975462754,4.0149970172831795,19.512805210558746,27.96774057963854,82.3391500859583,165.2343862933642,0.2563629075957469,Stable
2026-04-03 07:00:00,40.4204401994832,6.914757912361402,2.6487746476303196,24.661847303619915,9.034673013890673,6.51497750775754,17.114852718475642,29.102645864260577,82.37628952277834,173.65559930734457,0.21367427268390346,Stable
2026-04-03 08:00:00,31.5527172116825,7.5137941640023165,3.252806644377588,20.065390526246745,8.847845628483546,6.587678932744497,17.497374643155027,29.177411198694543,80.3781894594668,166.99825607044377,0.22144523887575324,Stable
2026-04-03 09:00:00,35.11798240216588,7.2366972991253995,3.243105609920477,32.64133183604493,9.25343136354643,6.525430319569512,19.798505308839545,29.123458426463053,79.39707109038572,181.3138359216133,0.11639333830991735,Stable
2026-04-03 10:00:00,42.00121326930118,6.87400821422043,,19.20449206911715,10.005435242355704,8.1489688877629,30.197861951506027,28.53863585098208,79.59088851829401,178.267409405931,0.12190955603691042,Stable
2026-04-03 11:00:00,36.79275894368493,7.12646321814292,3.746764345503294,27.13560458424061,12.697141235622812,9.591618452594686,26.191900110018853,27.610994796701657,74.90782442307135,187.84398774505496,0.1597233526689384,Stable
2026-04-03 12:00:00,35.36812318735626,7.1347242892095695,2.7798992217017457,22.632223393458094,6.3010155988182,,21.239820674841937,29.580093086034704,82.15915395310562,186.84806464124097,0.19955107866922722,Stable
2026-04-03 13:00:00,36.53749196345348,7.440122012859378,3.1556295869175197,24.05331868710989,11.253163165465498,9.072829571396918,23.388589450964815,28.621327927803026,75.52444827483615,186.5436528522154,0.2197238443609768,Stable
2026-04-03 14:00:00,37.855179345860634,6.931892919903421,,17.88033865694971,4.4756841877372455,3.65252187544219,22.840141186824514,29.720270213724913,79.64793250892393,185.6973949415996,0.13755730554382395,Stable
2026-04-03 15:00:00,38.42942409946408,7.314854835361761,3.9617196236489214,31.715636108669475,12.287422297634636,9.316209658820876,27.600228017356486,28.737173607652867,76.56966733333373,188.39752311751334,0.23066760556316313,Stable
2026-04-03 16:00:00,40.121590556470025,7.111719253219094,2.523758563856049,23.61101347040862,5.4142613189256865,3.721551147047329,20.045410069038763,28.442586550824895,83.45243889216316,188.92400773245595,0.19710380069232877,Stable
2026-04-03 17:00:00,38.89177017646629,7.517638624605654,4.913582917566837,18.92455170553483,14.372789276069582,10.057145519284791,25.573588737523092,30.114666813907856,72.90792832825478,199.327247309711,0.3415910175022595,Warning
2026-04-03 18:00:00,37.00553059341085,7.461449606739034,2.8306124594054167,31.26345298520046,8.720464341045691,5.672046134302574,25.35038599176015,30.085107199436774,81.86908833045872,204.38531825536444,0.19197952907600965,Stable
2026-04-03 19:00:00,40.24294068458533,7.155154205285927,3.393437952432555,22.47931593481348,12.08076612154607,8.790775706482465,20.180093954311896,30.66877180038892,74.11522557629984,207.20605495299478,0.24850980165458114,Stable
2026-04-03 20:00:00,39.26891547655106,7.026560866115503,2.5300079202300685,26.673036458653606,11.668312046821729,7.843996178132051,31.14602713144657,32.665420870276776,71.90322692351656,205.17918718548356,0.1843956019403594,Stable
2026-04-03 21:00:00,36.376306187679276,7.241849654710247,2.4263807412695373,29.20708191067183,8.627021817391183,6.14158448995794,22.669929570645923,30.442981179657334,77.63018856797083,200.68172828731431,0.17685431419578324,Stable
2026-04-03 22:00:00,35.23944188101495,7.049473992404393,2.744178693191782,27.3701716528716,8.780501563624798,6.535617216711234,19.53262443949694,30.759259624927836,75.36715017999524,203.40885621007527,0.15299399262397187,Stable
2026-04-03 23:00:00,33.81981742153332,7.570485989673934,2.6721075867518085,14.016822247504823,7.825682073735448,4.85893489006844,27.83795990784087,28.950074210534122,81.01940881499124,190.10754689854355,0.21717772053257092,Stable
2026-04-04 00:00:00,34.97099385031919,7.121971621889563,3.0893072318838772,28.476783504888935,11.074740332888577,7.314802091183125,24.24523009719589,28.76388416256773,75.04506499284737,184.63378439122897,0.11924280121368465,Stable
2026-04-04 01:00:00,37.91603389489099,6.986420062896405,2.665776228427194,24.49693118667436,8.653063791563063,6.075518197529451,25.837927406965747,32.27161343029273,81.80865918967639,175.795695043969,0.16969993530106908,Stable
2026-04-04 02:00:00,37.95356115494779,6.971307775899301,3.9216643159706575,23.354856515983336,7.862032943898532,5.716570594361244,18.66894089913807,29.32708810019836,82.54746406250013,188.2054057882813,0.2478393517056123,Stable
2026-04-04 03:00:00,34.84575509784779,6.760350036144361,2.8127620785112186,24.45462525512389,10.574552023912304,7.4321759098780555,27.655873132388873,29.244558749495862,75.11301274299237,187.25346432820115,0.22803734372821924,Stable
2026-04-04 04:00:00,32.224031801899535,7.25583655586613,2.7296383799110635,16.94983603029459,7.7056471171885015,5.510474031050168,33.77592764036049,30.51136440594902,78.27408572467321,175.8582987966121,0.16607722179352474,Stable
2026-04-04 05:00:00,36.42216574624776,6.870396863260939,3.1052733519120483,25.960854573309014,8.842035416495994,6.111258583107076,18.317248215969915,30.50998929542669,80.49406371521314,166.24953854678034,0.2118706639283331,Stable
2026-04-04 06:00:00,36.650358011645146,7.407481510612569,4.14462915902222,18.17804313145345,9.714211729744386,6.316986830772117,25.593939626952878,29.594077307087982,80.73538772387559,177.86165345445448,0.2415880200178362,Stable
2026-04-04 07:00:00,37.15799360028312,6.737978184879559,3.5611571302077993,23.570801452216845,8.215141021477464,5.755435028059586,20.466106370924944,30.368892576027047,74.75330744946471,176.51322406175265,0.2472146932488661,Stable
2026-04-04 08:00:00,43.30582926219131,7.13562760571251,3.3252328525843975,25.781322157691054,8.51690263816013,6.117484469377556,36.10322726818858,32.26677990357294,80.18727453691376,175.15205561093657,0.15913781362110746,Stable
2026-04-04 09:00:00,,7.422062652379287,2.3252164225234906,30.37018543993807,12.569966402278915,8.961487849097434,29.578346151676126,29.879881803821522,69.93605711561293,183.4497001574879,0.18609557642002178,Stable
2026-04-04 10:00:00,38.99091920051286,6.497370821905381,2.542968655102218,20.901934200701426,9.091529599429707,6.692718382349522,25.269483043634867,29.22907227411447,77.5371801258234,177.48557644994108,0.18751050322164808,Stable
2026-04-04 11:00:00,40.0478754295019,7.665114352261812,2.4411925449702823,32.25793685922994,8.780746080432776,6.612246015895732,18.474596358587608,32.08584062886362,81.9533959393078,158.39534590010916,0.11791970625088577,Stable
2026-04-04 12:00:00,39.51295228385383,6.980920144784529,4.38013841775426,29.734266267575737,9.149749723862556,7.022386638016037,19.562747663506837,31.597561735199022,86.37467560968585,175.55361665381702,0.229482835085504,Stable
2026-04-04 13:00:00,36.64231237256232,7.139506707005399,3.7979223423487354,22.85295128754732,10.408909976998135,7.2358027345106875,27.35823527556805,30.313072950258395,76.99403043762945,190.42424629703228,0.26829788842833835,Stable
2026-04-04 14:00:00,37.09121704399823,7.260005783144576,2.753784618306854,19.456253667986985,7.432272634652273,4.781412692801155,17.86878511027129,29.20878234715976,77.44993766942261,184.46299350396566,0.14720793190887926,Stable
2026-04-04 15:00:00,36.73211285030793,7.303316135712355,2.9767212671307584,17.780919088847895,10.354430800916772,8.28290059632912,18.009987698660694,30.262305104102765,76.36183876304555,180.9695800237527,0.13170858011712028,Stable
2026-04-04 16:00:00,39.4774953324624,7.176687502712711,2.7810323678219993,26.358769257665696,10.011640380118482,7.520739501606095,24.03974069325545,31.137446703953252,78.15353383998229,184.1905156223754,0.1822600555901218,Stable
2026-04-04 17:00:00,40.17539270025084,7.379267683437782,2.7356040877144685,21.31357925229593,5.9226892318517645,4.012583875747419,24.600375012946085,32.64789196549822,80.40170766930105,180.6999608150824,0.12630388472213652,Stable
2026-04-04 18:00:00,36.160665555152235,7.245339799618107,3.7452257734121353,30.996784026408577,13.088511206817524,9.754524196901794,25.71014133237432,30.049921421535434,72.59942960323296,186.14169967517503,0.25133060548298514,Stable
2026-04-04 19:00:00,41.2196465952354,7.5930467192090445,3.184347834411765,21.602380850858648,12.421627121526413,9.797430577656868,22.02213615982299,31.235857915834213,74.51124786229273,193.18211359341453,0.25284958460983303,Stable
2026-04-04 20:00:00,,7.246251711999287,4.960875808223097,20.49664509974014,7.898874134510325,6.51739824329941,28.140659457589884,32.189632117595096,81.09006903105278,191.24175389291366,0.3268205117383334,Warning
2026-04-04 21:00:00,,7.650097945567264,4.337769868387749,26.16813175622157,7.255146924605434,5.396259045550682,20.12183379160608,28.562816741570522,80.32133072775369,184.98647760473827,0.2505815909075522,Stable
2026-04-04 22:00:00,40.99143622789504,7.352302075266543,4.3821102553500415,21.569765714202884,9.956102994050486,7.848215635944303,26.819899591003985,32.700450133824425,75.83989000571694,187.77716333257476,0.31882065977175034,Warning
2026-04-04 23:00:00,37.91156861860957,6.594389964784886,3.9035177312110947,25.042749966844017,6.6482734243374235,4.410942507639679,24.963543054006564,30.079213661613498,79.6765703264481,182.47533400538038,0.27675686749283396,Stable
2026-04-05 00:00:00,38.198281781634954,7.831108749948595,3.0830056971196083,29.929946650292607,12.228565907404512,8.902705958376652,26.702920885328396,31.9334636561615,74.73678771841941,166.61986900979167,0.15529027126441725,Stable
2026-04-05 01:00:00,40.00765217850188,6.939183649626378,3.848343163397188,25.58614665834362,8.563092528495215,6.093276608542607,29.318991233664924,31.866659720459552,76.93834147754424,172.702995461831,0.26915438926386026,Stable
2026-04-05 02:00:00,39.664336598725036,7.518752324256486,3.1383754791035066,25.60482230351362,12.743613856617634,9.54294490032792,21.951004447028033,32.90636010833978,73.48852365241297,190.79045903582175,0.1524251537234214,Stable
2026-04-05 03:00:00,38.40895000372802,7.107502164073442,4.622707038046272,26.025733544542092,7.851193259227466,6.4271098023223265,21.025151106812572,32.29881767496822,81.75789674228189,192.5410420458011,0.25041057276432094,Stable
2026-04-05 04:00:00,33.57090289350559,7.397105272128722,3.7032095372874405,16.534505048573035,9.275595828866559,6.898667971351595,16.402228097317874,28.816437554038643,78.14860176806971,182.23776560689083,0.16125318070605754,Stable
2026-04-05 05:00:00,38.04033048604502,6.907225904957578,3.596770268952261,26.95918874965245,12.034425213154732,8.16447910649033,14.914490568347237,30.757545193122287,71.58185738913522,193.63937121441944,0.20652206401099776,Stable
2026-04-05 06:00:00,41.02776941152709,7.275208472065084,3.495304496822132,25.799657883629482,8.85352104072234,5.847846956940882,23.20811628868735,31.89382809235964,81.7088507069401,204.46454726685283,0.1886887287904374,Stable
2026-04-05 07:00:00,38.131988011374304,7.0291066472895665,4.705199820520644,29.464486634917105,10.044183486351482,8.24143237610296,23.51614703608674,31.52130671813202,78.9976160631112,192.44882774133768,0.23684161260555892,Stable
2026-04-05 08:00:00,45.395724392983595,7.542120871245168,2.3246872496224107,28.029054005685595,11.685317511276025,8.860492936972285,19.11262594225278,32.354307008667654,72.85685007935598,185.78563718946035,0.16407311821846576,Stable
2026-04-05 09:00:00,,7.222827086876762,4.778715870751545,23.99025684197243,8.387905098331668,6.329886231593885,20.08005135059201,32.75288878616515,78.69864738638358,194.84311711775317,0.2537854062175123,Stable
2026-04-05 10:00:00,43.16750203731085,7.362063939564438,3.2603846444093967,30.161964457553452,6.976521818904619,4.960968203533857,30.85554235783168,32.55884177198989,79.04323110845091,192.2365420441419,0.17601100796152067,Stable
2026-04-05 11:00:00,41.18367570233969,6.49405847598754,2.3453882681382616,23.536846511936396,6.582578807384843,4.902259701279391,27.94127901136266,31.593189678192175,83.10968546531423,167.34276596026243,0.23122132610122947,Stable
2026-04-05 12:00:00,41.36062781239467,7.076039649659185,2.835842701267708,26.235785520388525,10.66686549887575,7.207784542750223,18.322769063752695,29.654897862517526,76.40400393600511,169.93653365704574,0.13055908108214612,Stable
2026-04-05 13:00:00,37.76866024195742,7.214954457816322,2.161894552957313,23.44425284760322,10.277556773995236,7.7214863646113265,22.00943376996493,31.342664208902505,77.54050989128987,181.46158137978296,0.20792488114719226,Stable
2026-04-05 14:00:00,35.28469935780755,7.162612173803118,3.89024255918923,27.308789024616058,11.62332634616218,7.733953787051588,25.827012112453815,32.40617412912479,75.90368760423219,175.49833267449972,0.2216974702914092,Stable
2026-04-05 15:00:00,37.721581163994124,7.3691240198409975,2.6212802872401104,23.11755108681119,8.95191056203482,6.357997218863059,21.180970390377563,30.61383238069989,75.34775311365169,181.74337870501057,0.1945860042614575,Stable
2026-04-05 16:00:00,41.8107140392109,6.997546811361512,3.526500749653525,33.23775804470784,6.638525484798915,4.611391163577413,20.360871080675555,32.69427688811582,84.87496493509397,181.28549786246168,0.17601361429939966,Stable
2026-04-05 17:00:00,41.342768375653485,7.113660389409696,4.250662772624386,35.086813686128195,4.7944953874368474,2.6410227552415972,22.477893972978606,33.03973443215753,84.86132975552195,178.0224030462561,0.18466289469967778,Stable
2026-04-05 18:00:00,40.66429664058023,7.430743494036197,2.895987303575397,29.369691270930023,15.235925068703402,10.831641555601273,28.907973983996133,32.11335141864467,70.89561592867192,189.36682113808456,0.17941453848940414,Stable
2026-04-05 19:00:00,38.936373700234626,6.4619670790353,3.1989222302317057,32.70648324707014,10.553846037075006,,29.316305861334328,28.294553694894883,77.92580876541335,173.41338212240828,0.18846524090872113,Stable
2026-04-05 20:00:00,39.21000409440673,7.265018140458735,2.422475042562988,17.303927595704764,9.773583512164588,7.021621493362484,20.690489319934784,30.44588894548173,80.66171127495387,175.974227333379,0.15495389951580354,Stable
2026-04-05 21:00:00,43.84787771099012,7.006512248721805,3.108732168286602,17.89311128362503,10.057279520627633,7.342767017788407,26.0724799258544,34.250051855808074,78.08207301126635,184.77379980550592,0.14081503957383287,Stable
2026-04-05 22:00:00,37.45720627043825,6.844550925124985,5.330517718955029,23.392197166843935,6.637322103535127,5.490633492529004,23.971147112050122,31.336331754143767,85.2545633631351,185.85944345655702,0.3115857449958959,Warning
2026-04-05 23:00:00,35.42449081001155,7.194232382797274,3.983449873082831,25.206154826294387,7.910256018073907,5.907054833012906,19.462940283812774,29.61527818844362,87.3843710867206,191.01216675321552,0.25258269096946095,Stable
2026-04-06 00:00:00,44.70936722192076,7.443686363106424,3.201452185829796,24.008962909501673,12.986660255982484,9.718907385715607,22.663164690374806,33.481139375871784,74.69803540423905,199.39365370170623,0.22641748778303777,Stable
2026-04-06 01:00:00,40.21778347882749,7.390960272815571,2.9412339728637136,16.789323751835234,10.816694571704437,8.191036728803509,18.310946154010622,32.01598040853336,75.72698107069341,195.64281745973307,0.22735359772712596,Stable
2026-04-06 02:00:00,40.07905351313069,7.062168351346144,3.3680249532576747,30.757958531618232,7.972804684744128,6.202439164345986,29.233748567188933,33.32551188002296,77.55367218520405,207.16026220907057,0.1876471457043211,Stable
2026-04-06 03:00:00,39.08729282660579,7.345207469853065,3.4975380641452296,35.77099116678468,7.046369343833522,,30.986124191948864,32.330081813700026,75.41969409842827,196.71437766942887,0.1612529106909894,Stable
2026-04-06 04:00:00,39.24642329810325,7.343059011564836,3.0856977196406814,31.404938395863113,8.468611782110868,6.313301104020604,22.152421132916594,32.54466954137977,82.65175084651324,195.27794614085286,0.1607982143994746,Stable
2026-04-06 05:00:00,39.00727885949269,7.075536044261913,3.797544396828347,30.427616343932357,8.869138705554244,6.821419371659499,21.07914309355059,32.42519690158438,78.24712676928755,193.48444776684502,0.15551125687220063,Stable
2026-04-06 06:00:00,38.25398487786873,6.905937445443302,2.6849143824546933,26.130598025728016,13.598292071693407,8.111858614023461,28.74567496941859,32.82028048307605,76.59009729698175,188.69001064335365,0.14720874113952934,Stable
2026-04-06 07:00:00,39.707602289329785,,2.6812092437617987,20.785013146364314,9.12346524806809,7.7083960547703345,29.47267023441008,34.7084430937708,81.56766517915396,190.02558459180867,0.18133798226194023,Stable
2026-04-06 08:00:00,40.74148309417925,7.334598937683078,3.6776465927876534,25.362640263179838,7.120896431733975,5.820870981991037,18.98514869148368,33.13149184948809,78.17667799343847,197.32371138726035,0.20207306070445705,Stable
2026-04-06 09:00:00,36.873311397911834,7.088198892160446,2.5235186848267017,35.527940184207516,9.38279527277983,6.961494265964602,23.333798990613076,30.05916313855263,76.2901692403572,189.74497351697912,0.14284892465696103,Stable
2026-04-06 10:00:00,42.69370034038298,6.807068978475435,3.946762939646905,23.24005943746472,10.028676936756002,6.5415519777932785,23.734777254579445,32.47938176949639,82.33304028687009,185.66985213459034,0.1855052382973877,Stable
2026-04-06 11:00:00,41.885670978076845,6.628238406057445,3.3892895407022996,22.72521376088029,6.938906844825257,5.527319986258876,20.531506768552866,33.299517671543015,80.88593028069074,162.20665012155314,0.1674255665866141,Stable
2026-04-06 12:00:00,41.88850908789925,7.332912806586986,2.02906808596209,30.53651829551957,10.30433106890523,7.128915356099554,25.736917623393516,33.35787372774329,76.04495008829801,169.12654132261486,0.18572865487536871,Stable
2026-04-06 13:00:00,37.89990166344763,6.946902041766017,3.48212434417071,30.86843025372798,11.91783190454314,9.04993980277747,20.850245992122222,31.386142478556533,73.46923485819633,193.67128284220914,0.15350024784361294,Stable
2026-04-06 14:00:00,41.03592925582765,7.192508571583675,2.136140031558254,20.760490971125982,9.777342566501527,6.4475726583433985,21.568826645896312,33.277986087387596,77.86901798249569,195.4051413041258,0.1579987835405403,Stable
2026-04-06 15:00:00,41.69588406986964,7.447117933979355,3.9200215072417457,23.692576933812887,7.90586969630064,6.739377434181913,23.543957715742316,32.97388186260676,83.86386635614505,202.9337514379267,0.2350978253406546,Stable
2026-04-06 16:00:00,44.359101318909346,6.733501146481024,3.2134642530620527,22.490472520492826,8.4422591248597,5.4931929420510395,17.299219729985886,34.926709839484,81.27133582954811,175.07800624380968,0.16427454331797858,Stable
2026-04-06 17:00:00,38.7295670062858,7.087361533456403,4.788313162380114,25.34844689530545,6.182328046676275,4.536556672527803,14.745960285105108,30.917350659322526,82.27207781910072,167.48203744254116,0.30726092310810127,Warning
2026-04-06 18:00:00,41.34295595190439,7.052205639058716,4.203484633279455,30.518433354757462,9.23232953179493,5.662000315121034,28.13222564987247,31.184708393255974,82.73897282718269,174.2934973000682,0.1775075988347014,Stable
2026-04-06 19:00:00,39.41704074281617,,2.6044806203261315,20.979862394359543,10.121559913659826,7.365790783388555,20.66854609899669,31.401062125000283,81.36787799876645,186.8399190922169,0.1819672437111476,Stable
2026-04-06 20:00:00,40.739235557049696,7.446964799557722,1.8844451021189368,30.44832406118468,7.706734830269044,5.445650609418352,33.606888373612676,31.153541320014334,81.12857069653727,182.4639842754733,0.1346999181586615,Stable
2026-04-06 21:00:00,37.66607640005748,6.727753491894525,2.8336740574064696,25.508256244606542,13.379400302055256,10.603777971915811,32.87327066287647,30.64578081723578,81.56089884178508,176.21549332890936,0.18164223075357688,Stable
2026-04-06 22:00:00,32.74401939153138,7.259543425637615,2.4840560478772216,36.63096068157139,11.084558990902297,7.8323951761938675,21.72084620226425,28.36919612466866,76.29688312011393,189.4127964908189,0.12156764688642216,Stable
2026-04-06 23:00:00,39.668698262759186,7.388826656998236,4.769303565157821,26.594154421854366,5.9144453221031155,4.687933065911372,34.52573848012182,31.13198028672214,84.83062592079486,187.5908643629214,0.2679002973637971,Stable
2026-04-07 00:00:00,41.515331408898604,7.047814422092101,3.3922640055398863,24.515407151853672,5.955474882984884,4.012044827120725,28.219085382244092,32.06468328260535,81.06203360440979,185.5019993629166,0.2377124713046797,Stable
2026-04-07 01:00:00,40.14674657930502,7.061514841989925,4.100064103137375,27.873573635579962,7.531952394592363,5.381520572634447,21.096087886756155,30.99605191568988,82.7251686964562,177.83345062871106,0.19951491193881565,Stable
2026-04-07 02:00:00,42.71985389358089,7.217165823315778,3.1862268155870606,23.31426881056395,12.646370813518544,9.049677630771825,12.381721170844765,33.87548057070601,74.73266122756951,181.66652736404387,0.1640566898547373,Stable
2026-04-07 03:00:00,,7.19654878180914,3.2652493837895156,16.02363438324087,11.281843421104725,8.543258897982843,27.09669811920147,31.532829986882465,77.87157736868782,187.56061579954056,0.18527006299402868,Stable
2026-04-07 04:00:00,39.41493881700433,7.263058730062794,3.3755297331183187,23.79739412864451,12.747424391116574,9.563890188668568,24.140831436965154,33.02843131989551,81.22791538358982,195.7197262661802,0.24978768840413285,Stable
2026-04-07 05:00:00,40.857447646511005,7.25715854739234,4.229904488944335,23.718531954653876,9.520418573125509,7.328079276221717,25.941127135846646,31.753991108423442,80.85921093032768,195.16610901534395,0.24217701098330469,Stable
2026-04-07 06:00:00,41.24464462413614,6.825047754427617,3.633718566755949,17.03841269725094,9.081021344075443,6.76241577338004,22.97023720572998,32.39174979173959,80.11108143764919,192.720799130493,0.2630007529207397,Stable
2026-04-07 07:00:00,38.571823276579245,7.377274619357384,2.606999617392501,24.634824051027536,7.0049810278787525,5.368423530114878,18.85264381230511,31.693621458266897,79.05826199167527,185.50777234024767,0.17089457120499196,Stable
2026-04-07 08:00:00,43.17710057691795,7.4266992854132665,4.616885603564813,14.664448876953013,10.199367849833592,6.941868083547428,22.07838001010472,32.95825219853384,78.27120391142448,186.01739711294934,0.3164465911485517,Warning
2026-04-07 09:00:00,37.573007039812815,7.1521032102332835,3.180388375760265,23.261565824222604,9.107663666165958,6.8433520883505885,27.179867786752677,31.338738068908015,76.37233007989775,185.18305450716275,0.20133322541483872,Stable
2026-04-07 10:00:00,38.65454337888979,6.681636514166093,3.0583599070925134,26.21797996022336,9.030655619036276,7.391152066135494,22.40531084681605,31.82159013647187,81.1867852515563,184.79338790099243,0.19749622326669447,Stable
2026-04-07 11:00:00,42.89207734215657,7.067871202319974,1.2778710233132238,25.48498088569116,12.736101682105677,8.120543498851363,22.378119641958268,31.61922691747324,77.41859241711893,181.83022031183833,0.11987149050404623,Stable
2026-04-07 12:00:00,40.522992319334584,7.154433645543358,3.8757996933710026,22.94465263556591,9.247308794270879,6.9992458357526335,17.162758103740593,30.78582844386676,78.30360259094515,178.9454332315878,0.17086966868387163,Stable
2026-04-07 13:00:00,38.852650428157155,6.779511933419691,3.4757594797464124,24.572347990259644,12.161962888095369,9.330936288157943,24.41040216800224,31.5686690399392,79.9968670791139,192.23615245426132,0.24167556553470632,Stable
2026-04-07 14:00:00,42.28842464632904,6.999161342198436,3.4749442424514263,21.079677812610846,6.323850677714773,5.124628840221089,18.996306263306117,33.71366322704194,85.48338949571021,186.35794282898948,0.24495902866579228,Stable
2026-04-07 15:00:00,38.96602247744621,6.705376571483608,3.0978814966668864,25.054082597112675,14.876224465725844,11.453689903355103,28.133367898641506,30.656437988398533,73.49789203038904,196.75568725282267,0.2680753895663233,Stable
2026-04-07 16:00:00,33.94037941686271,7.270041822996204,2.968586619900413,25.290432032958854,8.75345907648926,6.438321258029474,20.696545948964182,31.43160714681747,80.66031872764692,207.63130230335534,0.12118110131338793,Stable
2026-04-07 17:00:00,38.57080704893178,7.146467488172574,3.1228146798771776,20.498750110492452,10.914368046548052,8.225657416831414,22.669331592769094,32.38375494787855,75.6144889085992,201.72329562203217,0.20459420183975546,Stable
2026-04-07 18:00:00,40.08605376686729,6.639180713852011,3.7473706533454596,26.33849600254549,11.232545823893025,7.745659412696613,33.737926045849676,32.18774700108585,76.08700285786551,178.82848929325974,0.18055091106805174,Stable
2026-04-07 19:00:00,38.064170885804685,7.198410161242954,3.879338329775013,26.307263275402267,8.505286539249129,6.027371294360312,22.620415997847356,30.7773938389233,76.79969417584194,190.33145623647613,0.19129216177468242,Stable
2026-04-07 20:00:00,36.340248740354994,7.084177494730718,3.226726308719051,24.168950432094643,11.138060180118107,7.312541307861666,22.017413327401158,27.84604361069415,75.6660973455794,197.60921152662542,0.16866928491801025,Stable
2026-04-07 21:00:00,41.52679577870646,7.244595999171233,4.11170312073757,37.10523518143409,11.242006353162477,9.12611037642649,26.635298936545187,31.26783115281062,76.497021486198,198.47779550999041,0.21181312051359644,Stable
2026-04-07 22:00:00,35.28194388872431,6.9903709185484795,3.3407693642368916,24.29648806657846,8.073710997908464,6.093703233797312,15.966321889984561,27.92501545803216,75.77537088545392,188.94956741701657,0.17058526174126057,Stable
2026-04-07 23:00:00,38.17653313541964,6.875585767791953,3.0218301864072585,23.60382877313491,8.097399551636213,5.503104598292987,29.628641948003366,32.29184272766537,,184.71372324420085,0.1816065968352036,Stable
2026-04-08 00:00:00,39.31947809688891,6.884163504591814,3.5488116811805233,22.888034453961335,9.590613646969485,7.144284350699882,28.472730195550177,30.669774779866817,80.9647070293462,195.53980532566518,0.24052679433276036,Stable
2026-04-08 01:00:00,38.95022920409586,6.949312339366446,2.380460186129605,20.145303884618002,9.26901210462933,7.357409274037058,26.360032851936264,31.60347587123147,78.71119355809736,204.39959419170327,0.22219144397616208,Stable
2026-04-08 02:00:00,36.945658953606596,7.105271027042693,3.574538731809436,28.429486799217017,12.28626019169907,9.63984370541732,12.0,29.257785955250398,68.97063466220466,208.07785087529567,0.2166466745192686,Stable
2026-04-08 03:00:00,35.82922537977921,7.141428370318941,2.2433634208552213,21.56876515990275,10.905336369890158,7.404503939174523,22.832647356859006,28.41277281808537,76.46218171907209,211.0291271529982,0.1965610935198469,Stable
2026-04-08 04:00:00,43.00685442717419,7.046598434213731,2.6292047800121767,22.160259265011234,9.359152861073818,5.219027379995808,18.272101982976,30.52317882715222,75.15738160800748,189.58290553169493,0.17552327161232534,Stable
2026-04-08 05:00:00,33.62208142303592,6.981470526280974,1.8859814449625316,22.30879220230701,10.712155917415346,8.052822876107458,29.05848052781793,30.103489945031814,75.76379650124278,196.98366038729162,0.16129453766694374,Stable
2026-04-08 06:00:00,36.70990620216275,7.001607084958465,3.2686622854963745,20.075282420757443,5.406693844406617,3.683159714558029,28.736524892652053,29.48657400842804,86.22314690716469,202.19488269122536,0.21541290175801314,Stable
2026-04-08 07:00:00,38.102335801707135,7.802162939941941,4.60722527673182,16.244583337276385,8.269378052736517,6.319690356573974,25.74604450423848,30.10971385300392,73.64443924008965,182.9125843463133,0.24425450616669336,Stable
2026-04-08 08:00:00,39.69756434733552,6.884196957580501,3.3121925041889235,22.685300664204032,10.075642016637776,7.881820805999379,18.58599961286994,33.25984933190108,75.88345167114383,189.3171398145106,0.2031686457868978,Stable
2026-04-08 09:00:00,40.66994366062106,6.943767837607066,3.8826890345748453,29.366676563561455,11.730731003784902,9.281938808281094,30.724323947362187,30.87029199636449,78.34319302585233,187.4667681602174,0.1716113406767471,Stable
2026-04-08 10:00:00,40.68385999652615,8.022279150343081,5.164235422984292,25.984899027326218,9.899538669311587,8.176630153584647,22.819824874412305,31.057344639086875,76.34564603181677,150.53959297225296,0.3022345393541192,Warning
2026-04-08 11:00:00,38.6434172255902,7.217883724688955,3.703041886090072,32.80287635094063,12.416477999955312,9.908344856004344,32.124169801052545,30.73892646256728,73.63744655711488,164.6245323167704,0.15150072274932064,Stable
2026-04-08 12:00:00,38.88765730274493,6.713605413546965,2.8260909665589833,28.75478152494592,11.235879716050528,,25.19424180088192,31.429004813432314,81.84513570546828,178.8510261829769,0.15267103414431923,Stable
2026-04-08 13:00:00,37.12831227913508,7.335952417113633,2.929323547948122,27.619824051370223,8.523341151857311,6.868520138447406,26.280636085124915,29.352225947598374,80.422627331669,194.8043066920619,0.14372931586441978,Stable
2026-04-08 14:00:00,34.83092219072292,6.845189111023679,3.4004936561672547,34.41324511326358,9.219938708092462,7.474069245994179,21.928630269468613,27.040495498018547,81.11581731948748,191.6765647943161,0.14149448072291096,Stable
2026-04-08 15:00:00,37.04831411968472,7.354537222185427,2.9253290160543064,24.514272024983942,10.316843372477143,7.508106001345031,30.33130010001814,29.205060175936246,78.9198309222084,203.4857109347923,0.17398135829166497,Stable
2026-04-08 16:00:00,37.95388218733155,7.040930561776209,2.981434750139926,25.31537836752476,8.602728894287273,5.6699471769025,26.737952479321237,30.329880390365147,79.80151458470968,204.03548128806273,0.08628406219634158,Stable
2026-04-08 17:00:00,36.62067162258901,6.976857162142966,4.138940431944618,24.94267789169931,12.562580355833187,10.885788234283865,30.4930126163158,28.11577299340422,78.59748191909712,216.34155475419354,0.17294350328235875,Stable
2026-04-08 18:00:00,38.49737891082101,7.550566191271723,4.169617210579159,32.71893365591775,7.282547731415422,5.341475020488143,24.79893539346168,28.99095478116528,85.4808187797528,203.85048582474764,0.24841227942169808,Stable
2026-04-08 19:00:00,33.83435771304786,7.258592378744588,2.164830638463502,25.012576582295456,10.132212900848772,8.08123966096432,23.788326033348902,28.29487800824501,73.65899478762462,209.21993442973383,0.1789786908083298,Stable
2026-04-08 20:00:00,36.74788709782357,7.372437042485778,2.786372861574835,21.758613129614478,10.970893627210113,7.676716982834006,26.67808573304465,30.84921489628987,76.94081298232227,205.42637261002326,0.15958603540984753,Stable
2026-04-08 21:00:00,34.37026374280315,7.221777510265585,3.0519967098149556,27.93837768981426,8.873106021077795,6.947781626970996,30.491432290910435,29.867299801770198,79.01889710792612,210.4886216564538,0.20132329886272407,Stable
2026-04-08 22:00:00,39.40318337150779,6.975555533337932,3.849316709623939,20.91870094471486,8.422401334701503,5.015767543865891,28.575304382576274,29.670388570792586,78.50440557701788,204.56740552604205,0.20658120798079765,Stable
2026-04-08 23:00:00,38.05513681577492,7.271179237672298,4.257306691379242,27.667357563069626,9.347837407100002,6.612899612568738,24.622007132194227,29.554490229394,81.1048141665836,188.22485064253547,0.21494175557252604,Stable
2026-04-09 00:00:00,37.69389749215664,7.438580309951648,5.426475950705413,27.069204670709176,11.123997025570349,8.060307975724712,15.64251671567445,28.683362460291097,77.51822218072729,183.64400029267526,0.27692452422732333,Stable
2026-04-09 01:00:00,34.02511347342872,7.137726652184915,3.050745027788004,24.05298666096752,8.500304004944292,6.421499257736414,27.646737177170955,28.884109950155654,84.31337815616266,194.836780661201,0.2440427532601291,Stable
2026-04-09 02:00:00,38.71320995380064,7.604459929217022,3.0882034642434784,27.829057860434133,7.362157626181416,5.808457872768577,17.525828411457038,27.14331370804037,83.38850839705884,189.6578131278286,0.184672856388021,Stable
2026-04-09 03:00:00,32.64213190557606,7.338136416896534,3.8414275117282854,17.56105034845824,11.801169553986053,7.904684637014902,24.15752590268552,25.859833721866774,79.610586540486,195.81475624218507,0.23741484924556971,Stable
2026-04-09 04:00:00,36.917662346632646,7.159355113936051,2.8883374607838554,25.81481060662493,10.298592945871174,7.891793755906171,23.479052156832413,28.581250732410133,74.70349650416324,198.06021149664116,0.1859479947277122,Stable
2026-04-09 05:00:00,38.41588509252337,7.170416228684989,3.294278603882112,22.68617307666634,11.515714860979035,9.183398940792731,17.62004182620474,28.70711577116662,74.46907032897833,200.45449408924512,0.13054946391083583,Stable
2026-04-09 06:00:00,35.71226887292302,7.138426396110934,3.088721418412341,39.31131788642261,11.018663462534882,9.465308891028206,25.67626390443225,29.686228384515164,75.1721079002907,213.22681694152817,0.11284710309447024,Stable
2026-04-09 07:00:00,36.94448261342659,6.749653140033402,1.4337595585718657,25.77912534820104,13.85977861656393,10.65629229820581,33.69442983093275,30.037131330451917,77.4480183890622,201.66986982418942,0.19089340758878534,Stable
2026-04-09 08:00:00,38.30994630839947,7.0747797851735905,3.492424922613659,22.018039751082814,11.729944071213092,8.266410301511613,22.59327510969036,29.95160275919772,73.85211521345738,211.88533139776578,0.2073394184160497,Stable
2026-04-09 09:00:00,40.50068228794466,7.1619322158955265,3.263229280522907,18.10849131973459,8.051840876250358,5.314641273853646,27.446458480859086,26.78573613701525,77.60332325072274,210.11669016272637,0.2727820448261227,Stable
2026-04-09 10:00:00,36.078364372392144,6.983496166045372,4.353423287692674,31.52703098397133,10.440535934463165,8.67197310988266,34.60060427433949,27.476114886688094,74.75607552203545,202.73515754250022,0.2092225517551636,Stable
2026-04-09 11:00:00,39.603158521011665,7.194549565237314,3.404117805652266,23.24983640238111,8.385022557912908,6.4611110492327315,27.88175948553993,28.39043621975023,86.49754548928398,211.78564987986985,0.23319026891987013,Stable
2026-04-09 12:00:00,41.17862788827391,7.105966097299431,2.4589393912643707,21.043239664622902,8.591747672324333,6.261591301315507,21.09820511554022,30.767281597889998,79.05267255351036,212.95267252285288,0.20831753991576704,Stable
2026-04-09 13:00:00,38.155880004708635,7.316633729507655,3.2064258452653576,26.6814960700453,6.674999198769402,4.278073695217118,25.066566582552365,29.4198599317196,82.64972084262826,201.08348173409092,0.18620707195133496,Stable
2026-04-09 14:00:00,34.923180086745184,7.285671466698404,1.8316878676475288,28.24859415702827,8.927773636266922,6.060037780471015,26.163510823991917,28.901571630006544,76.22068306874507,198.5750120370496,0.17595042439742004,Stable
2026-04-09 15:00:00,37.12684542406332,7.146802920523755,2.491811623600268,28.169764666047644,10.590068577069399,8.09846494463228,30.452159099732828,27.00733820242685,79.80807742273055,204.90649717961492,0.15217614459659734,Stable
2026-04-09 16:00:00,31.33087215548506,6.71718039043544,3.876629476114748,25.098752115296808,9.367956589732518,7.020916393056125,29.463226532871385,26.327092838781155,74.19787684716127,192.34202599673753,0.16343950240569083,Stable
2026-04-09 17:00:00,39.44950609424304,7.601402366830728,3.2144946700347523,25.7959506844336,7.301263193502617,4.548334787696022,12.0,28.247755846888857,78.25122994349627,163.58691752076953,0.20165602346374403,Stable
2026-04-09 18:00:00,34.294328264377924,7.0602705204000795,4.091881179623549,26.160185378403515,6.45396133506337,4.935948908481872,20.147079515117206,25.894317647941413,79.71760391625664,170.72175885749198,0.24328303266805257,Stable
2026-04-09 19:00:00,29.54252148536296,7.077351792965363,1.924830811841464,26.681981328144367,13.723691870961133,8.834434446401078,23.684879748238792,26.842968579959315,74.82348697530955,185.39779835585585,0.21143410503496268,Stable
2026-04-09 20:00:00,34.22428925557745,7.004094162364171,3.218153952007185,27.12442597950741,10.150321506083,8.16563420470616,19.43120821858037,26.905301445641133,75.86697270869901,195.9984469663682,0.1805598660411595,Stable
2026-04-09 21:00:00,38.17635516434983,6.963244736301649,3.043365626209161,30.47226375652773,7.851861660800227,5.82192438296481,12.0,28.868459522503947,83.95813359193895,172.65290694987752,0.19339395066338821,Stable
2026-04-09 22:00:00,33.971223289233194,7.532336253440146,4.116886436959905,25.28207431012925,10.423566919405753,7.343526104605253,20.734716805121952,26.445271035312725,78.8344910916603,183.1078915298721,0.20905493371811712,Stable
2026-04-09 23:00:00,33.287800890677374,7.488092409708102,3.9045720761249667,20.915983670848192,13.878372155612173,10.887006846128854,23.983752266305522,23.85778926869023,72.39761927917712,185.52117437941916,0.28813069385235796,Stable
2026-04-10 00:00:00,33.604218854941415,7.224430153001747,3.881689112566223,24.278541484479828,10.74092471929179,8.049705053586573,21.636218927348523,27.304267190366005,79.75311797337946,190.19994353448695,0.18931999183523002,Stable
2026-04-10 01:00:00,31.162276634532788,7.0698999567593965,4.556057528563076,28.768904093674983,4.0,3.211484073871104,19.513755352156466,25.774241380108002,83.01678857181736,174.0208514566136,0.25042111438678305,Stable
2026-04-10 02:00:00,34.4355826741441,7.273353035803851,3.123934668035075,16.067360208075772,14.804583375973886,10.872873300509653,24.18659081153173,26.57847348023931,71.71932503092583,188.67251390058124,0.21376734276561024,Stable
2026-04-10 03:00:00,34.40079065796081,7.120663154895424,4.4013106264755395,16.096239023140193,5.801507039419245,4.279395023003624,25.543896788634587,26.33765932338098,84.43803207931899,187.60289682685251,0.23942066292690878,Stable
2026-04-10 04:00:00,33.33104561563115,7.046737582869532,2.6168453868401977,29.59138060696162,9.087976109246336,6.491643358336716,21.891312987155377,26.02781431775579,72.77996245103317,195.08733215957753,0.18439976034758024,Stable
2026-04-10 05:00:00,37.67399500682666,7.194669658021772,2.5893416876757294,32.60061408425664,7.233191399934299,5.384844764106119,30.172847201131525,27.219412713542276,82.60385126688747,196.93532135823892,0.1379047211716953,Stable
2026-04-10 06:00:00,30.646112331006044,6.976475830855275,3.964559928623754,18.67399982490263,8.019995780053573,6.603562658424752,24.259714871457643,24.346527081284158,78.19726723441228,198.1813081242064,0.2529477637441808,Stable
2026-04-10 07:00:00,34.107081216091665,7.170633993920961,2.2714444461933985,25.502296354164475,10.068819369965276,7.071814851302718,20.07818848664304,25.480750001426966,76.1446623709038,191.76640871319077,0.1644250234039037,Stable
2026-04-10 08:00:00,34.97342098910022,7.157181859174058,3.829574221314218,23.002274435414925,5.357952982402781,4.102249904519093,18.939582049425745,26.83748104677297,87.53738935490402,189.32165612396162,0.20346047494583122,Stable
2026-04-10 09:00:00,30.082061788115624,7.268822085952219,3.4759848952909946,23.695849438791882,9.319508829020823,6.351949849193847,23.04163588533602,25.195493692387792,77.35245924155466,197.79058779070306,0.30209743059853206,Warning
2026-04-10 10:00:00,29.27984323038595,6.926641651906829,4.203889546491155,26.52765504378208,11.794684845482722,7.269414967859394,29.010392940918546,23.917903597722972,,195.15649655047844,0.2335618118201062,Stable
2026-04-10 11:00:00,34.59097754200069,7.298838178805431,3.355417026283833,18.535648854946256,7.813519350824898,5.793023184633054,20.2934008088559,26.567155509503422,80.88459247208766,193.66904955362793,0.12311309892003872,Stable
2026-04-10 12:00:00,38.991786090263744,6.846232781973858,3.4420367097216453,19.463912497537994,6.719429880115689,5.042074042346406,26.681457677985154,27.029386092889816,82.23804768325824,180.63835980930511,0.18075255989281583,Stable
2026-04-10 13:00:00,34.703391998629954,6.939681337546053,3.7819487446936795,23.493744135393875,9.221389795688516,6.675799139935445,24.425506095064407,25.544852374832335,78.15225455974378,180.95229045810237,0.2260070405763427,Stable
2026-04-10 14:00:00,27.712151535179853,6.951900983439192,2.903012837455166,24.2731220105292,8.823317019897248,5.7150461935481065,32.96954836277104,23.16342118546912,78.41989422424551,159.682971201498,0.20553504238389714,Stable
2026-04-10 15:00:00,28.0606523611208,6.79982550373537,,19.370224471579142,8.309544659331062,6.205040786640609,25.756131586472563,26.281628491359474,83.51042631607366,157.4227246194509,0.2604467653700482,Stable
2026-04-10 16:00:00,32.8271993171825,7.3843854393479855,3.7558220798825643,28.948238373945923,7.123307847764773,5.304351598870059,20.857981922583633,23.361092131173738,83.2028423267058,166.11097376316567,0.24022087018609434,Stable
2026-04-10 17:00:00,33.45007060300774,6.828665306666856,3.3780341431520218,22.912195134444833,10.538369162372245,7.177863076816654,27.31366287944109,25.642497568864133,76.21242844112513,177.3432686535855,0.1917956278607163,Stable
2026-04-10 18:00:00,34.40900669568133,6.904303425526131,3.0945145620217898,22.890911969665773,10.690527022883462,7.008260124600674,27.465098959031867,24.126474756660592,74.69478262539297,191.34229278684353,0.12717012639422734,Stable
2026-04-10 19:00:00,29.958217189636937,7.451514158936259,3.337911925226749,26.413293951149505,7.368706531087025,5.276868276274531,22.213450444668833,23.71965303105982,79.1701091354613,183.29042891886928,0.16718014079960256,Stable
2026-04-10 20:00:00,33.20218159193908,6.940236843480977,4.595919630878747,24.355458619662503,7.64549271079248,5.855767797708156,18.762019330514956,24.50175659622203,82.80824546433448,181.79764840411715,0.2624578573330588,Stable
2026-04-10 21:00:00,34.425610064264916,7.047320048161333,3.0677361949450805,29.187384064529066,9.77298398801145,7.358236112476637,26.41215836051957,24.73326313820919,81.17374544865457,185.65263979630134,0.10835374231159209,Stable
2026-04-10 22:00:00,31.207021123275524,6.81663187974337,3.0459852900384883,20.332887310996668,7.5700566838246655,5.15940214903724,24.28581829544251,24.10194839968849,81.81730232121517,168.80400214527702,0.1826870194515911,Stable
2026-04-10 23:00:00,32.65167887164359,7.333226338134351,2.1194168315031288,18.01306701468263,9.857323965393578,7.2700808154501155,17.17552458718101,25.503850012105723,74.10074870658538,173.80424779750007,0.23394367162335758,Stable
